Sample	Antimicrobial	Class	WGS_phenotype	Match	Genetic_background
0043m-CMPN001x78_260114_LH00793_B23GCKKLT3	gentamicin	aminoglycoside	No resistance	0	
0043m-CMPN001x78_260114_LH00793_B23GCKKLT3	tobramycin	aminoglycoside	No resistance	0	
0043m-CMPN001x78_260114_LH00793_B23GCKKLT3	streptomycin	aminoglycoside	No resistance	0	
0043m-CMPN001x78_260114_LH00793_B23GCKKLT3	amikacin	aminoglycoside	No resistance	0	
0043m-CMPN001x78_260114_LH00793_B23GCKKLT3	isepamicin	aminoglycoside	No resistance	0	
0043m-CMPN001x78_260114_LH00793_B23GCKKLT3	dibekacin	aminoglycoside	No resistance	0	
0043m-CMPN001x78_260114_LH00793_B23GCKKLT3	kanamycin	aminoglycoside	No resistance	0	
0043m-CMPN001x78_260114_LH00793_B23GCKKLT3	neomycin	aminoglycoside	No resistance	0	
0043m-CMPN001x78_260114_LH00793_B23GCKKLT3	lividomycin	aminoglycoside	No resistance	0	
0043m-CMPN001x78_260114_LH00793_B23GCKKLT3	paromomycin	aminoglycoside	No resistance	0	
0043m-CMPN001x78_260114_LH00793_B23GCKKLT3	ribostamycin	aminoglycoside	No resistance	0	
0043m-CMPN001x78_260114_LH00793_B23GCKKLT3	unknown aminoglycoside	aminoglycoside	No resistance	0	
0043m-CMPN001x78_260114_LH00793_B23GCKKLT3	butiromycin	aminoglycoside	No resistance	0	
0043m-CMPN001x78_260114_LH00793_B23GCKKLT3	butirosin	aminoglycoside	No resistance	0	
0043m-CMPN001x78_260114_LH00793_B23GCKKLT3	hygromycin	aminoglycoside	No resistance	0	
0043m-CMPN001x78_260114_LH00793_B23GCKKLT3	netilmicin	aminoglycoside	No resistance	0	
0043m-CMPN001x78_260114_LH00793_B23GCKKLT3	apramycin	aminoglycoside	No resistance	0	
0043m-CMPN001x78_260114_LH00793_B23GCKKLT3	sisomicin	aminoglycoside	No resistance	0	
0043m-CMPN001x78_260114_LH00793_B23GCKKLT3	arbekacin	aminoglycoside	No resistance	0	
0043m-CMPN001x78_260114_LH00793_B23GCKKLT3	kasugamycin	aminoglycoside	No resistance	0	
0043m-CMPN001x78_260114_LH00793_B23GCKKLT3	astromicin	aminoglycoside	No resistance	0	
0043m-CMPN001x78_260114_LH00793_B23GCKKLT3	fortimicin	aminoglycoside	No resistance	0	
0043m-CMPN001x78_260114_LH00793_B23GCKKLT3	spectinomycin	aminocyclitol	No resistance	0	
0043m-CMPN001x78_260114_LH00793_B23GCKKLT3	fluoroquinolone	quinolone	No resistance	0	
0043m-CMPN001x78_260114_LH00793_B23GCKKLT3	ciprofloxacin	quinolone	No resistance	0	
0043m-CMPN001x78_260114_LH00793_B23GCKKLT3	unknown quinolone	quinolone	No resistance	0	
0043m-CMPN001x78_260114_LH00793_B23GCKKLT3	nalidixic acid	quinolone	No resistance	0	
0043m-CMPN001x78_260114_LH00793_B23GCKKLT3	amoxicillin	beta-lactam	No resistance	0	
0043m-CMPN001x78_260114_LH00793_B23GCKKLT3	amoxicillin+clavulanic acid	beta-lactam	No resistance	0	
0043m-CMPN001x78_260114_LH00793_B23GCKKLT3	ampicillin	beta-lactam	No resistance	0	
0043m-CMPN001x78_260114_LH00793_B23GCKKLT3	ampicillin+clavulanic acid	beta-lactam	No resistance	0	
0043m-CMPN001x78_260114_LH00793_B23GCKKLT3	cefepime	beta-lactam	No resistance	0	
0043m-CMPN001x78_260114_LH00793_B23GCKKLT3	cefixime	beta-lactam	No resistance	0	
0043m-CMPN001x78_260114_LH00793_B23GCKKLT3	cefotaxime	beta-lactam	No resistance	0	
0043m-CMPN001x78_260114_LH00793_B23GCKKLT3	cefoxitin	beta-lactam	No resistance	0	
0043m-CMPN001x78_260114_LH00793_B23GCKKLT3	ceftazidime	beta-lactam	No resistance	0	
0043m-CMPN001x78_260114_LH00793_B23GCKKLT3	ertapenem	beta-lactam	No resistance	0	
0043m-CMPN001x78_260114_LH00793_B23GCKKLT3	imipenem	beta-lactam	No resistance	0	
0043m-CMPN001x78_260114_LH00793_B23GCKKLT3	meropenem	beta-lactam	No resistance	0	
0043m-CMPN001x78_260114_LH00793_B23GCKKLT3	piperacillin	beta-lactam	No resistance	0	
0043m-CMPN001x78_260114_LH00793_B23GCKKLT3	piperacillin+tazobactam	beta-lactam	No resistance	0	
0043m-CMPN001x78_260114_LH00793_B23GCKKLT3	unknown beta-lactam	beta-lactam	No resistance	0	
0043m-CMPN001x78_260114_LH00793_B23GCKKLT3	aztreonam	beta-lactam	No resistance	0	
0043m-CMPN001x78_260114_LH00793_B23GCKKLT3	cefotaxime+clavulanic acid	beta-lactam	No resistance	0	
0043m-CMPN001x78_260114_LH00793_B23GCKKLT3	temocillin	beta-lactam	No resistance	0	
0043m-CMPN001x78_260114_LH00793_B23GCKKLT3	ticarcillin	beta-lactam	No resistance	0	
0043m-CMPN001x78_260114_LH00793_B23GCKKLT3	ceftazidime+avibactam	beta-lactam	No resistance	0	
0043m-CMPN001x78_260114_LH00793_B23GCKKLT3	penicillin	beta-lactam	No resistance	0	
0043m-CMPN001x78_260114_LH00793_B23GCKKLT3	ceftriaxone	beta-lactam	No resistance	0	
0043m-CMPN001x78_260114_LH00793_B23GCKKLT3	ticarcillin+clavulanic acid	beta-lactam	No resistance	0	
0043m-CMPN001x78_260114_LH00793_B23GCKKLT3	cephalothin	beta-lactam	No resistance	0	
0043m-CMPN001x78_260114_LH00793_B23GCKKLT3	piperacillin+clavulanic acid	beta-lactam	No resistance	0	
0043m-CMPN001x78_260114_LH00793_B23GCKKLT3	ceftiofur	under_development	No resistance	0	
0043m-CMPN001x78_260114_LH00793_B23GCKKLT3	sulfamethoxazole	folate pathway antagonist	No resistance	0	
0043m-CMPN001x78_260114_LH00793_B23GCKKLT3	trimethoprim	folate pathway antagonist	No resistance	0	
0043m-CMPN001x78_260114_LH00793_B23GCKKLT3	fosfomycin	fosfomycin	No resistance	0	
0043m-CMPN001x78_260114_LH00793_B23GCKKLT3	vancomycin	glycopeptide	No resistance	0	
0043m-CMPN001x78_260114_LH00793_B23GCKKLT3	teicoplanin	glycopeptide	No resistance	0	
0043m-CMPN001x78_260114_LH00793_B23GCKKLT3	bleomycin	glycopeptide	No resistance	0	
0043m-CMPN001x78_260114_LH00793_B23GCKKLT3	lincomycin	lincosamide	No resistance	0	
0043m-CMPN001x78_260114_LH00793_B23GCKKLT3	clindamycin	lincosamide	No resistance	0	
0043m-CMPN001x78_260114_LH00793_B23GCKKLT3	dalfopristin	streptogramin a	No resistance	0	
0043m-CMPN001x78_260114_LH00793_B23GCKKLT3	pristinamycin iia	streptogramin a	No resistance	0	
0043m-CMPN001x78_260114_LH00793_B23GCKKLT3	virginiamycin m	streptogramin a	No resistance	0	
0043m-CMPN001x78_260114_LH00793_B23GCKKLT3	quinupristin+dalfopristin	streptogramin a	No resistance	0	
0043m-CMPN001x78_260114_LH00793_B23GCKKLT3	tiamulin	pleuromutilin	No resistance	0	
0043m-CMPN001x78_260114_LH00793_B23GCKKLT3	carbomycin	macrolide	No resistance	0	
0043m-CMPN001x78_260114_LH00793_B23GCKKLT3	erythromycin	macrolide	Resistant	3	msr(D) (msr(D)_AF274302), mef(A) (mef(A)_U83667)
0043m-CMPN001x78_260114_LH00793_B23GCKKLT3	azithromycin	macrolide	Resistant	3	msr(D) (msr(D)_AF274302), mef(A) (mef(A)_U83667)
0043m-CMPN001x78_260114_LH00793_B23GCKKLT3	oleandomycin	macrolide	No resistance	0	
0043m-CMPN001x78_260114_LH00793_B23GCKKLT3	spiramycin	macrolide	No resistance	0	
0043m-CMPN001x78_260114_LH00793_B23GCKKLT3	tylosin	macrolide	No resistance	0	
0043m-CMPN001x78_260114_LH00793_B23GCKKLT3	telithromycin	macrolide	Resistant	3	msr(D) (msr(D)_AF274302)
0043m-CMPN001x78_260114_LH00793_B23GCKKLT3	tetracycline	tetracycline	No resistance	0	
0043m-CMPN001x78_260114_LH00793_B23GCKKLT3	doxycycline	tetracycline	No resistance	0	
0043m-CMPN001x78_260114_LH00793_B23GCKKLT3	minocycline	tetracycline	No resistance	0	
0043m-CMPN001x78_260114_LH00793_B23GCKKLT3	tigecycline	tetracycline	No resistance	0	
0043m-CMPN001x78_260114_LH00793_B23GCKKLT3	quinupristin	streptogramin b	Resistant	3	msr(D) (msr(D)_AF274302)
0043m-CMPN001x78_260114_LH00793_B23GCKKLT3	pristinamycin ia	streptogramin b	Resistant	3	msr(D) (msr(D)_AF274302)
0043m-CMPN001x78_260114_LH00793_B23GCKKLT3	virginiamycin s	streptogramin b	Resistant	3	msr(D) (msr(D)_AF274302)
0043m-CMPN001x78_260114_LH00793_B23GCKKLT3	linezolid	oxazolidinone	No resistance	0	
0043m-CMPN001x78_260114_LH00793_B23GCKKLT3	chloramphenicol	amphenicol	No resistance	0	
0043m-CMPN001x78_260114_LH00793_B23GCKKLT3	florfenicol	amphenicol	No resistance	0	
0043m-CMPN001x78_260114_LH00793_B23GCKKLT3	colistin	polymyxin	No resistance	0	
0043m-CMPN001x78_260114_LH00793_B23GCKKLT3	fusidic acid	steroid antibacterial	No resistance	0	
0043m-CMPN001x78_260114_LH00793_B23GCKKLT3	mupirocin	pseudomonic acid	No resistance	0	
0043m-CMPN001x78_260114_LH00793_B23GCKKLT3	rifampicin	rifamycin	No resistance	0	
0043m-CMPN001x78_260114_LH00793_B23GCKKLT3	metronidazole	nitroimidazole	No resistance	0	
0043m-CMPN001x78_260114_LH00793_B23GCKKLT3	narasin	ionophores	No resistance	0	
0043m-CMPN001x78_260114_LH00793_B23GCKKLT3	salinomycin	ionophores	No resistance	0	
0043m-CMPN001x78_260114_LH00793_B23GCKKLT3	maduramicin	ionophores	No resistance	0	
0048m-CMPN001x79_260114_LH00793_B23GCKKLT3	gentamicin	aminoglycoside	No resistance	0	
0048m-CMPN001x79_260114_LH00793_B23GCKKLT3	tobramycin	aminoglycoside	No resistance	0	
0048m-CMPN001x79_260114_LH00793_B23GCKKLT3	streptomycin	aminoglycoside	No resistance	0	
0048m-CMPN001x79_260114_LH00793_B23GCKKLT3	amikacin	aminoglycoside	No resistance	0	
0048m-CMPN001x79_260114_LH00793_B23GCKKLT3	isepamicin	aminoglycoside	No resistance	0	
0048m-CMPN001x79_260114_LH00793_B23GCKKLT3	dibekacin	aminoglycoside	No resistance	0	
0048m-CMPN001x79_260114_LH00793_B23GCKKLT3	kanamycin	aminoglycoside	No resistance	0	
0048m-CMPN001x79_260114_LH00793_B23GCKKLT3	neomycin	aminoglycoside	No resistance	0	
0048m-CMPN001x79_260114_LH00793_B23GCKKLT3	lividomycin	aminoglycoside	No resistance	0	
0048m-CMPN001x79_260114_LH00793_B23GCKKLT3	paromomycin	aminoglycoside	No resistance	0	
0048m-CMPN001x79_260114_LH00793_B23GCKKLT3	ribostamycin	aminoglycoside	No resistance	0	
0048m-CMPN001x79_260114_LH00793_B23GCKKLT3	unknown aminoglycoside	aminoglycoside	No resistance	0	
0048m-CMPN001x79_260114_LH00793_B23GCKKLT3	butiromycin	aminoglycoside	No resistance	0	
0048m-CMPN001x79_260114_LH00793_B23GCKKLT3	butirosin	aminoglycoside	No resistance	0	
0048m-CMPN001x79_260114_LH00793_B23GCKKLT3	hygromycin	aminoglycoside	No resistance	0	
0048m-CMPN001x79_260114_LH00793_B23GCKKLT3	netilmicin	aminoglycoside	No resistance	0	
0048m-CMPN001x79_260114_LH00793_B23GCKKLT3	apramycin	aminoglycoside	No resistance	0	
0048m-CMPN001x79_260114_LH00793_B23GCKKLT3	sisomicin	aminoglycoside	No resistance	0	
0048m-CMPN001x79_260114_LH00793_B23GCKKLT3	arbekacin	aminoglycoside	No resistance	0	
0048m-CMPN001x79_260114_LH00793_B23GCKKLT3	kasugamycin	aminoglycoside	No resistance	0	
0048m-CMPN001x79_260114_LH00793_B23GCKKLT3	astromicin	aminoglycoside	No resistance	0	
0048m-CMPN001x79_260114_LH00793_B23GCKKLT3	fortimicin	aminoglycoside	No resistance	0	
0048m-CMPN001x79_260114_LH00793_B23GCKKLT3	spectinomycin	aminocyclitol	No resistance	0	
0048m-CMPN001x79_260114_LH00793_B23GCKKLT3	fluoroquinolone	quinolone	No resistance	0	
0048m-CMPN001x79_260114_LH00793_B23GCKKLT3	ciprofloxacin	quinolone	No resistance	0	
0048m-CMPN001x79_260114_LH00793_B23GCKKLT3	unknown quinolone	quinolone	No resistance	0	
0048m-CMPN001x79_260114_LH00793_B23GCKKLT3	nalidixic acid	quinolone	No resistance	0	
0048m-CMPN001x79_260114_LH00793_B23GCKKLT3	amoxicillin	beta-lactam	No resistance	0	
0048m-CMPN001x79_260114_LH00793_B23GCKKLT3	amoxicillin+clavulanic acid	beta-lactam	No resistance	0	
0048m-CMPN001x79_260114_LH00793_B23GCKKLT3	ampicillin	beta-lactam	No resistance	0	
0048m-CMPN001x79_260114_LH00793_B23GCKKLT3	ampicillin+clavulanic acid	beta-lactam	No resistance	0	
0048m-CMPN001x79_260114_LH00793_B23GCKKLT3	cefepime	beta-lactam	No resistance	0	
0048m-CMPN001x79_260114_LH00793_B23GCKKLT3	cefixime	beta-lactam	No resistance	0	
0048m-CMPN001x79_260114_LH00793_B23GCKKLT3	cefotaxime	beta-lactam	No resistance	0	
0048m-CMPN001x79_260114_LH00793_B23GCKKLT3	cefoxitin	beta-lactam	No resistance	0	
0048m-CMPN001x79_260114_LH00793_B23GCKKLT3	ceftazidime	beta-lactam	No resistance	0	
0048m-CMPN001x79_260114_LH00793_B23GCKKLT3	ertapenem	beta-lactam	No resistance	0	
0048m-CMPN001x79_260114_LH00793_B23GCKKLT3	imipenem	beta-lactam	No resistance	0	
0048m-CMPN001x79_260114_LH00793_B23GCKKLT3	meropenem	beta-lactam	No resistance	0	
0048m-CMPN001x79_260114_LH00793_B23GCKKLT3	piperacillin	beta-lactam	No resistance	0	
0048m-CMPN001x79_260114_LH00793_B23GCKKLT3	piperacillin+tazobactam	beta-lactam	No resistance	0	
0048m-CMPN001x79_260114_LH00793_B23GCKKLT3	unknown beta-lactam	beta-lactam	No resistance	0	
0048m-CMPN001x79_260114_LH00793_B23GCKKLT3	aztreonam	beta-lactam	No resistance	0	
0048m-CMPN001x79_260114_LH00793_B23GCKKLT3	cefotaxime+clavulanic acid	beta-lactam	No resistance	0	
0048m-CMPN001x79_260114_LH00793_B23GCKKLT3	temocillin	beta-lactam	No resistance	0	
0048m-CMPN001x79_260114_LH00793_B23GCKKLT3	ticarcillin	beta-lactam	No resistance	0	
0048m-CMPN001x79_260114_LH00793_B23GCKKLT3	ceftazidime+avibactam	beta-lactam	No resistance	0	
0048m-CMPN001x79_260114_LH00793_B23GCKKLT3	penicillin	beta-lactam	No resistance	0	
0048m-CMPN001x79_260114_LH00793_B23GCKKLT3	ceftriaxone	beta-lactam	No resistance	0	
0048m-CMPN001x79_260114_LH00793_B23GCKKLT3	ticarcillin+clavulanic acid	beta-lactam	No resistance	0	
0048m-CMPN001x79_260114_LH00793_B23GCKKLT3	cephalothin	beta-lactam	No resistance	0	
0048m-CMPN001x79_260114_LH00793_B23GCKKLT3	piperacillin+clavulanic acid	beta-lactam	No resistance	0	
0048m-CMPN001x79_260114_LH00793_B23GCKKLT3	ceftiofur	under_development	No resistance	0	
0048m-CMPN001x79_260114_LH00793_B23GCKKLT3	sulfamethoxazole	folate pathway antagonist	No resistance	0	
0048m-CMPN001x79_260114_LH00793_B23GCKKLT3	trimethoprim	folate pathway antagonist	No resistance	0	
0048m-CMPN001x79_260114_LH00793_B23GCKKLT3	fosfomycin	fosfomycin	No resistance	0	
0048m-CMPN001x79_260114_LH00793_B23GCKKLT3	vancomycin	glycopeptide	No resistance	0	
0048m-CMPN001x79_260114_LH00793_B23GCKKLT3	teicoplanin	glycopeptide	No resistance	0	
0048m-CMPN001x79_260114_LH00793_B23GCKKLT3	bleomycin	glycopeptide	No resistance	0	
0048m-CMPN001x79_260114_LH00793_B23GCKKLT3	lincomycin	lincosamide	No resistance	0	
0048m-CMPN001x79_260114_LH00793_B23GCKKLT3	clindamycin	lincosamide	No resistance	0	
0048m-CMPN001x79_260114_LH00793_B23GCKKLT3	dalfopristin	streptogramin a	No resistance	0	
0048m-CMPN001x79_260114_LH00793_B23GCKKLT3	pristinamycin iia	streptogramin a	No resistance	0	
0048m-CMPN001x79_260114_LH00793_B23GCKKLT3	virginiamycin m	streptogramin a	No resistance	0	
0048m-CMPN001x79_260114_LH00793_B23GCKKLT3	quinupristin+dalfopristin	streptogramin a	No resistance	0	
0048m-CMPN001x79_260114_LH00793_B23GCKKLT3	tiamulin	pleuromutilin	No resistance	0	
0048m-CMPN001x79_260114_LH00793_B23GCKKLT3	carbomycin	macrolide	No resistance	0	
0048m-CMPN001x79_260114_LH00793_B23GCKKLT3	erythromycin	macrolide	Resistant	2	msr(D) (msr(D)_AF227520), mef(A) (mef(A)_AF227520)
0048m-CMPN001x79_260114_LH00793_B23GCKKLT3	azithromycin	macrolide	Resistant	2	msr(D) (msr(D)_AF227520), mef(A) (mef(A)_AF227520)
0048m-CMPN001x79_260114_LH00793_B23GCKKLT3	oleandomycin	macrolide	No resistance	0	
0048m-CMPN001x79_260114_LH00793_B23GCKKLT3	spiramycin	macrolide	No resistance	0	
0048m-CMPN001x79_260114_LH00793_B23GCKKLT3	tylosin	macrolide	No resistance	0	
0048m-CMPN001x79_260114_LH00793_B23GCKKLT3	telithromycin	macrolide	Resistant	2	msr(D) (msr(D)_AF227520)
0048m-CMPN001x79_260114_LH00793_B23GCKKLT3	tetracycline	tetracycline	No resistance	0	
0048m-CMPN001x79_260114_LH00793_B23GCKKLT3	doxycycline	tetracycline	No resistance	0	
0048m-CMPN001x79_260114_LH00793_B23GCKKLT3	minocycline	tetracycline	No resistance	0	
0048m-CMPN001x79_260114_LH00793_B23GCKKLT3	tigecycline	tetracycline	No resistance	0	
0048m-CMPN001x79_260114_LH00793_B23GCKKLT3	quinupristin	streptogramin b	Resistant	2	msr(D) (msr(D)_AF227520)
0048m-CMPN001x79_260114_LH00793_B23GCKKLT3	pristinamycin ia	streptogramin b	Resistant	2	msr(D) (msr(D)_AF227520)
0048m-CMPN001x79_260114_LH00793_B23GCKKLT3	virginiamycin s	streptogramin b	Resistant	2	msr(D) (msr(D)_AF227520)
0048m-CMPN001x79_260114_LH00793_B23GCKKLT3	linezolid	oxazolidinone	No resistance	0	
0048m-CMPN001x79_260114_LH00793_B23GCKKLT3	chloramphenicol	amphenicol	No resistance	0	
0048m-CMPN001x79_260114_LH00793_B23GCKKLT3	florfenicol	amphenicol	No resistance	0	
0048m-CMPN001x79_260114_LH00793_B23GCKKLT3	colistin	polymyxin	No resistance	0	
0048m-CMPN001x79_260114_LH00793_B23GCKKLT3	fusidic acid	steroid antibacterial	No resistance	0	
0048m-CMPN001x79_260114_LH00793_B23GCKKLT3	mupirocin	pseudomonic acid	No resistance	0	
0048m-CMPN001x79_260114_LH00793_B23GCKKLT3	rifampicin	rifamycin	No resistance	0	
0048m-CMPN001x79_260114_LH00793_B23GCKKLT3	metronidazole	nitroimidazole	No resistance	0	
0048m-CMPN001x79_260114_LH00793_B23GCKKLT3	narasin	ionophores	No resistance	0	
0048m-CMPN001x79_260114_LH00793_B23GCKKLT3	salinomycin	ionophores	No resistance	0	
0048m-CMPN001x79_260114_LH00793_B23GCKKLT3	maduramicin	ionophores	No resistance	0	
0052a-CMPN001x80_260114_LH00793_B23GCKKLT3	gentamicin	aminoglycoside	No resistance	0	
0052a-CMPN001x80_260114_LH00793_B23GCKKLT3	tobramycin	aminoglycoside	No resistance	0	
0052a-CMPN001x80_260114_LH00793_B23GCKKLT3	streptomycin	aminoglycoside	No resistance	0	
0052a-CMPN001x80_260114_LH00793_B23GCKKLT3	amikacin	aminoglycoside	No resistance	0	
0052a-CMPN001x80_260114_LH00793_B23GCKKLT3	isepamicin	aminoglycoside	No resistance	0	
0052a-CMPN001x80_260114_LH00793_B23GCKKLT3	dibekacin	aminoglycoside	No resistance	0	
0052a-CMPN001x80_260114_LH00793_B23GCKKLT3	kanamycin	aminoglycoside	No resistance	0	
0052a-CMPN001x80_260114_LH00793_B23GCKKLT3	neomycin	aminoglycoside	No resistance	0	
0052a-CMPN001x80_260114_LH00793_B23GCKKLT3	lividomycin	aminoglycoside	No resistance	0	
0052a-CMPN001x80_260114_LH00793_B23GCKKLT3	paromomycin	aminoglycoside	No resistance	0	
0052a-CMPN001x80_260114_LH00793_B23GCKKLT3	ribostamycin	aminoglycoside	No resistance	0	
0052a-CMPN001x80_260114_LH00793_B23GCKKLT3	unknown aminoglycoside	aminoglycoside	No resistance	0	
0052a-CMPN001x80_260114_LH00793_B23GCKKLT3	butiromycin	aminoglycoside	No resistance	0	
0052a-CMPN001x80_260114_LH00793_B23GCKKLT3	butirosin	aminoglycoside	No resistance	0	
0052a-CMPN001x80_260114_LH00793_B23GCKKLT3	hygromycin	aminoglycoside	No resistance	0	
0052a-CMPN001x80_260114_LH00793_B23GCKKLT3	netilmicin	aminoglycoside	No resistance	0	
0052a-CMPN001x80_260114_LH00793_B23GCKKLT3	apramycin	aminoglycoside	No resistance	0	
0052a-CMPN001x80_260114_LH00793_B23GCKKLT3	sisomicin	aminoglycoside	No resistance	0	
0052a-CMPN001x80_260114_LH00793_B23GCKKLT3	arbekacin	aminoglycoside	No resistance	0	
0052a-CMPN001x80_260114_LH00793_B23GCKKLT3	kasugamycin	aminoglycoside	No resistance	0	
0052a-CMPN001x80_260114_LH00793_B23GCKKLT3	astromicin	aminoglycoside	No resistance	0	
0052a-CMPN001x80_260114_LH00793_B23GCKKLT3	fortimicin	aminoglycoside	No resistance	0	
0052a-CMPN001x80_260114_LH00793_B23GCKKLT3	spectinomycin	aminocyclitol	No resistance	0	
0052a-CMPN001x80_260114_LH00793_B23GCKKLT3	fluoroquinolone	quinolone	No resistance	0	
0052a-CMPN001x80_260114_LH00793_B23GCKKLT3	ciprofloxacin	quinolone	No resistance	0	
0052a-CMPN001x80_260114_LH00793_B23GCKKLT3	unknown quinolone	quinolone	No resistance	0	
0052a-CMPN001x80_260114_LH00793_B23GCKKLT3	nalidixic acid	quinolone	No resistance	0	
0052a-CMPN001x80_260114_LH00793_B23GCKKLT3	amoxicillin	beta-lactam	No resistance	0	
0052a-CMPN001x80_260114_LH00793_B23GCKKLT3	amoxicillin+clavulanic acid	beta-lactam	No resistance	0	
0052a-CMPN001x80_260114_LH00793_B23GCKKLT3	ampicillin	beta-lactam	No resistance	0	
0052a-CMPN001x80_260114_LH00793_B23GCKKLT3	ampicillin+clavulanic acid	beta-lactam	No resistance	0	
0052a-CMPN001x80_260114_LH00793_B23GCKKLT3	cefepime	beta-lactam	No resistance	0	
0052a-CMPN001x80_260114_LH00793_B23GCKKLT3	cefixime	beta-lactam	No resistance	0	
0052a-CMPN001x80_260114_LH00793_B23GCKKLT3	cefotaxime	beta-lactam	No resistance	0	
0052a-CMPN001x80_260114_LH00793_B23GCKKLT3	cefoxitin	beta-lactam	No resistance	0	
0052a-CMPN001x80_260114_LH00793_B23GCKKLT3	ceftazidime	beta-lactam	No resistance	0	
0052a-CMPN001x80_260114_LH00793_B23GCKKLT3	ertapenem	beta-lactam	No resistance	0	
0052a-CMPN001x80_260114_LH00793_B23GCKKLT3	imipenem	beta-lactam	No resistance	0	
0052a-CMPN001x80_260114_LH00793_B23GCKKLT3	meropenem	beta-lactam	No resistance	0	
0052a-CMPN001x80_260114_LH00793_B23GCKKLT3	piperacillin	beta-lactam	No resistance	0	
0052a-CMPN001x80_260114_LH00793_B23GCKKLT3	piperacillin+tazobactam	beta-lactam	No resistance	0	
0052a-CMPN001x80_260114_LH00793_B23GCKKLT3	unknown beta-lactam	beta-lactam	No resistance	0	
0052a-CMPN001x80_260114_LH00793_B23GCKKLT3	aztreonam	beta-lactam	No resistance	0	
0052a-CMPN001x80_260114_LH00793_B23GCKKLT3	cefotaxime+clavulanic acid	beta-lactam	No resistance	0	
0052a-CMPN001x80_260114_LH00793_B23GCKKLT3	temocillin	beta-lactam	No resistance	0	
0052a-CMPN001x80_260114_LH00793_B23GCKKLT3	ticarcillin	beta-lactam	No resistance	0	
0052a-CMPN001x80_260114_LH00793_B23GCKKLT3	ceftazidime+avibactam	beta-lactam	No resistance	0	
0052a-CMPN001x80_260114_LH00793_B23GCKKLT3	penicillin	beta-lactam	No resistance	0	
0052a-CMPN001x80_260114_LH00793_B23GCKKLT3	ceftriaxone	beta-lactam	No resistance	0	
0052a-CMPN001x80_260114_LH00793_B23GCKKLT3	ticarcillin+clavulanic acid	beta-lactam	No resistance	0	
0052a-CMPN001x80_260114_LH00793_B23GCKKLT3	cephalothin	beta-lactam	No resistance	0	
0052a-CMPN001x80_260114_LH00793_B23GCKKLT3	piperacillin+clavulanic acid	beta-lactam	No resistance	0	
0052a-CMPN001x80_260114_LH00793_B23GCKKLT3	ceftiofur	under_development	No resistance	0	
0052a-CMPN001x80_260114_LH00793_B23GCKKLT3	sulfamethoxazole	folate pathway antagonist	No resistance	0	
0052a-CMPN001x80_260114_LH00793_B23GCKKLT3	trimethoprim	folate pathway antagonist	No resistance	0	
0052a-CMPN001x80_260114_LH00793_B23GCKKLT3	fosfomycin	fosfomycin	No resistance	0	
0052a-CMPN001x80_260114_LH00793_B23GCKKLT3	vancomycin	glycopeptide	No resistance	0	
0052a-CMPN001x80_260114_LH00793_B23GCKKLT3	teicoplanin	glycopeptide	No resistance	0	
0052a-CMPN001x80_260114_LH00793_B23GCKKLT3	bleomycin	glycopeptide	No resistance	0	
0052a-CMPN001x80_260114_LH00793_B23GCKKLT3	lincomycin	lincosamide	No resistance	0	
0052a-CMPN001x80_260114_LH00793_B23GCKKLT3	clindamycin	lincosamide	No resistance	0	
0052a-CMPN001x80_260114_LH00793_B23GCKKLT3	dalfopristin	streptogramin a	No resistance	0	
0052a-CMPN001x80_260114_LH00793_B23GCKKLT3	pristinamycin iia	streptogramin a	No resistance	0	
0052a-CMPN001x80_260114_LH00793_B23GCKKLT3	virginiamycin m	streptogramin a	No resistance	0	
0052a-CMPN001x80_260114_LH00793_B23GCKKLT3	quinupristin+dalfopristin	streptogramin a	No resistance	0	
0052a-CMPN001x80_260114_LH00793_B23GCKKLT3	tiamulin	pleuromutilin	No resistance	0	
0052a-CMPN001x80_260114_LH00793_B23GCKKLT3	carbomycin	macrolide	No resistance	0	
0052a-CMPN001x80_260114_LH00793_B23GCKKLT3	erythromycin	macrolide	No resistance	0	
0052a-CMPN001x80_260114_LH00793_B23GCKKLT3	azithromycin	macrolide	No resistance	0	
0052a-CMPN001x80_260114_LH00793_B23GCKKLT3	oleandomycin	macrolide	No resistance	0	
0052a-CMPN001x80_260114_LH00793_B23GCKKLT3	spiramycin	macrolide	No resistance	0	
0052a-CMPN001x80_260114_LH00793_B23GCKKLT3	tylosin	macrolide	No resistance	0	
0052a-CMPN001x80_260114_LH00793_B23GCKKLT3	telithromycin	macrolide	No resistance	0	
0052a-CMPN001x80_260114_LH00793_B23GCKKLT3	tetracycline	tetracycline	No resistance	0	
0052a-CMPN001x80_260114_LH00793_B23GCKKLT3	doxycycline	tetracycline	No resistance	0	
0052a-CMPN001x80_260114_LH00793_B23GCKKLT3	minocycline	tetracycline	No resistance	0	
0052a-CMPN001x80_260114_LH00793_B23GCKKLT3	tigecycline	tetracycline	No resistance	0	
0052a-CMPN001x80_260114_LH00793_B23GCKKLT3	quinupristin	streptogramin b	No resistance	0	
0052a-CMPN001x80_260114_LH00793_B23GCKKLT3	pristinamycin ia	streptogramin b	No resistance	0	
0052a-CMPN001x80_260114_LH00793_B23GCKKLT3	virginiamycin s	streptogramin b	No resistance	0	
0052a-CMPN001x80_260114_LH00793_B23GCKKLT3	linezolid	oxazolidinone	No resistance	0	
0052a-CMPN001x80_260114_LH00793_B23GCKKLT3	chloramphenicol	amphenicol	No resistance	0	
0052a-CMPN001x80_260114_LH00793_B23GCKKLT3	florfenicol	amphenicol	No resistance	0	
0052a-CMPN001x80_260114_LH00793_B23GCKKLT3	colistin	polymyxin	No resistance	0	
0052a-CMPN001x80_260114_LH00793_B23GCKKLT3	fusidic acid	steroid antibacterial	No resistance	0	
0052a-CMPN001x80_260114_LH00793_B23GCKKLT3	mupirocin	pseudomonic acid	No resistance	0	
0052a-CMPN001x80_260114_LH00793_B23GCKKLT3	rifampicin	rifamycin	No resistance	0	
0052a-CMPN001x80_260114_LH00793_B23GCKKLT3	metronidazole	nitroimidazole	No resistance	0	
0052a-CMPN001x80_260114_LH00793_B23GCKKLT3	narasin	ionophores	No resistance	0	
0052a-CMPN001x80_260114_LH00793_B23GCKKLT3	salinomycin	ionophores	No resistance	0	
0052a-CMPN001x80_260114_LH00793_B23GCKKLT3	maduramicin	ionophores	No resistance	0	
0059s-CMPN001x81_260114_LH00793_B23GCKKLT3	gentamicin	aminoglycoside	No resistance	0	
0059s-CMPN001x81_260114_LH00793_B23GCKKLT3	tobramycin	aminoglycoside	No resistance	0	
0059s-CMPN001x81_260114_LH00793_B23GCKKLT3	streptomycin	aminoglycoside	No resistance	0	
0059s-CMPN001x81_260114_LH00793_B23GCKKLT3	amikacin	aminoglycoside	No resistance	0	
0059s-CMPN001x81_260114_LH00793_B23GCKKLT3	isepamicin	aminoglycoside	No resistance	0	
0059s-CMPN001x81_260114_LH00793_B23GCKKLT3	dibekacin	aminoglycoside	No resistance	0	
0059s-CMPN001x81_260114_LH00793_B23GCKKLT3	kanamycin	aminoglycoside	No resistance	0	
0059s-CMPN001x81_260114_LH00793_B23GCKKLT3	neomycin	aminoglycoside	No resistance	0	
0059s-CMPN001x81_260114_LH00793_B23GCKKLT3	lividomycin	aminoglycoside	No resistance	0	
0059s-CMPN001x81_260114_LH00793_B23GCKKLT3	paromomycin	aminoglycoside	No resistance	0	
0059s-CMPN001x81_260114_LH00793_B23GCKKLT3	ribostamycin	aminoglycoside	No resistance	0	
0059s-CMPN001x81_260114_LH00793_B23GCKKLT3	unknown aminoglycoside	aminoglycoside	No resistance	0	
0059s-CMPN001x81_260114_LH00793_B23GCKKLT3	butiromycin	aminoglycoside	No resistance	0	
0059s-CMPN001x81_260114_LH00793_B23GCKKLT3	butirosin	aminoglycoside	No resistance	0	
0059s-CMPN001x81_260114_LH00793_B23GCKKLT3	hygromycin	aminoglycoside	No resistance	0	
0059s-CMPN001x81_260114_LH00793_B23GCKKLT3	netilmicin	aminoglycoside	No resistance	0	
0059s-CMPN001x81_260114_LH00793_B23GCKKLT3	apramycin	aminoglycoside	No resistance	0	
0059s-CMPN001x81_260114_LH00793_B23GCKKLT3	sisomicin	aminoglycoside	No resistance	0	
0059s-CMPN001x81_260114_LH00793_B23GCKKLT3	arbekacin	aminoglycoside	No resistance	0	
0059s-CMPN001x81_260114_LH00793_B23GCKKLT3	kasugamycin	aminoglycoside	No resistance	0	
0059s-CMPN001x81_260114_LH00793_B23GCKKLT3	astromicin	aminoglycoside	No resistance	0	
0059s-CMPN001x81_260114_LH00793_B23GCKKLT3	fortimicin	aminoglycoside	No resistance	0	
0059s-CMPN001x81_260114_LH00793_B23GCKKLT3	spectinomycin	aminocyclitol	No resistance	0	
0059s-CMPN001x81_260114_LH00793_B23GCKKLT3	fluoroquinolone	quinolone	No resistance	0	
0059s-CMPN001x81_260114_LH00793_B23GCKKLT3	ciprofloxacin	quinolone	No resistance	0	
0059s-CMPN001x81_260114_LH00793_B23GCKKLT3	unknown quinolone	quinolone	No resistance	0	
0059s-CMPN001x81_260114_LH00793_B23GCKKLT3	nalidixic acid	quinolone	No resistance	0	
0059s-CMPN001x81_260114_LH00793_B23GCKKLT3	amoxicillin	beta-lactam	No resistance	0	
0059s-CMPN001x81_260114_LH00793_B23GCKKLT3	amoxicillin+clavulanic acid	beta-lactam	No resistance	0	
0059s-CMPN001x81_260114_LH00793_B23GCKKLT3	ampicillin	beta-lactam	No resistance	0	
0059s-CMPN001x81_260114_LH00793_B23GCKKLT3	ampicillin+clavulanic acid	beta-lactam	No resistance	0	
0059s-CMPN001x81_260114_LH00793_B23GCKKLT3	cefepime	beta-lactam	No resistance	0	
0059s-CMPN001x81_260114_LH00793_B23GCKKLT3	cefixime	beta-lactam	No resistance	0	
0059s-CMPN001x81_260114_LH00793_B23GCKKLT3	cefotaxime	beta-lactam	No resistance	0	
0059s-CMPN001x81_260114_LH00793_B23GCKKLT3	cefoxitin	beta-lactam	No resistance	0	
0059s-CMPN001x81_260114_LH00793_B23GCKKLT3	ceftazidime	beta-lactam	No resistance	0	
0059s-CMPN001x81_260114_LH00793_B23GCKKLT3	ertapenem	beta-lactam	No resistance	0	
0059s-CMPN001x81_260114_LH00793_B23GCKKLT3	imipenem	beta-lactam	No resistance	0	
0059s-CMPN001x81_260114_LH00793_B23GCKKLT3	meropenem	beta-lactam	No resistance	0	
0059s-CMPN001x81_260114_LH00793_B23GCKKLT3	piperacillin	beta-lactam	No resistance	0	
0059s-CMPN001x81_260114_LH00793_B23GCKKLT3	piperacillin+tazobactam	beta-lactam	No resistance	0	
0059s-CMPN001x81_260114_LH00793_B23GCKKLT3	unknown beta-lactam	beta-lactam	No resistance	0	
0059s-CMPN001x81_260114_LH00793_B23GCKKLT3	aztreonam	beta-lactam	No resistance	0	
0059s-CMPN001x81_260114_LH00793_B23GCKKLT3	cefotaxime+clavulanic acid	beta-lactam	No resistance	0	
0059s-CMPN001x81_260114_LH00793_B23GCKKLT3	temocillin	beta-lactam	No resistance	0	
0059s-CMPN001x81_260114_LH00793_B23GCKKLT3	ticarcillin	beta-lactam	No resistance	0	
0059s-CMPN001x81_260114_LH00793_B23GCKKLT3	ceftazidime+avibactam	beta-lactam	No resistance	0	
0059s-CMPN001x81_260114_LH00793_B23GCKKLT3	penicillin	beta-lactam	No resistance	0	
0059s-CMPN001x81_260114_LH00793_B23GCKKLT3	ceftriaxone	beta-lactam	No resistance	0	
0059s-CMPN001x81_260114_LH00793_B23GCKKLT3	ticarcillin+clavulanic acid	beta-lactam	No resistance	0	
0059s-CMPN001x81_260114_LH00793_B23GCKKLT3	cephalothin	beta-lactam	No resistance	0	
0059s-CMPN001x81_260114_LH00793_B23GCKKLT3	piperacillin+clavulanic acid	beta-lactam	No resistance	0	
0059s-CMPN001x81_260114_LH00793_B23GCKKLT3	ceftiofur	under_development	No resistance	0	
0059s-CMPN001x81_260114_LH00793_B23GCKKLT3	sulfamethoxazole	folate pathway antagonist	No resistance	0	
0059s-CMPN001x81_260114_LH00793_B23GCKKLT3	trimethoprim	folate pathway antagonist	No resistance	0	
0059s-CMPN001x81_260114_LH00793_B23GCKKLT3	fosfomycin	fosfomycin	No resistance	0	
0059s-CMPN001x81_260114_LH00793_B23GCKKLT3	vancomycin	glycopeptide	No resistance	0	
0059s-CMPN001x81_260114_LH00793_B23GCKKLT3	teicoplanin	glycopeptide	No resistance	0	
0059s-CMPN001x81_260114_LH00793_B23GCKKLT3	bleomycin	glycopeptide	No resistance	0	
0059s-CMPN001x81_260114_LH00793_B23GCKKLT3	lincomycin	lincosamide	No resistance	0	
0059s-CMPN001x81_260114_LH00793_B23GCKKLT3	clindamycin	lincosamide	No resistance	0	
0059s-CMPN001x81_260114_LH00793_B23GCKKLT3	dalfopristin	streptogramin a	No resistance	0	
0059s-CMPN001x81_260114_LH00793_B23GCKKLT3	pristinamycin iia	streptogramin a	No resistance	0	
0059s-CMPN001x81_260114_LH00793_B23GCKKLT3	virginiamycin m	streptogramin a	No resistance	0	
0059s-CMPN001x81_260114_LH00793_B23GCKKLT3	quinupristin+dalfopristin	streptogramin a	No resistance	0	
0059s-CMPN001x81_260114_LH00793_B23GCKKLT3	tiamulin	pleuromutilin	No resistance	0	
0059s-CMPN001x81_260114_LH00793_B23GCKKLT3	carbomycin	macrolide	No resistance	0	
0059s-CMPN001x81_260114_LH00793_B23GCKKLT3	erythromycin	macrolide	No resistance	0	
0059s-CMPN001x81_260114_LH00793_B23GCKKLT3	azithromycin	macrolide	No resistance	0	
0059s-CMPN001x81_260114_LH00793_B23GCKKLT3	oleandomycin	macrolide	No resistance	0	
0059s-CMPN001x81_260114_LH00793_B23GCKKLT3	spiramycin	macrolide	No resistance	0	
0059s-CMPN001x81_260114_LH00793_B23GCKKLT3	tylosin	macrolide	No resistance	0	
0059s-CMPN001x81_260114_LH00793_B23GCKKLT3	telithromycin	macrolide	No resistance	0	
0059s-CMPN001x81_260114_LH00793_B23GCKKLT3	tetracycline	tetracycline	No resistance	0	
0059s-CMPN001x81_260114_LH00793_B23GCKKLT3	doxycycline	tetracycline	No resistance	0	
0059s-CMPN001x81_260114_LH00793_B23GCKKLT3	minocycline	tetracycline	No resistance	0	
0059s-CMPN001x81_260114_LH00793_B23GCKKLT3	tigecycline	tetracycline	No resistance	0	
0059s-CMPN001x81_260114_LH00793_B23GCKKLT3	quinupristin	streptogramin b	No resistance	0	
0059s-CMPN001x81_260114_LH00793_B23GCKKLT3	pristinamycin ia	streptogramin b	No resistance	0	
0059s-CMPN001x81_260114_LH00793_B23GCKKLT3	virginiamycin s	streptogramin b	No resistance	0	
0059s-CMPN001x81_260114_LH00793_B23GCKKLT3	linezolid	oxazolidinone	No resistance	0	
0059s-CMPN001x81_260114_LH00793_B23GCKKLT3	chloramphenicol	amphenicol	No resistance	0	
0059s-CMPN001x81_260114_LH00793_B23GCKKLT3	florfenicol	amphenicol	No resistance	0	
0059s-CMPN001x81_260114_LH00793_B23GCKKLT3	colistin	polymyxin	No resistance	0	
0059s-CMPN001x81_260114_LH00793_B23GCKKLT3	fusidic acid	steroid antibacterial	No resistance	0	
0059s-CMPN001x81_260114_LH00793_B23GCKKLT3	mupirocin	pseudomonic acid	No resistance	0	
0059s-CMPN001x81_260114_LH00793_B23GCKKLT3	rifampicin	rifamycin	No resistance	0	
0059s-CMPN001x81_260114_LH00793_B23GCKKLT3	metronidazole	nitroimidazole	No resistance	0	
0059s-CMPN001x81_260114_LH00793_B23GCKKLT3	narasin	ionophores	No resistance	0	
0059s-CMPN001x81_260114_LH00793_B23GCKKLT3	salinomycin	ionophores	No resistance	0	
0059s-CMPN001x81_260114_LH00793_B23GCKKLT3	maduramicin	ionophores	No resistance	0	
0068g-CMPN001x82_260114_LH00793_B23GCKKLT3	gentamicin	aminoglycoside	No resistance	0	
0068g-CMPN001x82_260114_LH00793_B23GCKKLT3	tobramycin	aminoglycoside	No resistance	0	
0068g-CMPN001x82_260114_LH00793_B23GCKKLT3	streptomycin	aminoglycoside	No resistance	0	
0068g-CMPN001x82_260114_LH00793_B23GCKKLT3	amikacin	aminoglycoside	No resistance	0	
0068g-CMPN001x82_260114_LH00793_B23GCKKLT3	isepamicin	aminoglycoside	No resistance	0	
0068g-CMPN001x82_260114_LH00793_B23GCKKLT3	dibekacin	aminoglycoside	No resistance	0	
0068g-CMPN001x82_260114_LH00793_B23GCKKLT3	kanamycin	aminoglycoside	No resistance	0	
0068g-CMPN001x82_260114_LH00793_B23GCKKLT3	neomycin	aminoglycoside	No resistance	0	
0068g-CMPN001x82_260114_LH00793_B23GCKKLT3	lividomycin	aminoglycoside	No resistance	0	
0068g-CMPN001x82_260114_LH00793_B23GCKKLT3	paromomycin	aminoglycoside	No resistance	0	
0068g-CMPN001x82_260114_LH00793_B23GCKKLT3	ribostamycin	aminoglycoside	No resistance	0	
0068g-CMPN001x82_260114_LH00793_B23GCKKLT3	unknown aminoglycoside	aminoglycoside	No resistance	0	
0068g-CMPN001x82_260114_LH00793_B23GCKKLT3	butiromycin	aminoglycoside	No resistance	0	
0068g-CMPN001x82_260114_LH00793_B23GCKKLT3	butirosin	aminoglycoside	No resistance	0	
0068g-CMPN001x82_260114_LH00793_B23GCKKLT3	hygromycin	aminoglycoside	No resistance	0	
0068g-CMPN001x82_260114_LH00793_B23GCKKLT3	netilmicin	aminoglycoside	No resistance	0	
0068g-CMPN001x82_260114_LH00793_B23GCKKLT3	apramycin	aminoglycoside	No resistance	0	
0068g-CMPN001x82_260114_LH00793_B23GCKKLT3	sisomicin	aminoglycoside	No resistance	0	
0068g-CMPN001x82_260114_LH00793_B23GCKKLT3	arbekacin	aminoglycoside	No resistance	0	
0068g-CMPN001x82_260114_LH00793_B23GCKKLT3	kasugamycin	aminoglycoside	No resistance	0	
0068g-CMPN001x82_260114_LH00793_B23GCKKLT3	astromicin	aminoglycoside	No resistance	0	
0068g-CMPN001x82_260114_LH00793_B23GCKKLT3	fortimicin	aminoglycoside	No resistance	0	
0068g-CMPN001x82_260114_LH00793_B23GCKKLT3	spectinomycin	aminocyclitol	No resistance	0	
0068g-CMPN001x82_260114_LH00793_B23GCKKLT3	fluoroquinolone	quinolone	No resistance	0	
0068g-CMPN001x82_260114_LH00793_B23GCKKLT3	ciprofloxacin	quinolone	No resistance	0	
0068g-CMPN001x82_260114_LH00793_B23GCKKLT3	unknown quinolone	quinolone	No resistance	0	
0068g-CMPN001x82_260114_LH00793_B23GCKKLT3	nalidixic acid	quinolone	No resistance	0	
0068g-CMPN001x82_260114_LH00793_B23GCKKLT3	amoxicillin	beta-lactam	No resistance	0	
0068g-CMPN001x82_260114_LH00793_B23GCKKLT3	amoxicillin+clavulanic acid	beta-lactam	No resistance	0	
0068g-CMPN001x82_260114_LH00793_B23GCKKLT3	ampicillin	beta-lactam	No resistance	0	
0068g-CMPN001x82_260114_LH00793_B23GCKKLT3	ampicillin+clavulanic acid	beta-lactam	No resistance	0	
0068g-CMPN001x82_260114_LH00793_B23GCKKLT3	cefepime	beta-lactam	No resistance	0	
0068g-CMPN001x82_260114_LH00793_B23GCKKLT3	cefixime	beta-lactam	No resistance	0	
0068g-CMPN001x82_260114_LH00793_B23GCKKLT3	cefotaxime	beta-lactam	No resistance	0	
0068g-CMPN001x82_260114_LH00793_B23GCKKLT3	cefoxitin	beta-lactam	No resistance	0	
0068g-CMPN001x82_260114_LH00793_B23GCKKLT3	ceftazidime	beta-lactam	No resistance	0	
0068g-CMPN001x82_260114_LH00793_B23GCKKLT3	ertapenem	beta-lactam	No resistance	0	
0068g-CMPN001x82_260114_LH00793_B23GCKKLT3	imipenem	beta-lactam	No resistance	0	
0068g-CMPN001x82_260114_LH00793_B23GCKKLT3	meropenem	beta-lactam	No resistance	0	
0068g-CMPN001x82_260114_LH00793_B23GCKKLT3	piperacillin	beta-lactam	No resistance	0	
0068g-CMPN001x82_260114_LH00793_B23GCKKLT3	piperacillin+tazobactam	beta-lactam	No resistance	0	
0068g-CMPN001x82_260114_LH00793_B23GCKKLT3	unknown beta-lactam	beta-lactam	No resistance	0	
0068g-CMPN001x82_260114_LH00793_B23GCKKLT3	aztreonam	beta-lactam	No resistance	0	
0068g-CMPN001x82_260114_LH00793_B23GCKKLT3	cefotaxime+clavulanic acid	beta-lactam	No resistance	0	
0068g-CMPN001x82_260114_LH00793_B23GCKKLT3	temocillin	beta-lactam	No resistance	0	
0068g-CMPN001x82_260114_LH00793_B23GCKKLT3	ticarcillin	beta-lactam	No resistance	0	
0068g-CMPN001x82_260114_LH00793_B23GCKKLT3	ceftazidime+avibactam	beta-lactam	No resistance	0	
0068g-CMPN001x82_260114_LH00793_B23GCKKLT3	penicillin	beta-lactam	No resistance	0	
0068g-CMPN001x82_260114_LH00793_B23GCKKLT3	ceftriaxone	beta-lactam	No resistance	0	
0068g-CMPN001x82_260114_LH00793_B23GCKKLT3	ticarcillin+clavulanic acid	beta-lactam	No resistance	0	
0068g-CMPN001x82_260114_LH00793_B23GCKKLT3	cephalothin	beta-lactam	No resistance	0	
0068g-CMPN001x82_260114_LH00793_B23GCKKLT3	piperacillin+clavulanic acid	beta-lactam	No resistance	0	
0068g-CMPN001x82_260114_LH00793_B23GCKKLT3	ceftiofur	under_development	No resistance	0	
0068g-CMPN001x82_260114_LH00793_B23GCKKLT3	sulfamethoxazole	folate pathway antagonist	No resistance	0	
0068g-CMPN001x82_260114_LH00793_B23GCKKLT3	trimethoprim	folate pathway antagonist	No resistance	0	
0068g-CMPN001x82_260114_LH00793_B23GCKKLT3	fosfomycin	fosfomycin	No resistance	0	
0068g-CMPN001x82_260114_LH00793_B23GCKKLT3	vancomycin	glycopeptide	No resistance	0	
0068g-CMPN001x82_260114_LH00793_B23GCKKLT3	teicoplanin	glycopeptide	No resistance	0	
0068g-CMPN001x82_260114_LH00793_B23GCKKLT3	bleomycin	glycopeptide	No resistance	0	
0068g-CMPN001x82_260114_LH00793_B23GCKKLT3	lincomycin	lincosamide	No resistance	0	
0068g-CMPN001x82_260114_LH00793_B23GCKKLT3	clindamycin	lincosamide	No resistance	0	
0068g-CMPN001x82_260114_LH00793_B23GCKKLT3	dalfopristin	streptogramin a	No resistance	0	
0068g-CMPN001x82_260114_LH00793_B23GCKKLT3	pristinamycin iia	streptogramin a	No resistance	0	
0068g-CMPN001x82_260114_LH00793_B23GCKKLT3	virginiamycin m	streptogramin a	No resistance	0	
0068g-CMPN001x82_260114_LH00793_B23GCKKLT3	quinupristin+dalfopristin	streptogramin a	No resistance	0	
0068g-CMPN001x82_260114_LH00793_B23GCKKLT3	tiamulin	pleuromutilin	No resistance	0	
0068g-CMPN001x82_260114_LH00793_B23GCKKLT3	carbomycin	macrolide	No resistance	0	
0068g-CMPN001x82_260114_LH00793_B23GCKKLT3	erythromycin	macrolide	No resistance	0	
0068g-CMPN001x82_260114_LH00793_B23GCKKLT3	azithromycin	macrolide	No resistance	0	
0068g-CMPN001x82_260114_LH00793_B23GCKKLT3	oleandomycin	macrolide	No resistance	0	
0068g-CMPN001x82_260114_LH00793_B23GCKKLT3	spiramycin	macrolide	No resistance	0	
0068g-CMPN001x82_260114_LH00793_B23GCKKLT3	tylosin	macrolide	No resistance	0	
0068g-CMPN001x82_260114_LH00793_B23GCKKLT3	telithromycin	macrolide	No resistance	0	
0068g-CMPN001x82_260114_LH00793_B23GCKKLT3	tetracycline	tetracycline	No resistance	0	
0068g-CMPN001x82_260114_LH00793_B23GCKKLT3	doxycycline	tetracycline	No resistance	0	
0068g-CMPN001x82_260114_LH00793_B23GCKKLT3	minocycline	tetracycline	No resistance	0	
0068g-CMPN001x82_260114_LH00793_B23GCKKLT3	tigecycline	tetracycline	No resistance	0	
0068g-CMPN001x82_260114_LH00793_B23GCKKLT3	quinupristin	streptogramin b	No resistance	0	
0068g-CMPN001x82_260114_LH00793_B23GCKKLT3	pristinamycin ia	streptogramin b	No resistance	0	
0068g-CMPN001x82_260114_LH00793_B23GCKKLT3	virginiamycin s	streptogramin b	No resistance	0	
0068g-CMPN001x82_260114_LH00793_B23GCKKLT3	linezolid	oxazolidinone	No resistance	0	
0068g-CMPN001x82_260114_LH00793_B23GCKKLT3	chloramphenicol	amphenicol	No resistance	0	
0068g-CMPN001x82_260114_LH00793_B23GCKKLT3	florfenicol	amphenicol	No resistance	0	
0068g-CMPN001x82_260114_LH00793_B23GCKKLT3	colistin	polymyxin	No resistance	0	
0068g-CMPN001x82_260114_LH00793_B23GCKKLT3	fusidic acid	steroid antibacterial	No resistance	0	
0068g-CMPN001x82_260114_LH00793_B23GCKKLT3	mupirocin	pseudomonic acid	No resistance	0	
0068g-CMPN001x82_260114_LH00793_B23GCKKLT3	rifampicin	rifamycin	No resistance	0	
0068g-CMPN001x82_260114_LH00793_B23GCKKLT3	metronidazole	nitroimidazole	No resistance	0	
0068g-CMPN001x82_260114_LH00793_B23GCKKLT3	narasin	ionophores	No resistance	0	
0068g-CMPN001x82_260114_LH00793_B23GCKKLT3	salinomycin	ionophores	No resistance	0	
0068g-CMPN001x82_260114_LH00793_B23GCKKLT3	maduramicin	ionophores	No resistance	0	
0068m-CMPN001x83_260114_LH00793_B23GCKKLT3	gentamicin	aminoglycoside	No resistance	0	
0068m-CMPN001x83_260114_LH00793_B23GCKKLT3	tobramycin	aminoglycoside	No resistance	0	
0068m-CMPN001x83_260114_LH00793_B23GCKKLT3	streptomycin	aminoglycoside	No resistance	0	
0068m-CMPN001x83_260114_LH00793_B23GCKKLT3	amikacin	aminoglycoside	No resistance	0	
0068m-CMPN001x83_260114_LH00793_B23GCKKLT3	isepamicin	aminoglycoside	No resistance	0	
0068m-CMPN001x83_260114_LH00793_B23GCKKLT3	dibekacin	aminoglycoside	No resistance	0	
0068m-CMPN001x83_260114_LH00793_B23GCKKLT3	kanamycin	aminoglycoside	No resistance	0	
0068m-CMPN001x83_260114_LH00793_B23GCKKLT3	neomycin	aminoglycoside	No resistance	0	
0068m-CMPN001x83_260114_LH00793_B23GCKKLT3	lividomycin	aminoglycoside	No resistance	0	
0068m-CMPN001x83_260114_LH00793_B23GCKKLT3	paromomycin	aminoglycoside	No resistance	0	
0068m-CMPN001x83_260114_LH00793_B23GCKKLT3	ribostamycin	aminoglycoside	No resistance	0	
0068m-CMPN001x83_260114_LH00793_B23GCKKLT3	unknown aminoglycoside	aminoglycoside	No resistance	0	
0068m-CMPN001x83_260114_LH00793_B23GCKKLT3	butiromycin	aminoglycoside	No resistance	0	
0068m-CMPN001x83_260114_LH00793_B23GCKKLT3	butirosin	aminoglycoside	No resistance	0	
0068m-CMPN001x83_260114_LH00793_B23GCKKLT3	hygromycin	aminoglycoside	No resistance	0	
0068m-CMPN001x83_260114_LH00793_B23GCKKLT3	netilmicin	aminoglycoside	No resistance	0	
0068m-CMPN001x83_260114_LH00793_B23GCKKLT3	apramycin	aminoglycoside	No resistance	0	
0068m-CMPN001x83_260114_LH00793_B23GCKKLT3	sisomicin	aminoglycoside	No resistance	0	
0068m-CMPN001x83_260114_LH00793_B23GCKKLT3	arbekacin	aminoglycoside	No resistance	0	
0068m-CMPN001x83_260114_LH00793_B23GCKKLT3	kasugamycin	aminoglycoside	No resistance	0	
0068m-CMPN001x83_260114_LH00793_B23GCKKLT3	astromicin	aminoglycoside	No resistance	0	
0068m-CMPN001x83_260114_LH00793_B23GCKKLT3	fortimicin	aminoglycoside	No resistance	0	
0068m-CMPN001x83_260114_LH00793_B23GCKKLT3	spectinomycin	aminocyclitol	No resistance	0	
0068m-CMPN001x83_260114_LH00793_B23GCKKLT3	fluoroquinolone	quinolone	No resistance	0	
0068m-CMPN001x83_260114_LH00793_B23GCKKLT3	ciprofloxacin	quinolone	No resistance	0	
0068m-CMPN001x83_260114_LH00793_B23GCKKLT3	unknown quinolone	quinolone	No resistance	0	
0068m-CMPN001x83_260114_LH00793_B23GCKKLT3	nalidixic acid	quinolone	No resistance	0	
0068m-CMPN001x83_260114_LH00793_B23GCKKLT3	amoxicillin	beta-lactam	No resistance	0	
0068m-CMPN001x83_260114_LH00793_B23GCKKLT3	amoxicillin+clavulanic acid	beta-lactam	No resistance	0	
0068m-CMPN001x83_260114_LH00793_B23GCKKLT3	ampicillin	beta-lactam	No resistance	0	
0068m-CMPN001x83_260114_LH00793_B23GCKKLT3	ampicillin+clavulanic acid	beta-lactam	No resistance	0	
0068m-CMPN001x83_260114_LH00793_B23GCKKLT3	cefepime	beta-lactam	No resistance	0	
0068m-CMPN001x83_260114_LH00793_B23GCKKLT3	cefixime	beta-lactam	No resistance	0	
0068m-CMPN001x83_260114_LH00793_B23GCKKLT3	cefotaxime	beta-lactam	No resistance	0	
0068m-CMPN001x83_260114_LH00793_B23GCKKLT3	cefoxitin	beta-lactam	No resistance	0	
0068m-CMPN001x83_260114_LH00793_B23GCKKLT3	ceftazidime	beta-lactam	No resistance	0	
0068m-CMPN001x83_260114_LH00793_B23GCKKLT3	ertapenem	beta-lactam	No resistance	0	
0068m-CMPN001x83_260114_LH00793_B23GCKKLT3	imipenem	beta-lactam	No resistance	0	
0068m-CMPN001x83_260114_LH00793_B23GCKKLT3	meropenem	beta-lactam	No resistance	0	
0068m-CMPN001x83_260114_LH00793_B23GCKKLT3	piperacillin	beta-lactam	No resistance	0	
0068m-CMPN001x83_260114_LH00793_B23GCKKLT3	piperacillin+tazobactam	beta-lactam	No resistance	0	
0068m-CMPN001x83_260114_LH00793_B23GCKKLT3	unknown beta-lactam	beta-lactam	No resistance	0	
0068m-CMPN001x83_260114_LH00793_B23GCKKLT3	aztreonam	beta-lactam	No resistance	0	
0068m-CMPN001x83_260114_LH00793_B23GCKKLT3	cefotaxime+clavulanic acid	beta-lactam	No resistance	0	
0068m-CMPN001x83_260114_LH00793_B23GCKKLT3	temocillin	beta-lactam	No resistance	0	
0068m-CMPN001x83_260114_LH00793_B23GCKKLT3	ticarcillin	beta-lactam	No resistance	0	
0068m-CMPN001x83_260114_LH00793_B23GCKKLT3	ceftazidime+avibactam	beta-lactam	No resistance	0	
0068m-CMPN001x83_260114_LH00793_B23GCKKLT3	penicillin	beta-lactam	No resistance	0	
0068m-CMPN001x83_260114_LH00793_B23GCKKLT3	ceftriaxone	beta-lactam	No resistance	0	
0068m-CMPN001x83_260114_LH00793_B23GCKKLT3	ticarcillin+clavulanic acid	beta-lactam	No resistance	0	
0068m-CMPN001x83_260114_LH00793_B23GCKKLT3	cephalothin	beta-lactam	No resistance	0	
0068m-CMPN001x83_260114_LH00793_B23GCKKLT3	piperacillin+clavulanic acid	beta-lactam	No resistance	0	
0068m-CMPN001x83_260114_LH00793_B23GCKKLT3	ceftiofur	under_development	No resistance	0	
0068m-CMPN001x83_260114_LH00793_B23GCKKLT3	sulfamethoxazole	folate pathway antagonist	No resistance	0	
0068m-CMPN001x83_260114_LH00793_B23GCKKLT3	trimethoprim	folate pathway antagonist	No resistance	0	
0068m-CMPN001x83_260114_LH00793_B23GCKKLT3	fosfomycin	fosfomycin	No resistance	0	
0068m-CMPN001x83_260114_LH00793_B23GCKKLT3	vancomycin	glycopeptide	No resistance	0	
0068m-CMPN001x83_260114_LH00793_B23GCKKLT3	teicoplanin	glycopeptide	No resistance	0	
0068m-CMPN001x83_260114_LH00793_B23GCKKLT3	bleomycin	glycopeptide	No resistance	0	
0068m-CMPN001x83_260114_LH00793_B23GCKKLT3	lincomycin	lincosamide	No resistance	0	
0068m-CMPN001x83_260114_LH00793_B23GCKKLT3	clindamycin	lincosamide	No resistance	0	
0068m-CMPN001x83_260114_LH00793_B23GCKKLT3	dalfopristin	streptogramin a	No resistance	0	
0068m-CMPN001x83_260114_LH00793_B23GCKKLT3	pristinamycin iia	streptogramin a	No resistance	0	
0068m-CMPN001x83_260114_LH00793_B23GCKKLT3	virginiamycin m	streptogramin a	No resistance	0	
0068m-CMPN001x83_260114_LH00793_B23GCKKLT3	quinupristin+dalfopristin	streptogramin a	No resistance	0	
0068m-CMPN001x83_260114_LH00793_B23GCKKLT3	tiamulin	pleuromutilin	No resistance	0	
0068m-CMPN001x83_260114_LH00793_B23GCKKLT3	carbomycin	macrolide	No resistance	0	
0068m-CMPN001x83_260114_LH00793_B23GCKKLT3	erythromycin	macrolide	Resistant	3	msr(D) (msr(D)_AF274302), mef(A) (mef(A)_U83667)
0068m-CMPN001x83_260114_LH00793_B23GCKKLT3	azithromycin	macrolide	Resistant	3	msr(D) (msr(D)_AF274302), mef(A) (mef(A)_U83667)
0068m-CMPN001x83_260114_LH00793_B23GCKKLT3	oleandomycin	macrolide	No resistance	0	
0068m-CMPN001x83_260114_LH00793_B23GCKKLT3	spiramycin	macrolide	No resistance	0	
0068m-CMPN001x83_260114_LH00793_B23GCKKLT3	tylosin	macrolide	No resistance	0	
0068m-CMPN001x83_260114_LH00793_B23GCKKLT3	telithromycin	macrolide	Resistant	3	msr(D) (msr(D)_AF274302)
0068m-CMPN001x83_260114_LH00793_B23GCKKLT3	tetracycline	tetracycline	Resistant	2	tet(M) (tet(M)_X90939)
0068m-CMPN001x83_260114_LH00793_B23GCKKLT3	doxycycline	tetracycline	Resistant	2	tet(M) (tet(M)_X90939)
0068m-CMPN001x83_260114_LH00793_B23GCKKLT3	minocycline	tetracycline	Resistant	2	tet(M) (tet(M)_X90939)
0068m-CMPN001x83_260114_LH00793_B23GCKKLT3	tigecycline	tetracycline	No resistance	0	
0068m-CMPN001x83_260114_LH00793_B23GCKKLT3	quinupristin	streptogramin b	Resistant	3	msr(D) (msr(D)_AF274302)
0068m-CMPN001x83_260114_LH00793_B23GCKKLT3	pristinamycin ia	streptogramin b	Resistant	3	msr(D) (msr(D)_AF274302)
0068m-CMPN001x83_260114_LH00793_B23GCKKLT3	virginiamycin s	streptogramin b	Resistant	3	msr(D) (msr(D)_AF274302)
0068m-CMPN001x83_260114_LH00793_B23GCKKLT3	linezolid	oxazolidinone	No resistance	0	
0068m-CMPN001x83_260114_LH00793_B23GCKKLT3	chloramphenicol	amphenicol	No resistance	0	
0068m-CMPN001x83_260114_LH00793_B23GCKKLT3	florfenicol	amphenicol	No resistance	0	
0068m-CMPN001x83_260114_LH00793_B23GCKKLT3	colistin	polymyxin	No resistance	0	
0068m-CMPN001x83_260114_LH00793_B23GCKKLT3	fusidic acid	steroid antibacterial	No resistance	0	
0068m-CMPN001x83_260114_LH00793_B23GCKKLT3	mupirocin	pseudomonic acid	No resistance	0	
0068m-CMPN001x83_260114_LH00793_B23GCKKLT3	rifampicin	rifamycin	No resistance	0	
0068m-CMPN001x83_260114_LH00793_B23GCKKLT3	metronidazole	nitroimidazole	No resistance	0	
0068m-CMPN001x83_260114_LH00793_B23GCKKLT3	narasin	ionophores	No resistance	0	
0068m-CMPN001x83_260114_LH00793_B23GCKKLT3	salinomycin	ionophores	No resistance	0	
0068m-CMPN001x83_260114_LH00793_B23GCKKLT3	maduramicin	ionophores	No resistance	0	
0071v-CMPN001x84_260114_LH00793_B23GCKKLT3	gentamicin	aminoglycoside	No resistance	0	
0071v-CMPN001x84_260114_LH00793_B23GCKKLT3	tobramycin	aminoglycoside	No resistance	0	
0071v-CMPN001x84_260114_LH00793_B23GCKKLT3	streptomycin	aminoglycoside	No resistance	0	
0071v-CMPN001x84_260114_LH00793_B23GCKKLT3	amikacin	aminoglycoside	No resistance	0	
0071v-CMPN001x84_260114_LH00793_B23GCKKLT3	isepamicin	aminoglycoside	No resistance	0	
0071v-CMPN001x84_260114_LH00793_B23GCKKLT3	dibekacin	aminoglycoside	No resistance	0	
0071v-CMPN001x84_260114_LH00793_B23GCKKLT3	kanamycin	aminoglycoside	No resistance	0	
0071v-CMPN001x84_260114_LH00793_B23GCKKLT3	neomycin	aminoglycoside	No resistance	0	
0071v-CMPN001x84_260114_LH00793_B23GCKKLT3	lividomycin	aminoglycoside	No resistance	0	
0071v-CMPN001x84_260114_LH00793_B23GCKKLT3	paromomycin	aminoglycoside	No resistance	0	
0071v-CMPN001x84_260114_LH00793_B23GCKKLT3	ribostamycin	aminoglycoside	No resistance	0	
0071v-CMPN001x84_260114_LH00793_B23GCKKLT3	unknown aminoglycoside	aminoglycoside	No resistance	0	
0071v-CMPN001x84_260114_LH00793_B23GCKKLT3	butiromycin	aminoglycoside	No resistance	0	
0071v-CMPN001x84_260114_LH00793_B23GCKKLT3	butirosin	aminoglycoside	No resistance	0	
0071v-CMPN001x84_260114_LH00793_B23GCKKLT3	hygromycin	aminoglycoside	No resistance	0	
0071v-CMPN001x84_260114_LH00793_B23GCKKLT3	netilmicin	aminoglycoside	No resistance	0	
0071v-CMPN001x84_260114_LH00793_B23GCKKLT3	apramycin	aminoglycoside	No resistance	0	
0071v-CMPN001x84_260114_LH00793_B23GCKKLT3	sisomicin	aminoglycoside	No resistance	0	
0071v-CMPN001x84_260114_LH00793_B23GCKKLT3	arbekacin	aminoglycoside	No resistance	0	
0071v-CMPN001x84_260114_LH00793_B23GCKKLT3	kasugamycin	aminoglycoside	No resistance	0	
0071v-CMPN001x84_260114_LH00793_B23GCKKLT3	astromicin	aminoglycoside	No resistance	0	
0071v-CMPN001x84_260114_LH00793_B23GCKKLT3	fortimicin	aminoglycoside	No resistance	0	
0071v-CMPN001x84_260114_LH00793_B23GCKKLT3	spectinomycin	aminocyclitol	No resistance	0	
0071v-CMPN001x84_260114_LH00793_B23GCKKLT3	fluoroquinolone	quinolone	No resistance	0	
0071v-CMPN001x84_260114_LH00793_B23GCKKLT3	ciprofloxacin	quinolone	No resistance	0	
0071v-CMPN001x84_260114_LH00793_B23GCKKLT3	unknown quinolone	quinolone	No resistance	0	
0071v-CMPN001x84_260114_LH00793_B23GCKKLT3	nalidixic acid	quinolone	No resistance	0	
0071v-CMPN001x84_260114_LH00793_B23GCKKLT3	amoxicillin	beta-lactam	No resistance	0	
0071v-CMPN001x84_260114_LH00793_B23GCKKLT3	amoxicillin+clavulanic acid	beta-lactam	No resistance	0	
0071v-CMPN001x84_260114_LH00793_B23GCKKLT3	ampicillin	beta-lactam	No resistance	0	
0071v-CMPN001x84_260114_LH00793_B23GCKKLT3	ampicillin+clavulanic acid	beta-lactam	No resistance	0	
0071v-CMPN001x84_260114_LH00793_B23GCKKLT3	cefepime	beta-lactam	No resistance	0	
0071v-CMPN001x84_260114_LH00793_B23GCKKLT3	cefixime	beta-lactam	No resistance	0	
0071v-CMPN001x84_260114_LH00793_B23GCKKLT3	cefotaxime	beta-lactam	No resistance	0	
0071v-CMPN001x84_260114_LH00793_B23GCKKLT3	cefoxitin	beta-lactam	No resistance	0	
0071v-CMPN001x84_260114_LH00793_B23GCKKLT3	ceftazidime	beta-lactam	No resistance	0	
0071v-CMPN001x84_260114_LH00793_B23GCKKLT3	ertapenem	beta-lactam	No resistance	0	
0071v-CMPN001x84_260114_LH00793_B23GCKKLT3	imipenem	beta-lactam	No resistance	0	
0071v-CMPN001x84_260114_LH00793_B23GCKKLT3	meropenem	beta-lactam	No resistance	0	
0071v-CMPN001x84_260114_LH00793_B23GCKKLT3	piperacillin	beta-lactam	No resistance	0	
0071v-CMPN001x84_260114_LH00793_B23GCKKLT3	piperacillin+tazobactam	beta-lactam	No resistance	0	
0071v-CMPN001x84_260114_LH00793_B23GCKKLT3	unknown beta-lactam	beta-lactam	No resistance	0	
0071v-CMPN001x84_260114_LH00793_B23GCKKLT3	aztreonam	beta-lactam	No resistance	0	
0071v-CMPN001x84_260114_LH00793_B23GCKKLT3	cefotaxime+clavulanic acid	beta-lactam	No resistance	0	
0071v-CMPN001x84_260114_LH00793_B23GCKKLT3	temocillin	beta-lactam	No resistance	0	
0071v-CMPN001x84_260114_LH00793_B23GCKKLT3	ticarcillin	beta-lactam	No resistance	0	
0071v-CMPN001x84_260114_LH00793_B23GCKKLT3	ceftazidime+avibactam	beta-lactam	No resistance	0	
0071v-CMPN001x84_260114_LH00793_B23GCKKLT3	penicillin	beta-lactam	No resistance	0	
0071v-CMPN001x84_260114_LH00793_B23GCKKLT3	ceftriaxone	beta-lactam	No resistance	0	
0071v-CMPN001x84_260114_LH00793_B23GCKKLT3	ticarcillin+clavulanic acid	beta-lactam	No resistance	0	
0071v-CMPN001x84_260114_LH00793_B23GCKKLT3	cephalothin	beta-lactam	No resistance	0	
0071v-CMPN001x84_260114_LH00793_B23GCKKLT3	piperacillin+clavulanic acid	beta-lactam	No resistance	0	
0071v-CMPN001x84_260114_LH00793_B23GCKKLT3	ceftiofur	under_development	No resistance	0	
0071v-CMPN001x84_260114_LH00793_B23GCKKLT3	sulfamethoxazole	folate pathway antagonist	No resistance	0	
0071v-CMPN001x84_260114_LH00793_B23GCKKLT3	trimethoprim	folate pathway antagonist	No resistance	0	
0071v-CMPN001x84_260114_LH00793_B23GCKKLT3	fosfomycin	fosfomycin	No resistance	0	
0071v-CMPN001x84_260114_LH00793_B23GCKKLT3	vancomycin	glycopeptide	No resistance	0	
0071v-CMPN001x84_260114_LH00793_B23GCKKLT3	teicoplanin	glycopeptide	No resistance	0	
0071v-CMPN001x84_260114_LH00793_B23GCKKLT3	bleomycin	glycopeptide	No resistance	0	
0071v-CMPN001x84_260114_LH00793_B23GCKKLT3	lincomycin	lincosamide	No resistance	0	
0071v-CMPN001x84_260114_LH00793_B23GCKKLT3	clindamycin	lincosamide	No resistance	0	
0071v-CMPN001x84_260114_LH00793_B23GCKKLT3	dalfopristin	streptogramin a	No resistance	0	
0071v-CMPN001x84_260114_LH00793_B23GCKKLT3	pristinamycin iia	streptogramin a	No resistance	0	
0071v-CMPN001x84_260114_LH00793_B23GCKKLT3	virginiamycin m	streptogramin a	No resistance	0	
0071v-CMPN001x84_260114_LH00793_B23GCKKLT3	quinupristin+dalfopristin	streptogramin a	No resistance	0	
0071v-CMPN001x84_260114_LH00793_B23GCKKLT3	tiamulin	pleuromutilin	No resistance	0	
0071v-CMPN001x84_260114_LH00793_B23GCKKLT3	carbomycin	macrolide	No resistance	0	
0071v-CMPN001x84_260114_LH00793_B23GCKKLT3	erythromycin	macrolide	No resistance	0	
0071v-CMPN001x84_260114_LH00793_B23GCKKLT3	azithromycin	macrolide	No resistance	0	
0071v-CMPN001x84_260114_LH00793_B23GCKKLT3	oleandomycin	macrolide	No resistance	0	
0071v-CMPN001x84_260114_LH00793_B23GCKKLT3	spiramycin	macrolide	No resistance	0	
0071v-CMPN001x84_260114_LH00793_B23GCKKLT3	tylosin	macrolide	No resistance	0	
0071v-CMPN001x84_260114_LH00793_B23GCKKLT3	telithromycin	macrolide	No resistance	0	
0071v-CMPN001x84_260114_LH00793_B23GCKKLT3	tetracycline	tetracycline	No resistance	0	
0071v-CMPN001x84_260114_LH00793_B23GCKKLT3	doxycycline	tetracycline	No resistance	0	
0071v-CMPN001x84_260114_LH00793_B23GCKKLT3	minocycline	tetracycline	No resistance	0	
0071v-CMPN001x84_260114_LH00793_B23GCKKLT3	tigecycline	tetracycline	No resistance	0	
0071v-CMPN001x84_260114_LH00793_B23GCKKLT3	quinupristin	streptogramin b	No resistance	0	
0071v-CMPN001x84_260114_LH00793_B23GCKKLT3	pristinamycin ia	streptogramin b	No resistance	0	
0071v-CMPN001x84_260114_LH00793_B23GCKKLT3	virginiamycin s	streptogramin b	No resistance	0	
0071v-CMPN001x84_260114_LH00793_B23GCKKLT3	linezolid	oxazolidinone	No resistance	0	
0071v-CMPN001x84_260114_LH00793_B23GCKKLT3	chloramphenicol	amphenicol	No resistance	0	
0071v-CMPN001x84_260114_LH00793_B23GCKKLT3	florfenicol	amphenicol	No resistance	0	
0071v-CMPN001x84_260114_LH00793_B23GCKKLT3	colistin	polymyxin	No resistance	0	
0071v-CMPN001x84_260114_LH00793_B23GCKKLT3	fusidic acid	steroid antibacterial	No resistance	0	
0071v-CMPN001x84_260114_LH00793_B23GCKKLT3	mupirocin	pseudomonic acid	No resistance	0	
0071v-CMPN001x84_260114_LH00793_B23GCKKLT3	rifampicin	rifamycin	No resistance	0	
0071v-CMPN001x84_260114_LH00793_B23GCKKLT3	metronidazole	nitroimidazole	No resistance	0	
0071v-CMPN001x84_260114_LH00793_B23GCKKLT3	narasin	ionophores	No resistance	0	
0071v-CMPN001x84_260114_LH00793_B23GCKKLT3	salinomycin	ionophores	No resistance	0	
0071v-CMPN001x84_260114_LH00793_B23GCKKLT3	maduramicin	ionophores	No resistance	0	
0076m-CMPN001x85_260114_LH00793_B23GCKKLT3	gentamicin	aminoglycoside	No resistance	0	
0076m-CMPN001x85_260114_LH00793_B23GCKKLT3	tobramycin	aminoglycoside	No resistance	0	
0076m-CMPN001x85_260114_LH00793_B23GCKKLT3	streptomycin	aminoglycoside	No resistance	0	
0076m-CMPN001x85_260114_LH00793_B23GCKKLT3	amikacin	aminoglycoside	No resistance	0	
0076m-CMPN001x85_260114_LH00793_B23GCKKLT3	isepamicin	aminoglycoside	No resistance	0	
0076m-CMPN001x85_260114_LH00793_B23GCKKLT3	dibekacin	aminoglycoside	No resistance	0	
0076m-CMPN001x85_260114_LH00793_B23GCKKLT3	kanamycin	aminoglycoside	No resistance	0	
0076m-CMPN001x85_260114_LH00793_B23GCKKLT3	neomycin	aminoglycoside	No resistance	0	
0076m-CMPN001x85_260114_LH00793_B23GCKKLT3	lividomycin	aminoglycoside	No resistance	0	
0076m-CMPN001x85_260114_LH00793_B23GCKKLT3	paromomycin	aminoglycoside	No resistance	0	
0076m-CMPN001x85_260114_LH00793_B23GCKKLT3	ribostamycin	aminoglycoside	No resistance	0	
0076m-CMPN001x85_260114_LH00793_B23GCKKLT3	unknown aminoglycoside	aminoglycoside	No resistance	0	
0076m-CMPN001x85_260114_LH00793_B23GCKKLT3	butiromycin	aminoglycoside	No resistance	0	
0076m-CMPN001x85_260114_LH00793_B23GCKKLT3	butirosin	aminoglycoside	No resistance	0	
0076m-CMPN001x85_260114_LH00793_B23GCKKLT3	hygromycin	aminoglycoside	No resistance	0	
0076m-CMPN001x85_260114_LH00793_B23GCKKLT3	netilmicin	aminoglycoside	No resistance	0	
0076m-CMPN001x85_260114_LH00793_B23GCKKLT3	apramycin	aminoglycoside	No resistance	0	
0076m-CMPN001x85_260114_LH00793_B23GCKKLT3	sisomicin	aminoglycoside	No resistance	0	
0076m-CMPN001x85_260114_LH00793_B23GCKKLT3	arbekacin	aminoglycoside	No resistance	0	
0076m-CMPN001x85_260114_LH00793_B23GCKKLT3	kasugamycin	aminoglycoside	No resistance	0	
0076m-CMPN001x85_260114_LH00793_B23GCKKLT3	astromicin	aminoglycoside	No resistance	0	
0076m-CMPN001x85_260114_LH00793_B23GCKKLT3	fortimicin	aminoglycoside	No resistance	0	
0076m-CMPN001x85_260114_LH00793_B23GCKKLT3	spectinomycin	aminocyclitol	No resistance	0	
0076m-CMPN001x85_260114_LH00793_B23GCKKLT3	fluoroquinolone	quinolone	No resistance	0	
0076m-CMPN001x85_260114_LH00793_B23GCKKLT3	ciprofloxacin	quinolone	No resistance	0	
0076m-CMPN001x85_260114_LH00793_B23GCKKLT3	unknown quinolone	quinolone	No resistance	0	
0076m-CMPN001x85_260114_LH00793_B23GCKKLT3	nalidixic acid	quinolone	No resistance	0	
0076m-CMPN001x85_260114_LH00793_B23GCKKLT3	amoxicillin	beta-lactam	No resistance	0	
0076m-CMPN001x85_260114_LH00793_B23GCKKLT3	amoxicillin+clavulanic acid	beta-lactam	No resistance	0	
0076m-CMPN001x85_260114_LH00793_B23GCKKLT3	ampicillin	beta-lactam	No resistance	0	
0076m-CMPN001x85_260114_LH00793_B23GCKKLT3	ampicillin+clavulanic acid	beta-lactam	No resistance	0	
0076m-CMPN001x85_260114_LH00793_B23GCKKLT3	cefepime	beta-lactam	No resistance	0	
0076m-CMPN001x85_260114_LH00793_B23GCKKLT3	cefixime	beta-lactam	No resistance	0	
0076m-CMPN001x85_260114_LH00793_B23GCKKLT3	cefotaxime	beta-lactam	No resistance	0	
0076m-CMPN001x85_260114_LH00793_B23GCKKLT3	cefoxitin	beta-lactam	No resistance	0	
0076m-CMPN001x85_260114_LH00793_B23GCKKLT3	ceftazidime	beta-lactam	No resistance	0	
0076m-CMPN001x85_260114_LH00793_B23GCKKLT3	ertapenem	beta-lactam	No resistance	0	
0076m-CMPN001x85_260114_LH00793_B23GCKKLT3	imipenem	beta-lactam	No resistance	0	
0076m-CMPN001x85_260114_LH00793_B23GCKKLT3	meropenem	beta-lactam	No resistance	0	
0076m-CMPN001x85_260114_LH00793_B23GCKKLT3	piperacillin	beta-lactam	No resistance	0	
0076m-CMPN001x85_260114_LH00793_B23GCKKLT3	piperacillin+tazobactam	beta-lactam	No resistance	0	
0076m-CMPN001x85_260114_LH00793_B23GCKKLT3	unknown beta-lactam	beta-lactam	No resistance	0	
0076m-CMPN001x85_260114_LH00793_B23GCKKLT3	aztreonam	beta-lactam	No resistance	0	
0076m-CMPN001x85_260114_LH00793_B23GCKKLT3	cefotaxime+clavulanic acid	beta-lactam	No resistance	0	
0076m-CMPN001x85_260114_LH00793_B23GCKKLT3	temocillin	beta-lactam	No resistance	0	
0076m-CMPN001x85_260114_LH00793_B23GCKKLT3	ticarcillin	beta-lactam	No resistance	0	
0076m-CMPN001x85_260114_LH00793_B23GCKKLT3	ceftazidime+avibactam	beta-lactam	No resistance	0	
0076m-CMPN001x85_260114_LH00793_B23GCKKLT3	penicillin	beta-lactam	No resistance	0	
0076m-CMPN001x85_260114_LH00793_B23GCKKLT3	ceftriaxone	beta-lactam	No resistance	0	
0076m-CMPN001x85_260114_LH00793_B23GCKKLT3	ticarcillin+clavulanic acid	beta-lactam	No resistance	0	
0076m-CMPN001x85_260114_LH00793_B23GCKKLT3	cephalothin	beta-lactam	No resistance	0	
0076m-CMPN001x85_260114_LH00793_B23GCKKLT3	piperacillin+clavulanic acid	beta-lactam	No resistance	0	
0076m-CMPN001x85_260114_LH00793_B23GCKKLT3	ceftiofur	under_development	No resistance	0	
0076m-CMPN001x85_260114_LH00793_B23GCKKLT3	sulfamethoxazole	folate pathway antagonist	No resistance	0	
0076m-CMPN001x85_260114_LH00793_B23GCKKLT3	trimethoprim	folate pathway antagonist	No resistance	0	
0076m-CMPN001x85_260114_LH00793_B23GCKKLT3	fosfomycin	fosfomycin	No resistance	0	
0076m-CMPN001x85_260114_LH00793_B23GCKKLT3	vancomycin	glycopeptide	No resistance	0	
0076m-CMPN001x85_260114_LH00793_B23GCKKLT3	teicoplanin	glycopeptide	No resistance	0	
0076m-CMPN001x85_260114_LH00793_B23GCKKLT3	bleomycin	glycopeptide	No resistance	0	
0076m-CMPN001x85_260114_LH00793_B23GCKKLT3	lincomycin	lincosamide	No resistance	0	
0076m-CMPN001x85_260114_LH00793_B23GCKKLT3	clindamycin	lincosamide	No resistance	0	
0076m-CMPN001x85_260114_LH00793_B23GCKKLT3	dalfopristin	streptogramin a	No resistance	0	
0076m-CMPN001x85_260114_LH00793_B23GCKKLT3	pristinamycin iia	streptogramin a	No resistance	0	
0076m-CMPN001x85_260114_LH00793_B23GCKKLT3	virginiamycin m	streptogramin a	No resistance	0	
0076m-CMPN001x85_260114_LH00793_B23GCKKLT3	quinupristin+dalfopristin	streptogramin a	No resistance	0	
0076m-CMPN001x85_260114_LH00793_B23GCKKLT3	tiamulin	pleuromutilin	No resistance	0	
0076m-CMPN001x85_260114_LH00793_B23GCKKLT3	carbomycin	macrolide	No resistance	0	
0076m-CMPN001x85_260114_LH00793_B23GCKKLT3	erythromycin	macrolide	Resistant	3	msr(D) (msr(D)_AF274302), mef(A) (mef(A)_U83667)
0076m-CMPN001x85_260114_LH00793_B23GCKKLT3	azithromycin	macrolide	Resistant	3	msr(D) (msr(D)_AF274302), mef(A) (mef(A)_U83667)
0076m-CMPN001x85_260114_LH00793_B23GCKKLT3	oleandomycin	macrolide	No resistance	0	
0076m-CMPN001x85_260114_LH00793_B23GCKKLT3	spiramycin	macrolide	No resistance	0	
0076m-CMPN001x85_260114_LH00793_B23GCKKLT3	tylosin	macrolide	No resistance	0	
0076m-CMPN001x85_260114_LH00793_B23GCKKLT3	telithromycin	macrolide	Resistant	3	msr(D) (msr(D)_AF274302)
0076m-CMPN001x85_260114_LH00793_B23GCKKLT3	tetracycline	tetracycline	No resistance	0	
0076m-CMPN001x85_260114_LH00793_B23GCKKLT3	doxycycline	tetracycline	No resistance	0	
0076m-CMPN001x85_260114_LH00793_B23GCKKLT3	minocycline	tetracycline	No resistance	0	
0076m-CMPN001x85_260114_LH00793_B23GCKKLT3	tigecycline	tetracycline	No resistance	0	
0076m-CMPN001x85_260114_LH00793_B23GCKKLT3	quinupristin	streptogramin b	Resistant	3	msr(D) (msr(D)_AF274302)
0076m-CMPN001x85_260114_LH00793_B23GCKKLT3	pristinamycin ia	streptogramin b	Resistant	3	msr(D) (msr(D)_AF274302)
0076m-CMPN001x85_260114_LH00793_B23GCKKLT3	virginiamycin s	streptogramin b	Resistant	3	msr(D) (msr(D)_AF274302)
0076m-CMPN001x85_260114_LH00793_B23GCKKLT3	linezolid	oxazolidinone	No resistance	0	
0076m-CMPN001x85_260114_LH00793_B23GCKKLT3	chloramphenicol	amphenicol	No resistance	0	
0076m-CMPN001x85_260114_LH00793_B23GCKKLT3	florfenicol	amphenicol	No resistance	0	
0076m-CMPN001x85_260114_LH00793_B23GCKKLT3	colistin	polymyxin	No resistance	0	
0076m-CMPN001x85_260114_LH00793_B23GCKKLT3	fusidic acid	steroid antibacterial	No resistance	0	
0076m-CMPN001x85_260114_LH00793_B23GCKKLT3	mupirocin	pseudomonic acid	No resistance	0	
0076m-CMPN001x85_260114_LH00793_B23GCKKLT3	rifampicin	rifamycin	No resistance	0	
0076m-CMPN001x85_260114_LH00793_B23GCKKLT3	metronidazole	nitroimidazole	No resistance	0	
0076m-CMPN001x85_260114_LH00793_B23GCKKLT3	narasin	ionophores	No resistance	0	
0076m-CMPN001x85_260114_LH00793_B23GCKKLT3	salinomycin	ionophores	No resistance	0	
0076m-CMPN001x85_260114_LH00793_B23GCKKLT3	maduramicin	ionophores	No resistance	0	
0076p-CMPN001x86_260114_LH00793_B23GCKKLT3	gentamicin	aminoglycoside	No resistance	0	
0076p-CMPN001x86_260114_LH00793_B23GCKKLT3	tobramycin	aminoglycoside	No resistance	0	
0076p-CMPN001x86_260114_LH00793_B23GCKKLT3	streptomycin	aminoglycoside	No resistance	0	
0076p-CMPN001x86_260114_LH00793_B23GCKKLT3	amikacin	aminoglycoside	No resistance	0	
0076p-CMPN001x86_260114_LH00793_B23GCKKLT3	isepamicin	aminoglycoside	No resistance	0	
0076p-CMPN001x86_260114_LH00793_B23GCKKLT3	dibekacin	aminoglycoside	No resistance	0	
0076p-CMPN001x86_260114_LH00793_B23GCKKLT3	kanamycin	aminoglycoside	No resistance	0	
0076p-CMPN001x86_260114_LH00793_B23GCKKLT3	neomycin	aminoglycoside	No resistance	0	
0076p-CMPN001x86_260114_LH00793_B23GCKKLT3	lividomycin	aminoglycoside	No resistance	0	
0076p-CMPN001x86_260114_LH00793_B23GCKKLT3	paromomycin	aminoglycoside	No resistance	0	
0076p-CMPN001x86_260114_LH00793_B23GCKKLT3	ribostamycin	aminoglycoside	No resistance	0	
0076p-CMPN001x86_260114_LH00793_B23GCKKLT3	unknown aminoglycoside	aminoglycoside	No resistance	0	
0076p-CMPN001x86_260114_LH00793_B23GCKKLT3	butiromycin	aminoglycoside	No resistance	0	
0076p-CMPN001x86_260114_LH00793_B23GCKKLT3	butirosin	aminoglycoside	No resistance	0	
0076p-CMPN001x86_260114_LH00793_B23GCKKLT3	hygromycin	aminoglycoside	No resistance	0	
0076p-CMPN001x86_260114_LH00793_B23GCKKLT3	netilmicin	aminoglycoside	No resistance	0	
0076p-CMPN001x86_260114_LH00793_B23GCKKLT3	apramycin	aminoglycoside	No resistance	0	
0076p-CMPN001x86_260114_LH00793_B23GCKKLT3	sisomicin	aminoglycoside	No resistance	0	
0076p-CMPN001x86_260114_LH00793_B23GCKKLT3	arbekacin	aminoglycoside	No resistance	0	
0076p-CMPN001x86_260114_LH00793_B23GCKKLT3	kasugamycin	aminoglycoside	No resistance	0	
0076p-CMPN001x86_260114_LH00793_B23GCKKLT3	astromicin	aminoglycoside	No resistance	0	
0076p-CMPN001x86_260114_LH00793_B23GCKKLT3	fortimicin	aminoglycoside	No resistance	0	
0076p-CMPN001x86_260114_LH00793_B23GCKKLT3	spectinomycin	aminocyclitol	No resistance	0	
0076p-CMPN001x86_260114_LH00793_B23GCKKLT3	fluoroquinolone	quinolone	No resistance	0	
0076p-CMPN001x86_260114_LH00793_B23GCKKLT3	ciprofloxacin	quinolone	No resistance	0	
0076p-CMPN001x86_260114_LH00793_B23GCKKLT3	unknown quinolone	quinolone	No resistance	0	
0076p-CMPN001x86_260114_LH00793_B23GCKKLT3	nalidixic acid	quinolone	No resistance	0	
0076p-CMPN001x86_260114_LH00793_B23GCKKLT3	amoxicillin	beta-lactam	No resistance	0	
0076p-CMPN001x86_260114_LH00793_B23GCKKLT3	amoxicillin+clavulanic acid	beta-lactam	No resistance	0	
0076p-CMPN001x86_260114_LH00793_B23GCKKLT3	ampicillin	beta-lactam	No resistance	0	
0076p-CMPN001x86_260114_LH00793_B23GCKKLT3	ampicillin+clavulanic acid	beta-lactam	No resistance	0	
0076p-CMPN001x86_260114_LH00793_B23GCKKLT3	cefepime	beta-lactam	No resistance	0	
0076p-CMPN001x86_260114_LH00793_B23GCKKLT3	cefixime	beta-lactam	No resistance	0	
0076p-CMPN001x86_260114_LH00793_B23GCKKLT3	cefotaxime	beta-lactam	No resistance	0	
0076p-CMPN001x86_260114_LH00793_B23GCKKLT3	cefoxitin	beta-lactam	No resistance	0	
0076p-CMPN001x86_260114_LH00793_B23GCKKLT3	ceftazidime	beta-lactam	No resistance	0	
0076p-CMPN001x86_260114_LH00793_B23GCKKLT3	ertapenem	beta-lactam	No resistance	0	
0076p-CMPN001x86_260114_LH00793_B23GCKKLT3	imipenem	beta-lactam	No resistance	0	
0076p-CMPN001x86_260114_LH00793_B23GCKKLT3	meropenem	beta-lactam	No resistance	0	
0076p-CMPN001x86_260114_LH00793_B23GCKKLT3	piperacillin	beta-lactam	No resistance	0	
0076p-CMPN001x86_260114_LH00793_B23GCKKLT3	piperacillin+tazobactam	beta-lactam	No resistance	0	
0076p-CMPN001x86_260114_LH00793_B23GCKKLT3	unknown beta-lactam	beta-lactam	No resistance	0	
0076p-CMPN001x86_260114_LH00793_B23GCKKLT3	aztreonam	beta-lactam	No resistance	0	
0076p-CMPN001x86_260114_LH00793_B23GCKKLT3	cefotaxime+clavulanic acid	beta-lactam	No resistance	0	
0076p-CMPN001x86_260114_LH00793_B23GCKKLT3	temocillin	beta-lactam	No resistance	0	
0076p-CMPN001x86_260114_LH00793_B23GCKKLT3	ticarcillin	beta-lactam	No resistance	0	
0076p-CMPN001x86_260114_LH00793_B23GCKKLT3	ceftazidime+avibactam	beta-lactam	No resistance	0	
0076p-CMPN001x86_260114_LH00793_B23GCKKLT3	penicillin	beta-lactam	No resistance	0	
0076p-CMPN001x86_260114_LH00793_B23GCKKLT3	ceftriaxone	beta-lactam	No resistance	0	
0076p-CMPN001x86_260114_LH00793_B23GCKKLT3	ticarcillin+clavulanic acid	beta-lactam	No resistance	0	
0076p-CMPN001x86_260114_LH00793_B23GCKKLT3	cephalothin	beta-lactam	No resistance	0	
0076p-CMPN001x86_260114_LH00793_B23GCKKLT3	piperacillin+clavulanic acid	beta-lactam	No resistance	0	
0076p-CMPN001x86_260114_LH00793_B23GCKKLT3	ceftiofur	under_development	No resistance	0	
0076p-CMPN001x86_260114_LH00793_B23GCKKLT3	sulfamethoxazole	folate pathway antagonist	No resistance	0	
0076p-CMPN001x86_260114_LH00793_B23GCKKLT3	trimethoprim	folate pathway antagonist	No resistance	0	
0076p-CMPN001x86_260114_LH00793_B23GCKKLT3	fosfomycin	fosfomycin	No resistance	0	
0076p-CMPN001x86_260114_LH00793_B23GCKKLT3	vancomycin	glycopeptide	No resistance	0	
0076p-CMPN001x86_260114_LH00793_B23GCKKLT3	teicoplanin	glycopeptide	No resistance	0	
0076p-CMPN001x86_260114_LH00793_B23GCKKLT3	bleomycin	glycopeptide	No resistance	0	
0076p-CMPN001x86_260114_LH00793_B23GCKKLT3	lincomycin	lincosamide	No resistance	0	
0076p-CMPN001x86_260114_LH00793_B23GCKKLT3	clindamycin	lincosamide	No resistance	0	
0076p-CMPN001x86_260114_LH00793_B23GCKKLT3	dalfopristin	streptogramin a	No resistance	0	
0076p-CMPN001x86_260114_LH00793_B23GCKKLT3	pristinamycin iia	streptogramin a	No resistance	0	
0076p-CMPN001x86_260114_LH00793_B23GCKKLT3	virginiamycin m	streptogramin a	No resistance	0	
0076p-CMPN001x86_260114_LH00793_B23GCKKLT3	quinupristin+dalfopristin	streptogramin a	No resistance	0	
0076p-CMPN001x86_260114_LH00793_B23GCKKLT3	tiamulin	pleuromutilin	No resistance	0	
0076p-CMPN001x86_260114_LH00793_B23GCKKLT3	carbomycin	macrolide	No resistance	0	
0076p-CMPN001x86_260114_LH00793_B23GCKKLT3	erythromycin	macrolide	No resistance	0	
0076p-CMPN001x86_260114_LH00793_B23GCKKLT3	azithromycin	macrolide	No resistance	0	
0076p-CMPN001x86_260114_LH00793_B23GCKKLT3	oleandomycin	macrolide	No resistance	0	
0076p-CMPN001x86_260114_LH00793_B23GCKKLT3	spiramycin	macrolide	No resistance	0	
0076p-CMPN001x86_260114_LH00793_B23GCKKLT3	tylosin	macrolide	No resistance	0	
0076p-CMPN001x86_260114_LH00793_B23GCKKLT3	telithromycin	macrolide	No resistance	0	
0076p-CMPN001x86_260114_LH00793_B23GCKKLT3	tetracycline	tetracycline	Resistant	2	tetA(46) (tetA(46)_HQ652506), tetB(46) (tetB(46)_HQ652506)
0076p-CMPN001x86_260114_LH00793_B23GCKKLT3	doxycycline	tetracycline	Resistant	2	tetA(46) (tetA(46)_HQ652506), tetB(46) (tetB(46)_HQ652506)
0076p-CMPN001x86_260114_LH00793_B23GCKKLT3	minocycline	tetracycline	No resistance	0	
0076p-CMPN001x86_260114_LH00793_B23GCKKLT3	tigecycline	tetracycline	Resistant	2	tetA(46) (tetA(46)_HQ652506), tetB(46) (tetB(46)_HQ652506)
0076p-CMPN001x86_260114_LH00793_B23GCKKLT3	quinupristin	streptogramin b	No resistance	0	
0076p-CMPN001x86_260114_LH00793_B23GCKKLT3	pristinamycin ia	streptogramin b	No resistance	0	
0076p-CMPN001x86_260114_LH00793_B23GCKKLT3	virginiamycin s	streptogramin b	No resistance	0	
0076p-CMPN001x86_260114_LH00793_B23GCKKLT3	linezolid	oxazolidinone	No resistance	0	
0076p-CMPN001x86_260114_LH00793_B23GCKKLT3	chloramphenicol	amphenicol	No resistance	0	
0076p-CMPN001x86_260114_LH00793_B23GCKKLT3	florfenicol	amphenicol	No resistance	0	
0076p-CMPN001x86_260114_LH00793_B23GCKKLT3	colistin	polymyxin	No resistance	0	
0076p-CMPN001x86_260114_LH00793_B23GCKKLT3	fusidic acid	steroid antibacterial	No resistance	0	
0076p-CMPN001x86_260114_LH00793_B23GCKKLT3	mupirocin	pseudomonic acid	No resistance	0	
0076p-CMPN001x86_260114_LH00793_B23GCKKLT3	rifampicin	rifamycin	No resistance	0	
0076p-CMPN001x86_260114_LH00793_B23GCKKLT3	metronidazole	nitroimidazole	No resistance	0	
0076p-CMPN001x86_260114_LH00793_B23GCKKLT3	narasin	ionophores	No resistance	0	
0076p-CMPN001x86_260114_LH00793_B23GCKKLT3	salinomycin	ionophores	No resistance	0	
0076p-CMPN001x86_260114_LH00793_B23GCKKLT3	maduramicin	ionophores	No resistance	0	
0084v-CMPN001x87_260114_LH00793_B23GCKKLT3	gentamicin	aminoglycoside	No resistance	0	
0084v-CMPN001x87_260114_LH00793_B23GCKKLT3	tobramycin	aminoglycoside	No resistance	0	
0084v-CMPN001x87_260114_LH00793_B23GCKKLT3	streptomycin	aminoglycoside	No resistance	0	
0084v-CMPN001x87_260114_LH00793_B23GCKKLT3	amikacin	aminoglycoside	No resistance	0	
0084v-CMPN001x87_260114_LH00793_B23GCKKLT3	isepamicin	aminoglycoside	No resistance	0	
0084v-CMPN001x87_260114_LH00793_B23GCKKLT3	dibekacin	aminoglycoside	No resistance	0	
0084v-CMPN001x87_260114_LH00793_B23GCKKLT3	kanamycin	aminoglycoside	No resistance	0	
0084v-CMPN001x87_260114_LH00793_B23GCKKLT3	neomycin	aminoglycoside	No resistance	0	
0084v-CMPN001x87_260114_LH00793_B23GCKKLT3	lividomycin	aminoglycoside	No resistance	0	
0084v-CMPN001x87_260114_LH00793_B23GCKKLT3	paromomycin	aminoglycoside	No resistance	0	
0084v-CMPN001x87_260114_LH00793_B23GCKKLT3	ribostamycin	aminoglycoside	No resistance	0	
0084v-CMPN001x87_260114_LH00793_B23GCKKLT3	unknown aminoglycoside	aminoglycoside	No resistance	0	
0084v-CMPN001x87_260114_LH00793_B23GCKKLT3	butiromycin	aminoglycoside	No resistance	0	
0084v-CMPN001x87_260114_LH00793_B23GCKKLT3	butirosin	aminoglycoside	No resistance	0	
0084v-CMPN001x87_260114_LH00793_B23GCKKLT3	hygromycin	aminoglycoside	No resistance	0	
0084v-CMPN001x87_260114_LH00793_B23GCKKLT3	netilmicin	aminoglycoside	No resistance	0	
0084v-CMPN001x87_260114_LH00793_B23GCKKLT3	apramycin	aminoglycoside	No resistance	0	
0084v-CMPN001x87_260114_LH00793_B23GCKKLT3	sisomicin	aminoglycoside	No resistance	0	
0084v-CMPN001x87_260114_LH00793_B23GCKKLT3	arbekacin	aminoglycoside	No resistance	0	
0084v-CMPN001x87_260114_LH00793_B23GCKKLT3	kasugamycin	aminoglycoside	No resistance	0	
0084v-CMPN001x87_260114_LH00793_B23GCKKLT3	astromicin	aminoglycoside	No resistance	0	
0084v-CMPN001x87_260114_LH00793_B23GCKKLT3	fortimicin	aminoglycoside	No resistance	0	
0084v-CMPN001x87_260114_LH00793_B23GCKKLT3	spectinomycin	aminocyclitol	No resistance	0	
0084v-CMPN001x87_260114_LH00793_B23GCKKLT3	fluoroquinolone	quinolone	No resistance	0	
0084v-CMPN001x87_260114_LH00793_B23GCKKLT3	ciprofloxacin	quinolone	No resistance	0	
0084v-CMPN001x87_260114_LH00793_B23GCKKLT3	unknown quinolone	quinolone	No resistance	0	
0084v-CMPN001x87_260114_LH00793_B23GCKKLT3	nalidixic acid	quinolone	No resistance	0	
0084v-CMPN001x87_260114_LH00793_B23GCKKLT3	amoxicillin	beta-lactam	No resistance	0	
0084v-CMPN001x87_260114_LH00793_B23GCKKLT3	amoxicillin+clavulanic acid	beta-lactam	No resistance	0	
0084v-CMPN001x87_260114_LH00793_B23GCKKLT3	ampicillin	beta-lactam	No resistance	0	
0084v-CMPN001x87_260114_LH00793_B23GCKKLT3	ampicillin+clavulanic acid	beta-lactam	No resistance	0	
0084v-CMPN001x87_260114_LH00793_B23GCKKLT3	cefepime	beta-lactam	No resistance	0	
0084v-CMPN001x87_260114_LH00793_B23GCKKLT3	cefixime	beta-lactam	No resistance	0	
0084v-CMPN001x87_260114_LH00793_B23GCKKLT3	cefotaxime	beta-lactam	No resistance	0	
0084v-CMPN001x87_260114_LH00793_B23GCKKLT3	cefoxitin	beta-lactam	No resistance	0	
0084v-CMPN001x87_260114_LH00793_B23GCKKLT3	ceftazidime	beta-lactam	No resistance	0	
0084v-CMPN001x87_260114_LH00793_B23GCKKLT3	ertapenem	beta-lactam	No resistance	0	
0084v-CMPN001x87_260114_LH00793_B23GCKKLT3	imipenem	beta-lactam	No resistance	0	
0084v-CMPN001x87_260114_LH00793_B23GCKKLT3	meropenem	beta-lactam	No resistance	0	
0084v-CMPN001x87_260114_LH00793_B23GCKKLT3	piperacillin	beta-lactam	No resistance	0	
0084v-CMPN001x87_260114_LH00793_B23GCKKLT3	piperacillin+tazobactam	beta-lactam	No resistance	0	
0084v-CMPN001x87_260114_LH00793_B23GCKKLT3	unknown beta-lactam	beta-lactam	No resistance	0	
0084v-CMPN001x87_260114_LH00793_B23GCKKLT3	aztreonam	beta-lactam	No resistance	0	
0084v-CMPN001x87_260114_LH00793_B23GCKKLT3	cefotaxime+clavulanic acid	beta-lactam	No resistance	0	
0084v-CMPN001x87_260114_LH00793_B23GCKKLT3	temocillin	beta-lactam	No resistance	0	
0084v-CMPN001x87_260114_LH00793_B23GCKKLT3	ticarcillin	beta-lactam	No resistance	0	
0084v-CMPN001x87_260114_LH00793_B23GCKKLT3	ceftazidime+avibactam	beta-lactam	No resistance	0	
0084v-CMPN001x87_260114_LH00793_B23GCKKLT3	penicillin	beta-lactam	No resistance	0	
0084v-CMPN001x87_260114_LH00793_B23GCKKLT3	ceftriaxone	beta-lactam	No resistance	0	
0084v-CMPN001x87_260114_LH00793_B23GCKKLT3	ticarcillin+clavulanic acid	beta-lactam	No resistance	0	
0084v-CMPN001x87_260114_LH00793_B23GCKKLT3	cephalothin	beta-lactam	No resistance	0	
0084v-CMPN001x87_260114_LH00793_B23GCKKLT3	piperacillin+clavulanic acid	beta-lactam	No resistance	0	
0084v-CMPN001x87_260114_LH00793_B23GCKKLT3	ceftiofur	under_development	No resistance	0	
0084v-CMPN001x87_260114_LH00793_B23GCKKLT3	sulfamethoxazole	folate pathway antagonist	No resistance	0	
0084v-CMPN001x87_260114_LH00793_B23GCKKLT3	trimethoprim	folate pathway antagonist	No resistance	0	
0084v-CMPN001x87_260114_LH00793_B23GCKKLT3	fosfomycin	fosfomycin	No resistance	0	
0084v-CMPN001x87_260114_LH00793_B23GCKKLT3	vancomycin	glycopeptide	No resistance	0	
0084v-CMPN001x87_260114_LH00793_B23GCKKLT3	teicoplanin	glycopeptide	No resistance	0	
0084v-CMPN001x87_260114_LH00793_B23GCKKLT3	bleomycin	glycopeptide	No resistance	0	
0084v-CMPN001x87_260114_LH00793_B23GCKKLT3	lincomycin	lincosamide	No resistance	0	
0084v-CMPN001x87_260114_LH00793_B23GCKKLT3	clindamycin	lincosamide	No resistance	0	
0084v-CMPN001x87_260114_LH00793_B23GCKKLT3	dalfopristin	streptogramin a	No resistance	0	
0084v-CMPN001x87_260114_LH00793_B23GCKKLT3	pristinamycin iia	streptogramin a	No resistance	0	
0084v-CMPN001x87_260114_LH00793_B23GCKKLT3	virginiamycin m	streptogramin a	No resistance	0	
0084v-CMPN001x87_260114_LH00793_B23GCKKLT3	quinupristin+dalfopristin	streptogramin a	No resistance	0	
0084v-CMPN001x87_260114_LH00793_B23GCKKLT3	tiamulin	pleuromutilin	No resistance	0	
0084v-CMPN001x87_260114_LH00793_B23GCKKLT3	carbomycin	macrolide	No resistance	0	
0084v-CMPN001x87_260114_LH00793_B23GCKKLT3	erythromycin	macrolide	No resistance	0	
0084v-CMPN001x87_260114_LH00793_B23GCKKLT3	azithromycin	macrolide	No resistance	0	
0084v-CMPN001x87_260114_LH00793_B23GCKKLT3	oleandomycin	macrolide	No resistance	0	
0084v-CMPN001x87_260114_LH00793_B23GCKKLT3	spiramycin	macrolide	No resistance	0	
0084v-CMPN001x87_260114_LH00793_B23GCKKLT3	tylosin	macrolide	No resistance	0	
0084v-CMPN001x87_260114_LH00793_B23GCKKLT3	telithromycin	macrolide	No resistance	0	
0084v-CMPN001x87_260114_LH00793_B23GCKKLT3	tetracycline	tetracycline	No resistance	0	
0084v-CMPN001x87_260114_LH00793_B23GCKKLT3	doxycycline	tetracycline	No resistance	0	
0084v-CMPN001x87_260114_LH00793_B23GCKKLT3	minocycline	tetracycline	No resistance	0	
0084v-CMPN001x87_260114_LH00793_B23GCKKLT3	tigecycline	tetracycline	No resistance	0	
0084v-CMPN001x87_260114_LH00793_B23GCKKLT3	quinupristin	streptogramin b	No resistance	0	
0084v-CMPN001x87_260114_LH00793_B23GCKKLT3	pristinamycin ia	streptogramin b	No resistance	0	
0084v-CMPN001x87_260114_LH00793_B23GCKKLT3	virginiamycin s	streptogramin b	No resistance	0	
0084v-CMPN001x87_260114_LH00793_B23GCKKLT3	linezolid	oxazolidinone	No resistance	0	
0084v-CMPN001x87_260114_LH00793_B23GCKKLT3	chloramphenicol	amphenicol	No resistance	0	
0084v-CMPN001x87_260114_LH00793_B23GCKKLT3	florfenicol	amphenicol	No resistance	0	
0084v-CMPN001x87_260114_LH00793_B23GCKKLT3	colistin	polymyxin	No resistance	0	
0084v-CMPN001x87_260114_LH00793_B23GCKKLT3	fusidic acid	steroid antibacterial	No resistance	0	
0084v-CMPN001x87_260114_LH00793_B23GCKKLT3	mupirocin	pseudomonic acid	No resistance	0	
0084v-CMPN001x87_260114_LH00793_B23GCKKLT3	rifampicin	rifamycin	No resistance	0	
0084v-CMPN001x87_260114_LH00793_B23GCKKLT3	metronidazole	nitroimidazole	No resistance	0	
0084v-CMPN001x87_260114_LH00793_B23GCKKLT3	narasin	ionophores	No resistance	0	
0084v-CMPN001x87_260114_LH00793_B23GCKKLT3	salinomycin	ionophores	No resistance	0	
0084v-CMPN001x87_260114_LH00793_B23GCKKLT3	maduramicin	ionophores	No resistance	0	
0093s-CMPN001x88_260114_LH00793_B23GCKKLT3	gentamicin	aminoglycoside	No resistance	0	
0093s-CMPN001x88_260114_LH00793_B23GCKKLT3	tobramycin	aminoglycoside	No resistance	0	
0093s-CMPN001x88_260114_LH00793_B23GCKKLT3	streptomycin	aminoglycoside	No resistance	0	
0093s-CMPN001x88_260114_LH00793_B23GCKKLT3	amikacin	aminoglycoside	No resistance	0	
0093s-CMPN001x88_260114_LH00793_B23GCKKLT3	isepamicin	aminoglycoside	No resistance	0	
0093s-CMPN001x88_260114_LH00793_B23GCKKLT3	dibekacin	aminoglycoside	No resistance	0	
0093s-CMPN001x88_260114_LH00793_B23GCKKLT3	kanamycin	aminoglycoside	No resistance	0	
0093s-CMPN001x88_260114_LH00793_B23GCKKLT3	neomycin	aminoglycoside	No resistance	0	
0093s-CMPN001x88_260114_LH00793_B23GCKKLT3	lividomycin	aminoglycoside	No resistance	0	
0093s-CMPN001x88_260114_LH00793_B23GCKKLT3	paromomycin	aminoglycoside	No resistance	0	
0093s-CMPN001x88_260114_LH00793_B23GCKKLT3	ribostamycin	aminoglycoside	No resistance	0	
0093s-CMPN001x88_260114_LH00793_B23GCKKLT3	unknown aminoglycoside	aminoglycoside	No resistance	0	
0093s-CMPN001x88_260114_LH00793_B23GCKKLT3	butiromycin	aminoglycoside	No resistance	0	
0093s-CMPN001x88_260114_LH00793_B23GCKKLT3	butirosin	aminoglycoside	No resistance	0	
0093s-CMPN001x88_260114_LH00793_B23GCKKLT3	hygromycin	aminoglycoside	No resistance	0	
0093s-CMPN001x88_260114_LH00793_B23GCKKLT3	netilmicin	aminoglycoside	No resistance	0	
0093s-CMPN001x88_260114_LH00793_B23GCKKLT3	apramycin	aminoglycoside	No resistance	0	
0093s-CMPN001x88_260114_LH00793_B23GCKKLT3	sisomicin	aminoglycoside	No resistance	0	
0093s-CMPN001x88_260114_LH00793_B23GCKKLT3	arbekacin	aminoglycoside	No resistance	0	
0093s-CMPN001x88_260114_LH00793_B23GCKKLT3	kasugamycin	aminoglycoside	No resistance	0	
0093s-CMPN001x88_260114_LH00793_B23GCKKLT3	astromicin	aminoglycoside	No resistance	0	
0093s-CMPN001x88_260114_LH00793_B23GCKKLT3	fortimicin	aminoglycoside	No resistance	0	
0093s-CMPN001x88_260114_LH00793_B23GCKKLT3	spectinomycin	aminocyclitol	No resistance	0	
0093s-CMPN001x88_260114_LH00793_B23GCKKLT3	fluoroquinolone	quinolone	No resistance	0	
0093s-CMPN001x88_260114_LH00793_B23GCKKLT3	ciprofloxacin	quinolone	No resistance	0	
0093s-CMPN001x88_260114_LH00793_B23GCKKLT3	unknown quinolone	quinolone	No resistance	0	
0093s-CMPN001x88_260114_LH00793_B23GCKKLT3	nalidixic acid	quinolone	No resistance	0	
0093s-CMPN001x88_260114_LH00793_B23GCKKLT3	amoxicillin	beta-lactam	No resistance	0	
0093s-CMPN001x88_260114_LH00793_B23GCKKLT3	amoxicillin+clavulanic acid	beta-lactam	No resistance	0	
0093s-CMPN001x88_260114_LH00793_B23GCKKLT3	ampicillin	beta-lactam	No resistance	0	
0093s-CMPN001x88_260114_LH00793_B23GCKKLT3	ampicillin+clavulanic acid	beta-lactam	No resistance	0	
0093s-CMPN001x88_260114_LH00793_B23GCKKLT3	cefepime	beta-lactam	No resistance	0	
0093s-CMPN001x88_260114_LH00793_B23GCKKLT3	cefixime	beta-lactam	No resistance	0	
0093s-CMPN001x88_260114_LH00793_B23GCKKLT3	cefotaxime	beta-lactam	No resistance	0	
0093s-CMPN001x88_260114_LH00793_B23GCKKLT3	cefoxitin	beta-lactam	No resistance	0	
0093s-CMPN001x88_260114_LH00793_B23GCKKLT3	ceftazidime	beta-lactam	No resistance	0	
0093s-CMPN001x88_260114_LH00793_B23GCKKLT3	ertapenem	beta-lactam	No resistance	0	
0093s-CMPN001x88_260114_LH00793_B23GCKKLT3	imipenem	beta-lactam	No resistance	0	
0093s-CMPN001x88_260114_LH00793_B23GCKKLT3	meropenem	beta-lactam	No resistance	0	
0093s-CMPN001x88_260114_LH00793_B23GCKKLT3	piperacillin	beta-lactam	No resistance	0	
0093s-CMPN001x88_260114_LH00793_B23GCKKLT3	piperacillin+tazobactam	beta-lactam	No resistance	0	
0093s-CMPN001x88_260114_LH00793_B23GCKKLT3	unknown beta-lactam	beta-lactam	No resistance	0	
0093s-CMPN001x88_260114_LH00793_B23GCKKLT3	aztreonam	beta-lactam	No resistance	0	
0093s-CMPN001x88_260114_LH00793_B23GCKKLT3	cefotaxime+clavulanic acid	beta-lactam	No resistance	0	
0093s-CMPN001x88_260114_LH00793_B23GCKKLT3	temocillin	beta-lactam	No resistance	0	
0093s-CMPN001x88_260114_LH00793_B23GCKKLT3	ticarcillin	beta-lactam	No resistance	0	
0093s-CMPN001x88_260114_LH00793_B23GCKKLT3	ceftazidime+avibactam	beta-lactam	No resistance	0	
0093s-CMPN001x88_260114_LH00793_B23GCKKLT3	penicillin	beta-lactam	No resistance	0	
0093s-CMPN001x88_260114_LH00793_B23GCKKLT3	ceftriaxone	beta-lactam	No resistance	0	
0093s-CMPN001x88_260114_LH00793_B23GCKKLT3	ticarcillin+clavulanic acid	beta-lactam	No resistance	0	
0093s-CMPN001x88_260114_LH00793_B23GCKKLT3	cephalothin	beta-lactam	No resistance	0	
0093s-CMPN001x88_260114_LH00793_B23GCKKLT3	piperacillin+clavulanic acid	beta-lactam	No resistance	0	
0093s-CMPN001x88_260114_LH00793_B23GCKKLT3	ceftiofur	under_development	No resistance	0	
0093s-CMPN001x88_260114_LH00793_B23GCKKLT3	sulfamethoxazole	folate pathway antagonist	No resistance	0	
0093s-CMPN001x88_260114_LH00793_B23GCKKLT3	trimethoprim	folate pathway antagonist	No resistance	0	
0093s-CMPN001x88_260114_LH00793_B23GCKKLT3	fosfomycin	fosfomycin	No resistance	0	
0093s-CMPN001x88_260114_LH00793_B23GCKKLT3	vancomycin	glycopeptide	No resistance	0	
0093s-CMPN001x88_260114_LH00793_B23GCKKLT3	teicoplanin	glycopeptide	No resistance	0	
0093s-CMPN001x88_260114_LH00793_B23GCKKLT3	bleomycin	glycopeptide	No resistance	0	
0093s-CMPN001x88_260114_LH00793_B23GCKKLT3	lincomycin	lincosamide	No resistance	0	
0093s-CMPN001x88_260114_LH00793_B23GCKKLT3	clindamycin	lincosamide	No resistance	0	
0093s-CMPN001x88_260114_LH00793_B23GCKKLT3	dalfopristin	streptogramin a	No resistance	0	
0093s-CMPN001x88_260114_LH00793_B23GCKKLT3	pristinamycin iia	streptogramin a	No resistance	0	
0093s-CMPN001x88_260114_LH00793_B23GCKKLT3	virginiamycin m	streptogramin a	No resistance	0	
0093s-CMPN001x88_260114_LH00793_B23GCKKLT3	quinupristin+dalfopristin	streptogramin a	No resistance	0	
0093s-CMPN001x88_260114_LH00793_B23GCKKLT3	tiamulin	pleuromutilin	No resistance	0	
0093s-CMPN001x88_260114_LH00793_B23GCKKLT3	carbomycin	macrolide	No resistance	0	
0093s-CMPN001x88_260114_LH00793_B23GCKKLT3	erythromycin	macrolide	No resistance	0	
0093s-CMPN001x88_260114_LH00793_B23GCKKLT3	azithromycin	macrolide	No resistance	0	
0093s-CMPN001x88_260114_LH00793_B23GCKKLT3	oleandomycin	macrolide	No resistance	0	
0093s-CMPN001x88_260114_LH00793_B23GCKKLT3	spiramycin	macrolide	No resistance	0	
0093s-CMPN001x88_260114_LH00793_B23GCKKLT3	tylosin	macrolide	No resistance	0	
0093s-CMPN001x88_260114_LH00793_B23GCKKLT3	telithromycin	macrolide	No resistance	0	
0093s-CMPN001x88_260114_LH00793_B23GCKKLT3	tetracycline	tetracycline	No resistance	0	
0093s-CMPN001x88_260114_LH00793_B23GCKKLT3	doxycycline	tetracycline	No resistance	0	
0093s-CMPN001x88_260114_LH00793_B23GCKKLT3	minocycline	tetracycline	No resistance	0	
0093s-CMPN001x88_260114_LH00793_B23GCKKLT3	tigecycline	tetracycline	No resistance	0	
0093s-CMPN001x88_260114_LH00793_B23GCKKLT3	quinupristin	streptogramin b	No resistance	0	
0093s-CMPN001x88_260114_LH00793_B23GCKKLT3	pristinamycin ia	streptogramin b	No resistance	0	
0093s-CMPN001x88_260114_LH00793_B23GCKKLT3	virginiamycin s	streptogramin b	No resistance	0	
0093s-CMPN001x88_260114_LH00793_B23GCKKLT3	linezolid	oxazolidinone	No resistance	0	
0093s-CMPN001x88_260114_LH00793_B23GCKKLT3	chloramphenicol	amphenicol	No resistance	0	
0093s-CMPN001x88_260114_LH00793_B23GCKKLT3	florfenicol	amphenicol	No resistance	0	
0093s-CMPN001x88_260114_LH00793_B23GCKKLT3	colistin	polymyxin	No resistance	0	
0093s-CMPN001x88_260114_LH00793_B23GCKKLT3	fusidic acid	steroid antibacterial	No resistance	0	
0093s-CMPN001x88_260114_LH00793_B23GCKKLT3	mupirocin	pseudomonic acid	No resistance	0	
0093s-CMPN001x88_260114_LH00793_B23GCKKLT3	rifampicin	rifamycin	No resistance	0	
0093s-CMPN001x88_260114_LH00793_B23GCKKLT3	metronidazole	nitroimidazole	No resistance	0	
0093s-CMPN001x88_260114_LH00793_B23GCKKLT3	narasin	ionophores	No resistance	0	
0093s-CMPN001x88_260114_LH00793_B23GCKKLT3	salinomycin	ionophores	No resistance	0	
0093s-CMPN001x88_260114_LH00793_B23GCKKLT3	maduramicin	ionophores	No resistance	0	
0106g-CMPN001x89_260114_LH00793_B23GCKKLT3	gentamicin	aminoglycoside	No resistance	0	
0106g-CMPN001x89_260114_LH00793_B23GCKKLT3	tobramycin	aminoglycoside	No resistance	0	
0106g-CMPN001x89_260114_LH00793_B23GCKKLT3	streptomycin	aminoglycoside	No resistance	0	
0106g-CMPN001x89_260114_LH00793_B23GCKKLT3	amikacin	aminoglycoside	No resistance	0	
0106g-CMPN001x89_260114_LH00793_B23GCKKLT3	isepamicin	aminoglycoside	No resistance	0	
0106g-CMPN001x89_260114_LH00793_B23GCKKLT3	dibekacin	aminoglycoside	No resistance	0	
0106g-CMPN001x89_260114_LH00793_B23GCKKLT3	kanamycin	aminoglycoside	No resistance	0	
0106g-CMPN001x89_260114_LH00793_B23GCKKLT3	neomycin	aminoglycoside	No resistance	0	
0106g-CMPN001x89_260114_LH00793_B23GCKKLT3	lividomycin	aminoglycoside	No resistance	0	
0106g-CMPN001x89_260114_LH00793_B23GCKKLT3	paromomycin	aminoglycoside	No resistance	0	
0106g-CMPN001x89_260114_LH00793_B23GCKKLT3	ribostamycin	aminoglycoside	No resistance	0	
0106g-CMPN001x89_260114_LH00793_B23GCKKLT3	unknown aminoglycoside	aminoglycoside	No resistance	0	
0106g-CMPN001x89_260114_LH00793_B23GCKKLT3	butiromycin	aminoglycoside	No resistance	0	
0106g-CMPN001x89_260114_LH00793_B23GCKKLT3	butirosin	aminoglycoside	No resistance	0	
0106g-CMPN001x89_260114_LH00793_B23GCKKLT3	hygromycin	aminoglycoside	No resistance	0	
0106g-CMPN001x89_260114_LH00793_B23GCKKLT3	netilmicin	aminoglycoside	No resistance	0	
0106g-CMPN001x89_260114_LH00793_B23GCKKLT3	apramycin	aminoglycoside	No resistance	0	
0106g-CMPN001x89_260114_LH00793_B23GCKKLT3	sisomicin	aminoglycoside	No resistance	0	
0106g-CMPN001x89_260114_LH00793_B23GCKKLT3	arbekacin	aminoglycoside	No resistance	0	
0106g-CMPN001x89_260114_LH00793_B23GCKKLT3	kasugamycin	aminoglycoside	No resistance	0	
0106g-CMPN001x89_260114_LH00793_B23GCKKLT3	astromicin	aminoglycoside	No resistance	0	
0106g-CMPN001x89_260114_LH00793_B23GCKKLT3	fortimicin	aminoglycoside	No resistance	0	
0106g-CMPN001x89_260114_LH00793_B23GCKKLT3	spectinomycin	aminocyclitol	No resistance	0	
0106g-CMPN001x89_260114_LH00793_B23GCKKLT3	fluoroquinolone	quinolone	No resistance	0	
0106g-CMPN001x89_260114_LH00793_B23GCKKLT3	ciprofloxacin	quinolone	No resistance	0	
0106g-CMPN001x89_260114_LH00793_B23GCKKLT3	unknown quinolone	quinolone	No resistance	0	
0106g-CMPN001x89_260114_LH00793_B23GCKKLT3	nalidixic acid	quinolone	No resistance	0	
0106g-CMPN001x89_260114_LH00793_B23GCKKLT3	amoxicillin	beta-lactam	No resistance	0	
0106g-CMPN001x89_260114_LH00793_B23GCKKLT3	amoxicillin+clavulanic acid	beta-lactam	No resistance	0	
0106g-CMPN001x89_260114_LH00793_B23GCKKLT3	ampicillin	beta-lactam	No resistance	0	
0106g-CMPN001x89_260114_LH00793_B23GCKKLT3	ampicillin+clavulanic acid	beta-lactam	No resistance	0	
0106g-CMPN001x89_260114_LH00793_B23GCKKLT3	cefepime	beta-lactam	No resistance	0	
0106g-CMPN001x89_260114_LH00793_B23GCKKLT3	cefixime	beta-lactam	No resistance	0	
0106g-CMPN001x89_260114_LH00793_B23GCKKLT3	cefotaxime	beta-lactam	No resistance	0	
0106g-CMPN001x89_260114_LH00793_B23GCKKLT3	cefoxitin	beta-lactam	No resistance	0	
0106g-CMPN001x89_260114_LH00793_B23GCKKLT3	ceftazidime	beta-lactam	No resistance	0	
0106g-CMPN001x89_260114_LH00793_B23GCKKLT3	ertapenem	beta-lactam	No resistance	0	
0106g-CMPN001x89_260114_LH00793_B23GCKKLT3	imipenem	beta-lactam	No resistance	0	
0106g-CMPN001x89_260114_LH00793_B23GCKKLT3	meropenem	beta-lactam	No resistance	0	
0106g-CMPN001x89_260114_LH00793_B23GCKKLT3	piperacillin	beta-lactam	No resistance	0	
0106g-CMPN001x89_260114_LH00793_B23GCKKLT3	piperacillin+tazobactam	beta-lactam	No resistance	0	
0106g-CMPN001x89_260114_LH00793_B23GCKKLT3	unknown beta-lactam	beta-lactam	No resistance	0	
0106g-CMPN001x89_260114_LH00793_B23GCKKLT3	aztreonam	beta-lactam	No resistance	0	
0106g-CMPN001x89_260114_LH00793_B23GCKKLT3	cefotaxime+clavulanic acid	beta-lactam	No resistance	0	
0106g-CMPN001x89_260114_LH00793_B23GCKKLT3	temocillin	beta-lactam	No resistance	0	
0106g-CMPN001x89_260114_LH00793_B23GCKKLT3	ticarcillin	beta-lactam	No resistance	0	
0106g-CMPN001x89_260114_LH00793_B23GCKKLT3	ceftazidime+avibactam	beta-lactam	No resistance	0	
0106g-CMPN001x89_260114_LH00793_B23GCKKLT3	penicillin	beta-lactam	No resistance	0	
0106g-CMPN001x89_260114_LH00793_B23GCKKLT3	ceftriaxone	beta-lactam	No resistance	0	
0106g-CMPN001x89_260114_LH00793_B23GCKKLT3	ticarcillin+clavulanic acid	beta-lactam	No resistance	0	
0106g-CMPN001x89_260114_LH00793_B23GCKKLT3	cephalothin	beta-lactam	No resistance	0	
0106g-CMPN001x89_260114_LH00793_B23GCKKLT3	piperacillin+clavulanic acid	beta-lactam	No resistance	0	
0106g-CMPN001x89_260114_LH00793_B23GCKKLT3	ceftiofur	under_development	No resistance	0	
0106g-CMPN001x89_260114_LH00793_B23GCKKLT3	sulfamethoxazole	folate pathway antagonist	No resistance	0	
0106g-CMPN001x89_260114_LH00793_B23GCKKLT3	trimethoprim	folate pathway antagonist	No resistance	0	
0106g-CMPN001x89_260114_LH00793_B23GCKKLT3	fosfomycin	fosfomycin	No resistance	0	
0106g-CMPN001x89_260114_LH00793_B23GCKKLT3	vancomycin	glycopeptide	No resistance	0	
0106g-CMPN001x89_260114_LH00793_B23GCKKLT3	teicoplanin	glycopeptide	No resistance	0	
0106g-CMPN001x89_260114_LH00793_B23GCKKLT3	bleomycin	glycopeptide	No resistance	0	
0106g-CMPN001x89_260114_LH00793_B23GCKKLT3	lincomycin	lincosamide	No resistance	0	
0106g-CMPN001x89_260114_LH00793_B23GCKKLT3	clindamycin	lincosamide	No resistance	0	
0106g-CMPN001x89_260114_LH00793_B23GCKKLT3	dalfopristin	streptogramin a	No resistance	0	
0106g-CMPN001x89_260114_LH00793_B23GCKKLT3	pristinamycin iia	streptogramin a	No resistance	0	
0106g-CMPN001x89_260114_LH00793_B23GCKKLT3	virginiamycin m	streptogramin a	No resistance	0	
0106g-CMPN001x89_260114_LH00793_B23GCKKLT3	quinupristin+dalfopristin	streptogramin a	No resistance	0	
0106g-CMPN001x89_260114_LH00793_B23GCKKLT3	tiamulin	pleuromutilin	No resistance	0	
0106g-CMPN001x89_260114_LH00793_B23GCKKLT3	carbomycin	macrolide	No resistance	0	
0106g-CMPN001x89_260114_LH00793_B23GCKKLT3	erythromycin	macrolide	No resistance	0	
0106g-CMPN001x89_260114_LH00793_B23GCKKLT3	azithromycin	macrolide	No resistance	0	
0106g-CMPN001x89_260114_LH00793_B23GCKKLT3	oleandomycin	macrolide	No resistance	0	
0106g-CMPN001x89_260114_LH00793_B23GCKKLT3	spiramycin	macrolide	No resistance	0	
0106g-CMPN001x89_260114_LH00793_B23GCKKLT3	tylosin	macrolide	No resistance	0	
0106g-CMPN001x89_260114_LH00793_B23GCKKLT3	telithromycin	macrolide	No resistance	0	
0106g-CMPN001x89_260114_LH00793_B23GCKKLT3	tetracycline	tetracycline	No resistance	0	
0106g-CMPN001x89_260114_LH00793_B23GCKKLT3	doxycycline	tetracycline	No resistance	0	
0106g-CMPN001x89_260114_LH00793_B23GCKKLT3	minocycline	tetracycline	No resistance	0	
0106g-CMPN001x89_260114_LH00793_B23GCKKLT3	tigecycline	tetracycline	No resistance	0	
0106g-CMPN001x89_260114_LH00793_B23GCKKLT3	quinupristin	streptogramin b	No resistance	0	
0106g-CMPN001x89_260114_LH00793_B23GCKKLT3	pristinamycin ia	streptogramin b	No resistance	0	
0106g-CMPN001x89_260114_LH00793_B23GCKKLT3	virginiamycin s	streptogramin b	No resistance	0	
0106g-CMPN001x89_260114_LH00793_B23GCKKLT3	linezolid	oxazolidinone	No resistance	0	
0106g-CMPN001x89_260114_LH00793_B23GCKKLT3	chloramphenicol	amphenicol	No resistance	0	
0106g-CMPN001x89_260114_LH00793_B23GCKKLT3	florfenicol	amphenicol	No resistance	0	
0106g-CMPN001x89_260114_LH00793_B23GCKKLT3	colistin	polymyxin	No resistance	0	
0106g-CMPN001x89_260114_LH00793_B23GCKKLT3	fusidic acid	steroid antibacterial	No resistance	0	
0106g-CMPN001x89_260114_LH00793_B23GCKKLT3	mupirocin	pseudomonic acid	No resistance	0	
0106g-CMPN001x89_260114_LH00793_B23GCKKLT3	rifampicin	rifamycin	No resistance	0	
0106g-CMPN001x89_260114_LH00793_B23GCKKLT3	metronidazole	nitroimidazole	No resistance	0	
0106g-CMPN001x89_260114_LH00793_B23GCKKLT3	narasin	ionophores	No resistance	0	
0106g-CMPN001x89_260114_LH00793_B23GCKKLT3	salinomycin	ionophores	No resistance	0	
0106g-CMPN001x89_260114_LH00793_B23GCKKLT3	maduramicin	ionophores	No resistance	0	
0106s-CMPN001x90_260114_LH00793_B23GCKKLT3	gentamicin	aminoglycoside	No resistance	0	
0106s-CMPN001x90_260114_LH00793_B23GCKKLT3	tobramycin	aminoglycoside	No resistance	0	
0106s-CMPN001x90_260114_LH00793_B23GCKKLT3	streptomycin	aminoglycoside	No resistance	0	
0106s-CMPN001x90_260114_LH00793_B23GCKKLT3	amikacin	aminoglycoside	No resistance	0	
0106s-CMPN001x90_260114_LH00793_B23GCKKLT3	isepamicin	aminoglycoside	No resistance	0	
0106s-CMPN001x90_260114_LH00793_B23GCKKLT3	dibekacin	aminoglycoside	No resistance	0	
0106s-CMPN001x90_260114_LH00793_B23GCKKLT3	kanamycin	aminoglycoside	No resistance	0	
0106s-CMPN001x90_260114_LH00793_B23GCKKLT3	neomycin	aminoglycoside	No resistance	0	
0106s-CMPN001x90_260114_LH00793_B23GCKKLT3	lividomycin	aminoglycoside	No resistance	0	
0106s-CMPN001x90_260114_LH00793_B23GCKKLT3	paromomycin	aminoglycoside	No resistance	0	
0106s-CMPN001x90_260114_LH00793_B23GCKKLT3	ribostamycin	aminoglycoside	No resistance	0	
0106s-CMPN001x90_260114_LH00793_B23GCKKLT3	unknown aminoglycoside	aminoglycoside	No resistance	0	
0106s-CMPN001x90_260114_LH00793_B23GCKKLT3	butiromycin	aminoglycoside	No resistance	0	
0106s-CMPN001x90_260114_LH00793_B23GCKKLT3	butirosin	aminoglycoside	No resistance	0	
0106s-CMPN001x90_260114_LH00793_B23GCKKLT3	hygromycin	aminoglycoside	No resistance	0	
0106s-CMPN001x90_260114_LH00793_B23GCKKLT3	netilmicin	aminoglycoside	No resistance	0	
0106s-CMPN001x90_260114_LH00793_B23GCKKLT3	apramycin	aminoglycoside	No resistance	0	
0106s-CMPN001x90_260114_LH00793_B23GCKKLT3	sisomicin	aminoglycoside	No resistance	0	
0106s-CMPN001x90_260114_LH00793_B23GCKKLT3	arbekacin	aminoglycoside	No resistance	0	
0106s-CMPN001x90_260114_LH00793_B23GCKKLT3	kasugamycin	aminoglycoside	No resistance	0	
0106s-CMPN001x90_260114_LH00793_B23GCKKLT3	astromicin	aminoglycoside	No resistance	0	
0106s-CMPN001x90_260114_LH00793_B23GCKKLT3	fortimicin	aminoglycoside	No resistance	0	
0106s-CMPN001x90_260114_LH00793_B23GCKKLT3	spectinomycin	aminocyclitol	No resistance	0	
0106s-CMPN001x90_260114_LH00793_B23GCKKLT3	fluoroquinolone	quinolone	No resistance	0	
0106s-CMPN001x90_260114_LH00793_B23GCKKLT3	ciprofloxacin	quinolone	No resistance	0	
0106s-CMPN001x90_260114_LH00793_B23GCKKLT3	unknown quinolone	quinolone	No resistance	0	
0106s-CMPN001x90_260114_LH00793_B23GCKKLT3	nalidixic acid	quinolone	No resistance	0	
0106s-CMPN001x90_260114_LH00793_B23GCKKLT3	amoxicillin	beta-lactam	No resistance	0	
0106s-CMPN001x90_260114_LH00793_B23GCKKLT3	amoxicillin+clavulanic acid	beta-lactam	No resistance	0	
0106s-CMPN001x90_260114_LH00793_B23GCKKLT3	ampicillin	beta-lactam	No resistance	0	
0106s-CMPN001x90_260114_LH00793_B23GCKKLT3	ampicillin+clavulanic acid	beta-lactam	No resistance	0	
0106s-CMPN001x90_260114_LH00793_B23GCKKLT3	cefepime	beta-lactam	No resistance	0	
0106s-CMPN001x90_260114_LH00793_B23GCKKLT3	cefixime	beta-lactam	No resistance	0	
0106s-CMPN001x90_260114_LH00793_B23GCKKLT3	cefotaxime	beta-lactam	No resistance	0	
0106s-CMPN001x90_260114_LH00793_B23GCKKLT3	cefoxitin	beta-lactam	No resistance	0	
0106s-CMPN001x90_260114_LH00793_B23GCKKLT3	ceftazidime	beta-lactam	No resistance	0	
0106s-CMPN001x90_260114_LH00793_B23GCKKLT3	ertapenem	beta-lactam	No resistance	0	
0106s-CMPN001x90_260114_LH00793_B23GCKKLT3	imipenem	beta-lactam	No resistance	0	
0106s-CMPN001x90_260114_LH00793_B23GCKKLT3	meropenem	beta-lactam	No resistance	0	
0106s-CMPN001x90_260114_LH00793_B23GCKKLT3	piperacillin	beta-lactam	No resistance	0	
0106s-CMPN001x90_260114_LH00793_B23GCKKLT3	piperacillin+tazobactam	beta-lactam	No resistance	0	
0106s-CMPN001x90_260114_LH00793_B23GCKKLT3	unknown beta-lactam	beta-lactam	No resistance	0	
0106s-CMPN001x90_260114_LH00793_B23GCKKLT3	aztreonam	beta-lactam	No resistance	0	
0106s-CMPN001x90_260114_LH00793_B23GCKKLT3	cefotaxime+clavulanic acid	beta-lactam	No resistance	0	
0106s-CMPN001x90_260114_LH00793_B23GCKKLT3	temocillin	beta-lactam	No resistance	0	
0106s-CMPN001x90_260114_LH00793_B23GCKKLT3	ticarcillin	beta-lactam	No resistance	0	
0106s-CMPN001x90_260114_LH00793_B23GCKKLT3	ceftazidime+avibactam	beta-lactam	No resistance	0	
0106s-CMPN001x90_260114_LH00793_B23GCKKLT3	penicillin	beta-lactam	No resistance	0	
0106s-CMPN001x90_260114_LH00793_B23GCKKLT3	ceftriaxone	beta-lactam	No resistance	0	
0106s-CMPN001x90_260114_LH00793_B23GCKKLT3	ticarcillin+clavulanic acid	beta-lactam	No resistance	0	
0106s-CMPN001x90_260114_LH00793_B23GCKKLT3	cephalothin	beta-lactam	No resistance	0	
0106s-CMPN001x90_260114_LH00793_B23GCKKLT3	piperacillin+clavulanic acid	beta-lactam	No resistance	0	
0106s-CMPN001x90_260114_LH00793_B23GCKKLT3	ceftiofur	under_development	No resistance	0	
0106s-CMPN001x90_260114_LH00793_B23GCKKLT3	sulfamethoxazole	folate pathway antagonist	No resistance	0	
0106s-CMPN001x90_260114_LH00793_B23GCKKLT3	trimethoprim	folate pathway antagonist	No resistance	0	
0106s-CMPN001x90_260114_LH00793_B23GCKKLT3	fosfomycin	fosfomycin	No resistance	0	
0106s-CMPN001x90_260114_LH00793_B23GCKKLT3	vancomycin	glycopeptide	No resistance	0	
0106s-CMPN001x90_260114_LH00793_B23GCKKLT3	teicoplanin	glycopeptide	No resistance	0	
0106s-CMPN001x90_260114_LH00793_B23GCKKLT3	bleomycin	glycopeptide	No resistance	0	
0106s-CMPN001x90_260114_LH00793_B23GCKKLT3	lincomycin	lincosamide	No resistance	0	
0106s-CMPN001x90_260114_LH00793_B23GCKKLT3	clindamycin	lincosamide	No resistance	0	
0106s-CMPN001x90_260114_LH00793_B23GCKKLT3	dalfopristin	streptogramin a	No resistance	0	
0106s-CMPN001x90_260114_LH00793_B23GCKKLT3	pristinamycin iia	streptogramin a	No resistance	0	
0106s-CMPN001x90_260114_LH00793_B23GCKKLT3	virginiamycin m	streptogramin a	No resistance	0	
0106s-CMPN001x90_260114_LH00793_B23GCKKLT3	quinupristin+dalfopristin	streptogramin a	No resistance	0	
0106s-CMPN001x90_260114_LH00793_B23GCKKLT3	tiamulin	pleuromutilin	No resistance	0	
0106s-CMPN001x90_260114_LH00793_B23GCKKLT3	carbomycin	macrolide	No resistance	0	
0106s-CMPN001x90_260114_LH00793_B23GCKKLT3	erythromycin	macrolide	No resistance	0	
0106s-CMPN001x90_260114_LH00793_B23GCKKLT3	azithromycin	macrolide	No resistance	0	
0106s-CMPN001x90_260114_LH00793_B23GCKKLT3	oleandomycin	macrolide	No resistance	0	
0106s-CMPN001x90_260114_LH00793_B23GCKKLT3	spiramycin	macrolide	No resistance	0	
0106s-CMPN001x90_260114_LH00793_B23GCKKLT3	tylosin	macrolide	No resistance	0	
0106s-CMPN001x90_260114_LH00793_B23GCKKLT3	telithromycin	macrolide	No resistance	0	
0106s-CMPN001x90_260114_LH00793_B23GCKKLT3	tetracycline	tetracycline	No resistance	0	
0106s-CMPN001x90_260114_LH00793_B23GCKKLT3	doxycycline	tetracycline	No resistance	0	
0106s-CMPN001x90_260114_LH00793_B23GCKKLT3	minocycline	tetracycline	No resistance	0	
0106s-CMPN001x90_260114_LH00793_B23GCKKLT3	tigecycline	tetracycline	No resistance	0	
0106s-CMPN001x90_260114_LH00793_B23GCKKLT3	quinupristin	streptogramin b	No resistance	0	
0106s-CMPN001x90_260114_LH00793_B23GCKKLT3	pristinamycin ia	streptogramin b	No resistance	0	
0106s-CMPN001x90_260114_LH00793_B23GCKKLT3	virginiamycin s	streptogramin b	No resistance	0	
0106s-CMPN001x90_260114_LH00793_B23GCKKLT3	linezolid	oxazolidinone	No resistance	0	
0106s-CMPN001x90_260114_LH00793_B23GCKKLT3	chloramphenicol	amphenicol	No resistance	0	
0106s-CMPN001x90_260114_LH00793_B23GCKKLT3	florfenicol	amphenicol	No resistance	0	
0106s-CMPN001x90_260114_LH00793_B23GCKKLT3	colistin	polymyxin	No resistance	0	
0106s-CMPN001x90_260114_LH00793_B23GCKKLT3	fusidic acid	steroid antibacterial	No resistance	0	
0106s-CMPN001x90_260114_LH00793_B23GCKKLT3	mupirocin	pseudomonic acid	No resistance	0	
0106s-CMPN001x90_260114_LH00793_B23GCKKLT3	rifampicin	rifamycin	No resistance	0	
0106s-CMPN001x90_260114_LH00793_B23GCKKLT3	metronidazole	nitroimidazole	No resistance	0	
0106s-CMPN001x90_260114_LH00793_B23GCKKLT3	narasin	ionophores	No resistance	0	
0106s-CMPN001x90_260114_LH00793_B23GCKKLT3	salinomycin	ionophores	No resistance	0	
0106s-CMPN001x90_260114_LH00793_B23GCKKLT3	maduramicin	ionophores	No resistance	0	
0116p-CMPN001x93_260114_LH00793_B23GCKKLT3	gentamicin	aminoglycoside	No resistance	0	
0116p-CMPN001x93_260114_LH00793_B23GCKKLT3	tobramycin	aminoglycoside	No resistance	0	
0116p-CMPN001x93_260114_LH00793_B23GCKKLT3	streptomycin	aminoglycoside	No resistance	0	
0116p-CMPN001x93_260114_LH00793_B23GCKKLT3	amikacin	aminoglycoside	No resistance	0	
0116p-CMPN001x93_260114_LH00793_B23GCKKLT3	isepamicin	aminoglycoside	No resistance	0	
0116p-CMPN001x93_260114_LH00793_B23GCKKLT3	dibekacin	aminoglycoside	No resistance	0	
0116p-CMPN001x93_260114_LH00793_B23GCKKLT3	kanamycin	aminoglycoside	No resistance	0	
0116p-CMPN001x93_260114_LH00793_B23GCKKLT3	neomycin	aminoglycoside	No resistance	0	
0116p-CMPN001x93_260114_LH00793_B23GCKKLT3	lividomycin	aminoglycoside	No resistance	0	
0116p-CMPN001x93_260114_LH00793_B23GCKKLT3	paromomycin	aminoglycoside	No resistance	0	
0116p-CMPN001x93_260114_LH00793_B23GCKKLT3	ribostamycin	aminoglycoside	No resistance	0	
0116p-CMPN001x93_260114_LH00793_B23GCKKLT3	unknown aminoglycoside	aminoglycoside	No resistance	0	
0116p-CMPN001x93_260114_LH00793_B23GCKKLT3	butiromycin	aminoglycoside	No resistance	0	
0116p-CMPN001x93_260114_LH00793_B23GCKKLT3	butirosin	aminoglycoside	No resistance	0	
0116p-CMPN001x93_260114_LH00793_B23GCKKLT3	hygromycin	aminoglycoside	No resistance	0	
0116p-CMPN001x93_260114_LH00793_B23GCKKLT3	netilmicin	aminoglycoside	No resistance	0	
0116p-CMPN001x93_260114_LH00793_B23GCKKLT3	apramycin	aminoglycoside	No resistance	0	
0116p-CMPN001x93_260114_LH00793_B23GCKKLT3	sisomicin	aminoglycoside	No resistance	0	
0116p-CMPN001x93_260114_LH00793_B23GCKKLT3	arbekacin	aminoglycoside	No resistance	0	
0116p-CMPN001x93_260114_LH00793_B23GCKKLT3	kasugamycin	aminoglycoside	No resistance	0	
0116p-CMPN001x93_260114_LH00793_B23GCKKLT3	astromicin	aminoglycoside	No resistance	0	
0116p-CMPN001x93_260114_LH00793_B23GCKKLT3	fortimicin	aminoglycoside	No resistance	0	
0116p-CMPN001x93_260114_LH00793_B23GCKKLT3	spectinomycin	aminocyclitol	No resistance	0	
0116p-CMPN001x93_260114_LH00793_B23GCKKLT3	fluoroquinolone	quinolone	No resistance	0	
0116p-CMPN001x93_260114_LH00793_B23GCKKLT3	ciprofloxacin	quinolone	No resistance	0	
0116p-CMPN001x93_260114_LH00793_B23GCKKLT3	unknown quinolone	quinolone	No resistance	0	
0116p-CMPN001x93_260114_LH00793_B23GCKKLT3	nalidixic acid	quinolone	No resistance	0	
0116p-CMPN001x93_260114_LH00793_B23GCKKLT3	amoxicillin	beta-lactam	No resistance	0	
0116p-CMPN001x93_260114_LH00793_B23GCKKLT3	amoxicillin+clavulanic acid	beta-lactam	No resistance	0	
0116p-CMPN001x93_260114_LH00793_B23GCKKLT3	ampicillin	beta-lactam	No resistance	0	
0116p-CMPN001x93_260114_LH00793_B23GCKKLT3	ampicillin+clavulanic acid	beta-lactam	No resistance	0	
0116p-CMPN001x93_260114_LH00793_B23GCKKLT3	cefepime	beta-lactam	No resistance	0	
0116p-CMPN001x93_260114_LH00793_B23GCKKLT3	cefixime	beta-lactam	No resistance	0	
0116p-CMPN001x93_260114_LH00793_B23GCKKLT3	cefotaxime	beta-lactam	No resistance	0	
0116p-CMPN001x93_260114_LH00793_B23GCKKLT3	cefoxitin	beta-lactam	No resistance	0	
0116p-CMPN001x93_260114_LH00793_B23GCKKLT3	ceftazidime	beta-lactam	No resistance	0	
0116p-CMPN001x93_260114_LH00793_B23GCKKLT3	ertapenem	beta-lactam	No resistance	0	
0116p-CMPN001x93_260114_LH00793_B23GCKKLT3	imipenem	beta-lactam	No resistance	0	
0116p-CMPN001x93_260114_LH00793_B23GCKKLT3	meropenem	beta-lactam	No resistance	0	
0116p-CMPN001x93_260114_LH00793_B23GCKKLT3	piperacillin	beta-lactam	No resistance	0	
0116p-CMPN001x93_260114_LH00793_B23GCKKLT3	piperacillin+tazobactam	beta-lactam	No resistance	0	
0116p-CMPN001x93_260114_LH00793_B23GCKKLT3	unknown beta-lactam	beta-lactam	No resistance	0	
0116p-CMPN001x93_260114_LH00793_B23GCKKLT3	aztreonam	beta-lactam	No resistance	0	
0116p-CMPN001x93_260114_LH00793_B23GCKKLT3	cefotaxime+clavulanic acid	beta-lactam	No resistance	0	
0116p-CMPN001x93_260114_LH00793_B23GCKKLT3	temocillin	beta-lactam	No resistance	0	
0116p-CMPN001x93_260114_LH00793_B23GCKKLT3	ticarcillin	beta-lactam	No resistance	0	
0116p-CMPN001x93_260114_LH00793_B23GCKKLT3	ceftazidime+avibactam	beta-lactam	No resistance	0	
0116p-CMPN001x93_260114_LH00793_B23GCKKLT3	penicillin	beta-lactam	No resistance	0	
0116p-CMPN001x93_260114_LH00793_B23GCKKLT3	ceftriaxone	beta-lactam	No resistance	0	
0116p-CMPN001x93_260114_LH00793_B23GCKKLT3	ticarcillin+clavulanic acid	beta-lactam	No resistance	0	
0116p-CMPN001x93_260114_LH00793_B23GCKKLT3	cephalothin	beta-lactam	No resistance	0	
0116p-CMPN001x93_260114_LH00793_B23GCKKLT3	piperacillin+clavulanic acid	beta-lactam	No resistance	0	
0116p-CMPN001x93_260114_LH00793_B23GCKKLT3	ceftiofur	under_development	No resistance	0	
0116p-CMPN001x93_260114_LH00793_B23GCKKLT3	sulfamethoxazole	folate pathway antagonist	No resistance	0	
0116p-CMPN001x93_260114_LH00793_B23GCKKLT3	trimethoprim	folate pathway antagonist	No resistance	0	
0116p-CMPN001x93_260114_LH00793_B23GCKKLT3	fosfomycin	fosfomycin	No resistance	0	
0116p-CMPN001x93_260114_LH00793_B23GCKKLT3	vancomycin	glycopeptide	No resistance	0	
0116p-CMPN001x93_260114_LH00793_B23GCKKLT3	teicoplanin	glycopeptide	No resistance	0	
0116p-CMPN001x93_260114_LH00793_B23GCKKLT3	bleomycin	glycopeptide	No resistance	0	
0116p-CMPN001x93_260114_LH00793_B23GCKKLT3	lincomycin	lincosamide	No resistance	0	
0116p-CMPN001x93_260114_LH00793_B23GCKKLT3	clindamycin	lincosamide	No resistance	0	
0116p-CMPN001x93_260114_LH00793_B23GCKKLT3	dalfopristin	streptogramin a	No resistance	0	
0116p-CMPN001x93_260114_LH00793_B23GCKKLT3	pristinamycin iia	streptogramin a	No resistance	0	
0116p-CMPN001x93_260114_LH00793_B23GCKKLT3	virginiamycin m	streptogramin a	No resistance	0	
0116p-CMPN001x93_260114_LH00793_B23GCKKLT3	quinupristin+dalfopristin	streptogramin a	No resistance	0	
0116p-CMPN001x93_260114_LH00793_B23GCKKLT3	tiamulin	pleuromutilin	No resistance	0	
0116p-CMPN001x93_260114_LH00793_B23GCKKLT3	carbomycin	macrolide	No resistance	0	
0116p-CMPN001x93_260114_LH00793_B23GCKKLT3	erythromycin	macrolide	No resistance	0	
0116p-CMPN001x93_260114_LH00793_B23GCKKLT3	azithromycin	macrolide	No resistance	0	
0116p-CMPN001x93_260114_LH00793_B23GCKKLT3	oleandomycin	macrolide	No resistance	0	
0116p-CMPN001x93_260114_LH00793_B23GCKKLT3	spiramycin	macrolide	No resistance	0	
0116p-CMPN001x93_260114_LH00793_B23GCKKLT3	tylosin	macrolide	No resistance	0	
0116p-CMPN001x93_260114_LH00793_B23GCKKLT3	telithromycin	macrolide	No resistance	0	
0116p-CMPN001x93_260114_LH00793_B23GCKKLT3	tetracycline	tetracycline	Resistant	2	tetA(46) (tetA(46)_HQ652506), tetB(46) (tetB(46)_HQ652506)
0116p-CMPN001x93_260114_LH00793_B23GCKKLT3	doxycycline	tetracycline	Resistant	2	tetA(46) (tetA(46)_HQ652506), tetB(46) (tetB(46)_HQ652506)
0116p-CMPN001x93_260114_LH00793_B23GCKKLT3	minocycline	tetracycline	No resistance	0	
0116p-CMPN001x93_260114_LH00793_B23GCKKLT3	tigecycline	tetracycline	Resistant	2	tetA(46) (tetA(46)_HQ652506), tetB(46) (tetB(46)_HQ652506)
0116p-CMPN001x93_260114_LH00793_B23GCKKLT3	quinupristin	streptogramin b	No resistance	0	
0116p-CMPN001x93_260114_LH00793_B23GCKKLT3	pristinamycin ia	streptogramin b	No resistance	0	
0116p-CMPN001x93_260114_LH00793_B23GCKKLT3	virginiamycin s	streptogramin b	No resistance	0	
0116p-CMPN001x93_260114_LH00793_B23GCKKLT3	linezolid	oxazolidinone	No resistance	0	
0116p-CMPN001x93_260114_LH00793_B23GCKKLT3	chloramphenicol	amphenicol	No resistance	0	
0116p-CMPN001x93_260114_LH00793_B23GCKKLT3	florfenicol	amphenicol	No resistance	0	
0116p-CMPN001x93_260114_LH00793_B23GCKKLT3	colistin	polymyxin	No resistance	0	
0116p-CMPN001x93_260114_LH00793_B23GCKKLT3	fusidic acid	steroid antibacterial	No resistance	0	
0116p-CMPN001x93_260114_LH00793_B23GCKKLT3	mupirocin	pseudomonic acid	No resistance	0	
0116p-CMPN001x93_260114_LH00793_B23GCKKLT3	rifampicin	rifamycin	No resistance	0	
0116p-CMPN001x93_260114_LH00793_B23GCKKLT3	metronidazole	nitroimidazole	No resistance	0	
0116p-CMPN001x93_260114_LH00793_B23GCKKLT3	narasin	ionophores	No resistance	0	
0116p-CMPN001x93_260114_LH00793_B23GCKKLT3	salinomycin	ionophores	No resistance	0	
0116p-CMPN001x93_260114_LH00793_B23GCKKLT3	maduramicin	ionophores	No resistance	0	
0116s-CMPN001x91_260114_LH00793_B23GCKKLT3	gentamicin	aminoglycoside	No resistance	0	
0116s-CMPN001x91_260114_LH00793_B23GCKKLT3	tobramycin	aminoglycoside	No resistance	0	
0116s-CMPN001x91_260114_LH00793_B23GCKKLT3	streptomycin	aminoglycoside	No resistance	0	
0116s-CMPN001x91_260114_LH00793_B23GCKKLT3	amikacin	aminoglycoside	No resistance	0	
0116s-CMPN001x91_260114_LH00793_B23GCKKLT3	isepamicin	aminoglycoside	No resistance	0	
0116s-CMPN001x91_260114_LH00793_B23GCKKLT3	dibekacin	aminoglycoside	No resistance	0	
0116s-CMPN001x91_260114_LH00793_B23GCKKLT3	kanamycin	aminoglycoside	No resistance	0	
0116s-CMPN001x91_260114_LH00793_B23GCKKLT3	neomycin	aminoglycoside	No resistance	0	
0116s-CMPN001x91_260114_LH00793_B23GCKKLT3	lividomycin	aminoglycoside	No resistance	0	
0116s-CMPN001x91_260114_LH00793_B23GCKKLT3	paromomycin	aminoglycoside	No resistance	0	
0116s-CMPN001x91_260114_LH00793_B23GCKKLT3	ribostamycin	aminoglycoside	No resistance	0	
0116s-CMPN001x91_260114_LH00793_B23GCKKLT3	unknown aminoglycoside	aminoglycoside	No resistance	0	
0116s-CMPN001x91_260114_LH00793_B23GCKKLT3	butiromycin	aminoglycoside	No resistance	0	
0116s-CMPN001x91_260114_LH00793_B23GCKKLT3	butirosin	aminoglycoside	No resistance	0	
0116s-CMPN001x91_260114_LH00793_B23GCKKLT3	hygromycin	aminoglycoside	No resistance	0	
0116s-CMPN001x91_260114_LH00793_B23GCKKLT3	netilmicin	aminoglycoside	No resistance	0	
0116s-CMPN001x91_260114_LH00793_B23GCKKLT3	apramycin	aminoglycoside	No resistance	0	
0116s-CMPN001x91_260114_LH00793_B23GCKKLT3	sisomicin	aminoglycoside	No resistance	0	
0116s-CMPN001x91_260114_LH00793_B23GCKKLT3	arbekacin	aminoglycoside	No resistance	0	
0116s-CMPN001x91_260114_LH00793_B23GCKKLT3	kasugamycin	aminoglycoside	No resistance	0	
0116s-CMPN001x91_260114_LH00793_B23GCKKLT3	astromicin	aminoglycoside	No resistance	0	
0116s-CMPN001x91_260114_LH00793_B23GCKKLT3	fortimicin	aminoglycoside	No resistance	0	
0116s-CMPN001x91_260114_LH00793_B23GCKKLT3	spectinomycin	aminocyclitol	No resistance	0	
0116s-CMPN001x91_260114_LH00793_B23GCKKLT3	fluoroquinolone	quinolone	No resistance	0	
0116s-CMPN001x91_260114_LH00793_B23GCKKLT3	ciprofloxacin	quinolone	No resistance	0	
0116s-CMPN001x91_260114_LH00793_B23GCKKLT3	unknown quinolone	quinolone	No resistance	0	
0116s-CMPN001x91_260114_LH00793_B23GCKKLT3	nalidixic acid	quinolone	No resistance	0	
0116s-CMPN001x91_260114_LH00793_B23GCKKLT3	amoxicillin	beta-lactam	No resistance	0	
0116s-CMPN001x91_260114_LH00793_B23GCKKLT3	amoxicillin+clavulanic acid	beta-lactam	No resistance	0	
0116s-CMPN001x91_260114_LH00793_B23GCKKLT3	ampicillin	beta-lactam	No resistance	0	
0116s-CMPN001x91_260114_LH00793_B23GCKKLT3	ampicillin+clavulanic acid	beta-lactam	No resistance	0	
0116s-CMPN001x91_260114_LH00793_B23GCKKLT3	cefepime	beta-lactam	No resistance	0	
0116s-CMPN001x91_260114_LH00793_B23GCKKLT3	cefixime	beta-lactam	No resistance	0	
0116s-CMPN001x91_260114_LH00793_B23GCKKLT3	cefotaxime	beta-lactam	No resistance	0	
0116s-CMPN001x91_260114_LH00793_B23GCKKLT3	cefoxitin	beta-lactam	No resistance	0	
0116s-CMPN001x91_260114_LH00793_B23GCKKLT3	ceftazidime	beta-lactam	No resistance	0	
0116s-CMPN001x91_260114_LH00793_B23GCKKLT3	ertapenem	beta-lactam	No resistance	0	
0116s-CMPN001x91_260114_LH00793_B23GCKKLT3	imipenem	beta-lactam	No resistance	0	
0116s-CMPN001x91_260114_LH00793_B23GCKKLT3	meropenem	beta-lactam	No resistance	0	
0116s-CMPN001x91_260114_LH00793_B23GCKKLT3	piperacillin	beta-lactam	No resistance	0	
0116s-CMPN001x91_260114_LH00793_B23GCKKLT3	piperacillin+tazobactam	beta-lactam	No resistance	0	
0116s-CMPN001x91_260114_LH00793_B23GCKKLT3	unknown beta-lactam	beta-lactam	No resistance	0	
0116s-CMPN001x91_260114_LH00793_B23GCKKLT3	aztreonam	beta-lactam	No resistance	0	
0116s-CMPN001x91_260114_LH00793_B23GCKKLT3	cefotaxime+clavulanic acid	beta-lactam	No resistance	0	
0116s-CMPN001x91_260114_LH00793_B23GCKKLT3	temocillin	beta-lactam	No resistance	0	
0116s-CMPN001x91_260114_LH00793_B23GCKKLT3	ticarcillin	beta-lactam	No resistance	0	
0116s-CMPN001x91_260114_LH00793_B23GCKKLT3	ceftazidime+avibactam	beta-lactam	No resistance	0	
0116s-CMPN001x91_260114_LH00793_B23GCKKLT3	penicillin	beta-lactam	No resistance	0	
0116s-CMPN001x91_260114_LH00793_B23GCKKLT3	ceftriaxone	beta-lactam	No resistance	0	
0116s-CMPN001x91_260114_LH00793_B23GCKKLT3	ticarcillin+clavulanic acid	beta-lactam	No resistance	0	
0116s-CMPN001x91_260114_LH00793_B23GCKKLT3	cephalothin	beta-lactam	No resistance	0	
0116s-CMPN001x91_260114_LH00793_B23GCKKLT3	piperacillin+clavulanic acid	beta-lactam	No resistance	0	
0116s-CMPN001x91_260114_LH00793_B23GCKKLT3	ceftiofur	under_development	No resistance	0	
0116s-CMPN001x91_260114_LH00793_B23GCKKLT3	sulfamethoxazole	folate pathway antagonist	No resistance	0	
0116s-CMPN001x91_260114_LH00793_B23GCKKLT3	trimethoprim	folate pathway antagonist	No resistance	0	
0116s-CMPN001x91_260114_LH00793_B23GCKKLT3	fosfomycin	fosfomycin	No resistance	0	
0116s-CMPN001x91_260114_LH00793_B23GCKKLT3	vancomycin	glycopeptide	No resistance	0	
0116s-CMPN001x91_260114_LH00793_B23GCKKLT3	teicoplanin	glycopeptide	No resistance	0	
0116s-CMPN001x91_260114_LH00793_B23GCKKLT3	bleomycin	glycopeptide	No resistance	0	
0116s-CMPN001x91_260114_LH00793_B23GCKKLT3	lincomycin	lincosamide	No resistance	0	
0116s-CMPN001x91_260114_LH00793_B23GCKKLT3	clindamycin	lincosamide	No resistance	0	
0116s-CMPN001x91_260114_LH00793_B23GCKKLT3	dalfopristin	streptogramin a	No resistance	0	
0116s-CMPN001x91_260114_LH00793_B23GCKKLT3	pristinamycin iia	streptogramin a	No resistance	0	
0116s-CMPN001x91_260114_LH00793_B23GCKKLT3	virginiamycin m	streptogramin a	No resistance	0	
0116s-CMPN001x91_260114_LH00793_B23GCKKLT3	quinupristin+dalfopristin	streptogramin a	No resistance	0	
0116s-CMPN001x91_260114_LH00793_B23GCKKLT3	tiamulin	pleuromutilin	No resistance	0	
0116s-CMPN001x91_260114_LH00793_B23GCKKLT3	carbomycin	macrolide	No resistance	0	
0116s-CMPN001x91_260114_LH00793_B23GCKKLT3	erythromycin	macrolide	No resistance	0	
0116s-CMPN001x91_260114_LH00793_B23GCKKLT3	azithromycin	macrolide	No resistance	0	
0116s-CMPN001x91_260114_LH00793_B23GCKKLT3	oleandomycin	macrolide	No resistance	0	
0116s-CMPN001x91_260114_LH00793_B23GCKKLT3	spiramycin	macrolide	No resistance	0	
0116s-CMPN001x91_260114_LH00793_B23GCKKLT3	tylosin	macrolide	No resistance	0	
0116s-CMPN001x91_260114_LH00793_B23GCKKLT3	telithromycin	macrolide	No resistance	0	
0116s-CMPN001x91_260114_LH00793_B23GCKKLT3	tetracycline	tetracycline	No resistance	0	
0116s-CMPN001x91_260114_LH00793_B23GCKKLT3	doxycycline	tetracycline	No resistance	0	
0116s-CMPN001x91_260114_LH00793_B23GCKKLT3	minocycline	tetracycline	No resistance	0	
0116s-CMPN001x91_260114_LH00793_B23GCKKLT3	tigecycline	tetracycline	No resistance	0	
0116s-CMPN001x91_260114_LH00793_B23GCKKLT3	quinupristin	streptogramin b	No resistance	0	
0116s-CMPN001x91_260114_LH00793_B23GCKKLT3	pristinamycin ia	streptogramin b	No resistance	0	
0116s-CMPN001x91_260114_LH00793_B23GCKKLT3	virginiamycin s	streptogramin b	No resistance	0	
0116s-CMPN001x91_260114_LH00793_B23GCKKLT3	linezolid	oxazolidinone	No resistance	0	
0116s-CMPN001x91_260114_LH00793_B23GCKKLT3	chloramphenicol	amphenicol	No resistance	0	
0116s-CMPN001x91_260114_LH00793_B23GCKKLT3	florfenicol	amphenicol	No resistance	0	
0116s-CMPN001x91_260114_LH00793_B23GCKKLT3	colistin	polymyxin	No resistance	0	
0116s-CMPN001x91_260114_LH00793_B23GCKKLT3	fusidic acid	steroid antibacterial	No resistance	0	
0116s-CMPN001x91_260114_LH00793_B23GCKKLT3	mupirocin	pseudomonic acid	No resistance	0	
0116s-CMPN001x91_260114_LH00793_B23GCKKLT3	rifampicin	rifamycin	No resistance	0	
0116s-CMPN001x91_260114_LH00793_B23GCKKLT3	metronidazole	nitroimidazole	No resistance	0	
0116s-CMPN001x91_260114_LH00793_B23GCKKLT3	narasin	ionophores	No resistance	0	
0116s-CMPN001x91_260114_LH00793_B23GCKKLT3	salinomycin	ionophores	No resistance	0	
0116s-CMPN001x91_260114_LH00793_B23GCKKLT3	maduramicin	ionophores	No resistance	0	
0129a-CMPN001x94_260114_LH00793_B23GCKKLT3	gentamicin	aminoglycoside	No resistance	0	
0129a-CMPN001x94_260114_LH00793_B23GCKKLT3	tobramycin	aminoglycoside	No resistance	0	
0129a-CMPN001x94_260114_LH00793_B23GCKKLT3	streptomycin	aminoglycoside	No resistance	0	
0129a-CMPN001x94_260114_LH00793_B23GCKKLT3	amikacin	aminoglycoside	No resistance	0	
0129a-CMPN001x94_260114_LH00793_B23GCKKLT3	isepamicin	aminoglycoside	No resistance	0	
0129a-CMPN001x94_260114_LH00793_B23GCKKLT3	dibekacin	aminoglycoside	No resistance	0	
0129a-CMPN001x94_260114_LH00793_B23GCKKLT3	kanamycin	aminoglycoside	No resistance	0	
0129a-CMPN001x94_260114_LH00793_B23GCKKLT3	neomycin	aminoglycoside	No resistance	0	
0129a-CMPN001x94_260114_LH00793_B23GCKKLT3	lividomycin	aminoglycoside	No resistance	0	
0129a-CMPN001x94_260114_LH00793_B23GCKKLT3	paromomycin	aminoglycoside	No resistance	0	
0129a-CMPN001x94_260114_LH00793_B23GCKKLT3	ribostamycin	aminoglycoside	No resistance	0	
0129a-CMPN001x94_260114_LH00793_B23GCKKLT3	unknown aminoglycoside	aminoglycoside	No resistance	0	
0129a-CMPN001x94_260114_LH00793_B23GCKKLT3	butiromycin	aminoglycoside	No resistance	0	
0129a-CMPN001x94_260114_LH00793_B23GCKKLT3	butirosin	aminoglycoside	No resistance	0	
0129a-CMPN001x94_260114_LH00793_B23GCKKLT3	hygromycin	aminoglycoside	No resistance	0	
0129a-CMPN001x94_260114_LH00793_B23GCKKLT3	netilmicin	aminoglycoside	No resistance	0	
0129a-CMPN001x94_260114_LH00793_B23GCKKLT3	apramycin	aminoglycoside	No resistance	0	
0129a-CMPN001x94_260114_LH00793_B23GCKKLT3	sisomicin	aminoglycoside	No resistance	0	
0129a-CMPN001x94_260114_LH00793_B23GCKKLT3	arbekacin	aminoglycoside	No resistance	0	
0129a-CMPN001x94_260114_LH00793_B23GCKKLT3	kasugamycin	aminoglycoside	No resistance	0	
0129a-CMPN001x94_260114_LH00793_B23GCKKLT3	astromicin	aminoglycoside	No resistance	0	
0129a-CMPN001x94_260114_LH00793_B23GCKKLT3	fortimicin	aminoglycoside	No resistance	0	
0129a-CMPN001x94_260114_LH00793_B23GCKKLT3	spectinomycin	aminocyclitol	No resistance	0	
0129a-CMPN001x94_260114_LH00793_B23GCKKLT3	fluoroquinolone	quinolone	No resistance	0	
0129a-CMPN001x94_260114_LH00793_B23GCKKLT3	ciprofloxacin	quinolone	No resistance	0	
0129a-CMPN001x94_260114_LH00793_B23GCKKLT3	unknown quinolone	quinolone	No resistance	0	
0129a-CMPN001x94_260114_LH00793_B23GCKKLT3	nalidixic acid	quinolone	No resistance	0	
0129a-CMPN001x94_260114_LH00793_B23GCKKLT3	amoxicillin	beta-lactam	No resistance	0	
0129a-CMPN001x94_260114_LH00793_B23GCKKLT3	amoxicillin+clavulanic acid	beta-lactam	No resistance	0	
0129a-CMPN001x94_260114_LH00793_B23GCKKLT3	ampicillin	beta-lactam	No resistance	0	
0129a-CMPN001x94_260114_LH00793_B23GCKKLT3	ampicillin+clavulanic acid	beta-lactam	No resistance	0	
0129a-CMPN001x94_260114_LH00793_B23GCKKLT3	cefepime	beta-lactam	No resistance	0	
0129a-CMPN001x94_260114_LH00793_B23GCKKLT3	cefixime	beta-lactam	No resistance	0	
0129a-CMPN001x94_260114_LH00793_B23GCKKLT3	cefotaxime	beta-lactam	No resistance	0	
0129a-CMPN001x94_260114_LH00793_B23GCKKLT3	cefoxitin	beta-lactam	No resistance	0	
0129a-CMPN001x94_260114_LH00793_B23GCKKLT3	ceftazidime	beta-lactam	No resistance	0	
0129a-CMPN001x94_260114_LH00793_B23GCKKLT3	ertapenem	beta-lactam	No resistance	0	
0129a-CMPN001x94_260114_LH00793_B23GCKKLT3	imipenem	beta-lactam	No resistance	0	
0129a-CMPN001x94_260114_LH00793_B23GCKKLT3	meropenem	beta-lactam	No resistance	0	
0129a-CMPN001x94_260114_LH00793_B23GCKKLT3	piperacillin	beta-lactam	No resistance	0	
0129a-CMPN001x94_260114_LH00793_B23GCKKLT3	piperacillin+tazobactam	beta-lactam	No resistance	0	
0129a-CMPN001x94_260114_LH00793_B23GCKKLT3	unknown beta-lactam	beta-lactam	No resistance	0	
0129a-CMPN001x94_260114_LH00793_B23GCKKLT3	aztreonam	beta-lactam	No resistance	0	
0129a-CMPN001x94_260114_LH00793_B23GCKKLT3	cefotaxime+clavulanic acid	beta-lactam	No resistance	0	
0129a-CMPN001x94_260114_LH00793_B23GCKKLT3	temocillin	beta-lactam	No resistance	0	
0129a-CMPN001x94_260114_LH00793_B23GCKKLT3	ticarcillin	beta-lactam	No resistance	0	
0129a-CMPN001x94_260114_LH00793_B23GCKKLT3	ceftazidime+avibactam	beta-lactam	No resistance	0	
0129a-CMPN001x94_260114_LH00793_B23GCKKLT3	penicillin	beta-lactam	No resistance	0	
0129a-CMPN001x94_260114_LH00793_B23GCKKLT3	ceftriaxone	beta-lactam	No resistance	0	
0129a-CMPN001x94_260114_LH00793_B23GCKKLT3	ticarcillin+clavulanic acid	beta-lactam	No resistance	0	
0129a-CMPN001x94_260114_LH00793_B23GCKKLT3	cephalothin	beta-lactam	No resistance	0	
0129a-CMPN001x94_260114_LH00793_B23GCKKLT3	piperacillin+clavulanic acid	beta-lactam	No resistance	0	
0129a-CMPN001x94_260114_LH00793_B23GCKKLT3	ceftiofur	under_development	No resistance	0	
0129a-CMPN001x94_260114_LH00793_B23GCKKLT3	sulfamethoxazole	folate pathway antagonist	No resistance	0	
0129a-CMPN001x94_260114_LH00793_B23GCKKLT3	trimethoprim	folate pathway antagonist	No resistance	0	
0129a-CMPN001x94_260114_LH00793_B23GCKKLT3	fosfomycin	fosfomycin	No resistance	0	
0129a-CMPN001x94_260114_LH00793_B23GCKKLT3	vancomycin	glycopeptide	No resistance	0	
0129a-CMPN001x94_260114_LH00793_B23GCKKLT3	teicoplanin	glycopeptide	No resistance	0	
0129a-CMPN001x94_260114_LH00793_B23GCKKLT3	bleomycin	glycopeptide	No resistance	0	
0129a-CMPN001x94_260114_LH00793_B23GCKKLT3	lincomycin	lincosamide	No resistance	0	
0129a-CMPN001x94_260114_LH00793_B23GCKKLT3	clindamycin	lincosamide	No resistance	0	
0129a-CMPN001x94_260114_LH00793_B23GCKKLT3	dalfopristin	streptogramin a	No resistance	0	
0129a-CMPN001x94_260114_LH00793_B23GCKKLT3	pristinamycin iia	streptogramin a	No resistance	0	
0129a-CMPN001x94_260114_LH00793_B23GCKKLT3	virginiamycin m	streptogramin a	No resistance	0	
0129a-CMPN001x94_260114_LH00793_B23GCKKLT3	quinupristin+dalfopristin	streptogramin a	No resistance	0	
0129a-CMPN001x94_260114_LH00793_B23GCKKLT3	tiamulin	pleuromutilin	No resistance	0	
0129a-CMPN001x94_260114_LH00793_B23GCKKLT3	carbomycin	macrolide	No resistance	0	
0129a-CMPN001x94_260114_LH00793_B23GCKKLT3	erythromycin	macrolide	No resistance	0	
0129a-CMPN001x94_260114_LH00793_B23GCKKLT3	azithromycin	macrolide	No resistance	0	
0129a-CMPN001x94_260114_LH00793_B23GCKKLT3	oleandomycin	macrolide	No resistance	0	
0129a-CMPN001x94_260114_LH00793_B23GCKKLT3	spiramycin	macrolide	No resistance	0	
0129a-CMPN001x94_260114_LH00793_B23GCKKLT3	tylosin	macrolide	No resistance	0	
0129a-CMPN001x94_260114_LH00793_B23GCKKLT3	telithromycin	macrolide	No resistance	0	
0129a-CMPN001x94_260114_LH00793_B23GCKKLT3	tetracycline	tetracycline	No resistance	0	
0129a-CMPN001x94_260114_LH00793_B23GCKKLT3	doxycycline	tetracycline	No resistance	0	
0129a-CMPN001x94_260114_LH00793_B23GCKKLT3	minocycline	tetracycline	No resistance	0	
0129a-CMPN001x94_260114_LH00793_B23GCKKLT3	tigecycline	tetracycline	No resistance	0	
0129a-CMPN001x94_260114_LH00793_B23GCKKLT3	quinupristin	streptogramin b	No resistance	0	
0129a-CMPN001x94_260114_LH00793_B23GCKKLT3	pristinamycin ia	streptogramin b	No resistance	0	
0129a-CMPN001x94_260114_LH00793_B23GCKKLT3	virginiamycin s	streptogramin b	No resistance	0	
0129a-CMPN001x94_260114_LH00793_B23GCKKLT3	linezolid	oxazolidinone	No resistance	0	
0129a-CMPN001x94_260114_LH00793_B23GCKKLT3	chloramphenicol	amphenicol	No resistance	0	
0129a-CMPN001x94_260114_LH00793_B23GCKKLT3	florfenicol	amphenicol	No resistance	0	
0129a-CMPN001x94_260114_LH00793_B23GCKKLT3	colistin	polymyxin	No resistance	0	
0129a-CMPN001x94_260114_LH00793_B23GCKKLT3	fusidic acid	steroid antibacterial	No resistance	0	
0129a-CMPN001x94_260114_LH00793_B23GCKKLT3	mupirocin	pseudomonic acid	No resistance	0	
0129a-CMPN001x94_260114_LH00793_B23GCKKLT3	rifampicin	rifamycin	No resistance	0	
0129a-CMPN001x94_260114_LH00793_B23GCKKLT3	metronidazole	nitroimidazole	No resistance	0	
0129a-CMPN001x94_260114_LH00793_B23GCKKLT3	narasin	ionophores	No resistance	0	
0129a-CMPN001x94_260114_LH00793_B23GCKKLT3	salinomycin	ionophores	No resistance	0	
0129a-CMPN001x94_260114_LH00793_B23GCKKLT3	maduramicin	ionophores	No resistance	0	
0129p-CMPN001x95_260114_LH00793_B23GCKKLT3	gentamicin	aminoglycoside	No resistance	0	
0129p-CMPN001x95_260114_LH00793_B23GCKKLT3	tobramycin	aminoglycoside	No resistance	0	
0129p-CMPN001x95_260114_LH00793_B23GCKKLT3	streptomycin	aminoglycoside	No resistance	0	
0129p-CMPN001x95_260114_LH00793_B23GCKKLT3	amikacin	aminoglycoside	No resistance	0	
0129p-CMPN001x95_260114_LH00793_B23GCKKLT3	isepamicin	aminoglycoside	No resistance	0	
0129p-CMPN001x95_260114_LH00793_B23GCKKLT3	dibekacin	aminoglycoside	No resistance	0	
0129p-CMPN001x95_260114_LH00793_B23GCKKLT3	kanamycin	aminoglycoside	No resistance	0	
0129p-CMPN001x95_260114_LH00793_B23GCKKLT3	neomycin	aminoglycoside	No resistance	0	
0129p-CMPN001x95_260114_LH00793_B23GCKKLT3	lividomycin	aminoglycoside	No resistance	0	
0129p-CMPN001x95_260114_LH00793_B23GCKKLT3	paromomycin	aminoglycoside	No resistance	0	
0129p-CMPN001x95_260114_LH00793_B23GCKKLT3	ribostamycin	aminoglycoside	No resistance	0	
0129p-CMPN001x95_260114_LH00793_B23GCKKLT3	unknown aminoglycoside	aminoglycoside	No resistance	0	
0129p-CMPN001x95_260114_LH00793_B23GCKKLT3	butiromycin	aminoglycoside	No resistance	0	
0129p-CMPN001x95_260114_LH00793_B23GCKKLT3	butirosin	aminoglycoside	No resistance	0	
0129p-CMPN001x95_260114_LH00793_B23GCKKLT3	hygromycin	aminoglycoside	No resistance	0	
0129p-CMPN001x95_260114_LH00793_B23GCKKLT3	netilmicin	aminoglycoside	No resistance	0	
0129p-CMPN001x95_260114_LH00793_B23GCKKLT3	apramycin	aminoglycoside	No resistance	0	
0129p-CMPN001x95_260114_LH00793_B23GCKKLT3	sisomicin	aminoglycoside	No resistance	0	
0129p-CMPN001x95_260114_LH00793_B23GCKKLT3	arbekacin	aminoglycoside	No resistance	0	
0129p-CMPN001x95_260114_LH00793_B23GCKKLT3	kasugamycin	aminoglycoside	No resistance	0	
0129p-CMPN001x95_260114_LH00793_B23GCKKLT3	astromicin	aminoglycoside	No resistance	0	
0129p-CMPN001x95_260114_LH00793_B23GCKKLT3	fortimicin	aminoglycoside	No resistance	0	
0129p-CMPN001x95_260114_LH00793_B23GCKKLT3	spectinomycin	aminocyclitol	No resistance	0	
0129p-CMPN001x95_260114_LH00793_B23GCKKLT3	fluoroquinolone	quinolone	No resistance	0	
0129p-CMPN001x95_260114_LH00793_B23GCKKLT3	ciprofloxacin	quinolone	No resistance	0	
0129p-CMPN001x95_260114_LH00793_B23GCKKLT3	unknown quinolone	quinolone	No resistance	0	
0129p-CMPN001x95_260114_LH00793_B23GCKKLT3	nalidixic acid	quinolone	No resistance	0	
0129p-CMPN001x95_260114_LH00793_B23GCKKLT3	amoxicillin	beta-lactam	No resistance	0	
0129p-CMPN001x95_260114_LH00793_B23GCKKLT3	amoxicillin+clavulanic acid	beta-lactam	No resistance	0	
0129p-CMPN001x95_260114_LH00793_B23GCKKLT3	ampicillin	beta-lactam	No resistance	0	
0129p-CMPN001x95_260114_LH00793_B23GCKKLT3	ampicillin+clavulanic acid	beta-lactam	No resistance	0	
0129p-CMPN001x95_260114_LH00793_B23GCKKLT3	cefepime	beta-lactam	No resistance	0	
0129p-CMPN001x95_260114_LH00793_B23GCKKLT3	cefixime	beta-lactam	No resistance	0	
0129p-CMPN001x95_260114_LH00793_B23GCKKLT3	cefotaxime	beta-lactam	No resistance	0	
0129p-CMPN001x95_260114_LH00793_B23GCKKLT3	cefoxitin	beta-lactam	No resistance	0	
0129p-CMPN001x95_260114_LH00793_B23GCKKLT3	ceftazidime	beta-lactam	No resistance	0	
0129p-CMPN001x95_260114_LH00793_B23GCKKLT3	ertapenem	beta-lactam	No resistance	0	
0129p-CMPN001x95_260114_LH00793_B23GCKKLT3	imipenem	beta-lactam	No resistance	0	
0129p-CMPN001x95_260114_LH00793_B23GCKKLT3	meropenem	beta-lactam	No resistance	0	
0129p-CMPN001x95_260114_LH00793_B23GCKKLT3	piperacillin	beta-lactam	No resistance	0	
0129p-CMPN001x95_260114_LH00793_B23GCKKLT3	piperacillin+tazobactam	beta-lactam	No resistance	0	
0129p-CMPN001x95_260114_LH00793_B23GCKKLT3	unknown beta-lactam	beta-lactam	No resistance	0	
0129p-CMPN001x95_260114_LH00793_B23GCKKLT3	aztreonam	beta-lactam	No resistance	0	
0129p-CMPN001x95_260114_LH00793_B23GCKKLT3	cefotaxime+clavulanic acid	beta-lactam	No resistance	0	
0129p-CMPN001x95_260114_LH00793_B23GCKKLT3	temocillin	beta-lactam	No resistance	0	
0129p-CMPN001x95_260114_LH00793_B23GCKKLT3	ticarcillin	beta-lactam	No resistance	0	
0129p-CMPN001x95_260114_LH00793_B23GCKKLT3	ceftazidime+avibactam	beta-lactam	No resistance	0	
0129p-CMPN001x95_260114_LH00793_B23GCKKLT3	penicillin	beta-lactam	No resistance	0	
0129p-CMPN001x95_260114_LH00793_B23GCKKLT3	ceftriaxone	beta-lactam	No resistance	0	
0129p-CMPN001x95_260114_LH00793_B23GCKKLT3	ticarcillin+clavulanic acid	beta-lactam	No resistance	0	
0129p-CMPN001x95_260114_LH00793_B23GCKKLT3	cephalothin	beta-lactam	No resistance	0	
0129p-CMPN001x95_260114_LH00793_B23GCKKLT3	piperacillin+clavulanic acid	beta-lactam	No resistance	0	
0129p-CMPN001x95_260114_LH00793_B23GCKKLT3	ceftiofur	under_development	No resistance	0	
0129p-CMPN001x95_260114_LH00793_B23GCKKLT3	sulfamethoxazole	folate pathway antagonist	No resistance	0	
0129p-CMPN001x95_260114_LH00793_B23GCKKLT3	trimethoprim	folate pathway antagonist	No resistance	0	
0129p-CMPN001x95_260114_LH00793_B23GCKKLT3	fosfomycin	fosfomycin	No resistance	0	
0129p-CMPN001x95_260114_LH00793_B23GCKKLT3	vancomycin	glycopeptide	No resistance	0	
0129p-CMPN001x95_260114_LH00793_B23GCKKLT3	teicoplanin	glycopeptide	No resistance	0	
0129p-CMPN001x95_260114_LH00793_B23GCKKLT3	bleomycin	glycopeptide	No resistance	0	
0129p-CMPN001x95_260114_LH00793_B23GCKKLT3	lincomycin	lincosamide	No resistance	0	
0129p-CMPN001x95_260114_LH00793_B23GCKKLT3	clindamycin	lincosamide	No resistance	0	
0129p-CMPN001x95_260114_LH00793_B23GCKKLT3	dalfopristin	streptogramin a	No resistance	0	
0129p-CMPN001x95_260114_LH00793_B23GCKKLT3	pristinamycin iia	streptogramin a	No resistance	0	
0129p-CMPN001x95_260114_LH00793_B23GCKKLT3	virginiamycin m	streptogramin a	No resistance	0	
0129p-CMPN001x95_260114_LH00793_B23GCKKLT3	quinupristin+dalfopristin	streptogramin a	No resistance	0	
0129p-CMPN001x95_260114_LH00793_B23GCKKLT3	tiamulin	pleuromutilin	No resistance	0	
0129p-CMPN001x95_260114_LH00793_B23GCKKLT3	carbomycin	macrolide	No resistance	0	
0129p-CMPN001x95_260114_LH00793_B23GCKKLT3	erythromycin	macrolide	No resistance	0	
0129p-CMPN001x95_260114_LH00793_B23GCKKLT3	azithromycin	macrolide	No resistance	0	
0129p-CMPN001x95_260114_LH00793_B23GCKKLT3	oleandomycin	macrolide	No resistance	0	
0129p-CMPN001x95_260114_LH00793_B23GCKKLT3	spiramycin	macrolide	No resistance	0	
0129p-CMPN001x95_260114_LH00793_B23GCKKLT3	tylosin	macrolide	No resistance	0	
0129p-CMPN001x95_260114_LH00793_B23GCKKLT3	telithromycin	macrolide	No resistance	0	
0129p-CMPN001x95_260114_LH00793_B23GCKKLT3	tetracycline	tetracycline	Resistant	2	tetA(46) (tetA(46)_HQ652506), tetB(46) (tetB(46)_HQ652506)
0129p-CMPN001x95_260114_LH00793_B23GCKKLT3	doxycycline	tetracycline	Resistant	2	tetA(46) (tetA(46)_HQ652506), tetB(46) (tetB(46)_HQ652506)
0129p-CMPN001x95_260114_LH00793_B23GCKKLT3	minocycline	tetracycline	No resistance	0	
0129p-CMPN001x95_260114_LH00793_B23GCKKLT3	tigecycline	tetracycline	Resistant	2	tetA(46) (tetA(46)_HQ652506), tetB(46) (tetB(46)_HQ652506)
0129p-CMPN001x95_260114_LH00793_B23GCKKLT3	quinupristin	streptogramin b	No resistance	0	
0129p-CMPN001x95_260114_LH00793_B23GCKKLT3	pristinamycin ia	streptogramin b	No resistance	0	
0129p-CMPN001x95_260114_LH00793_B23GCKKLT3	virginiamycin s	streptogramin b	No resistance	0	
0129p-CMPN001x95_260114_LH00793_B23GCKKLT3	linezolid	oxazolidinone	No resistance	0	
0129p-CMPN001x95_260114_LH00793_B23GCKKLT3	chloramphenicol	amphenicol	No resistance	0	
0129p-CMPN001x95_260114_LH00793_B23GCKKLT3	florfenicol	amphenicol	No resistance	0	
0129p-CMPN001x95_260114_LH00793_B23GCKKLT3	colistin	polymyxin	No resistance	0	
0129p-CMPN001x95_260114_LH00793_B23GCKKLT3	fusidic acid	steroid antibacterial	No resistance	0	
0129p-CMPN001x95_260114_LH00793_B23GCKKLT3	mupirocin	pseudomonic acid	No resistance	0	
0129p-CMPN001x95_260114_LH00793_B23GCKKLT3	rifampicin	rifamycin	No resistance	0	
0129p-CMPN001x95_260114_LH00793_B23GCKKLT3	metronidazole	nitroimidazole	No resistance	0	
0129p-CMPN001x95_260114_LH00793_B23GCKKLT3	narasin	ionophores	No resistance	0	
0129p-CMPN001x95_260114_LH00793_B23GCKKLT3	salinomycin	ionophores	No resistance	0	
0129p-CMPN001x95_260114_LH00793_B23GCKKLT3	maduramicin	ionophores	No resistance	0	
033Ap-CMPN001x48_260114_LH00793_B23GCKKLT3	gentamicin	aminoglycoside	No resistance	0	
033Ap-CMPN001x48_260114_LH00793_B23GCKKLT3	tobramycin	aminoglycoside	No resistance	0	
033Ap-CMPN001x48_260114_LH00793_B23GCKKLT3	streptomycin	aminoglycoside	No resistance	0	
033Ap-CMPN001x48_260114_LH00793_B23GCKKLT3	amikacin	aminoglycoside	No resistance	0	
033Ap-CMPN001x48_260114_LH00793_B23GCKKLT3	isepamicin	aminoglycoside	No resistance	0	
033Ap-CMPN001x48_260114_LH00793_B23GCKKLT3	dibekacin	aminoglycoside	No resistance	0	
033Ap-CMPN001x48_260114_LH00793_B23GCKKLT3	kanamycin	aminoglycoside	No resistance	0	
033Ap-CMPN001x48_260114_LH00793_B23GCKKLT3	neomycin	aminoglycoside	No resistance	0	
033Ap-CMPN001x48_260114_LH00793_B23GCKKLT3	lividomycin	aminoglycoside	No resistance	0	
033Ap-CMPN001x48_260114_LH00793_B23GCKKLT3	paromomycin	aminoglycoside	No resistance	0	
033Ap-CMPN001x48_260114_LH00793_B23GCKKLT3	ribostamycin	aminoglycoside	No resistance	0	
033Ap-CMPN001x48_260114_LH00793_B23GCKKLT3	unknown aminoglycoside	aminoglycoside	No resistance	0	
033Ap-CMPN001x48_260114_LH00793_B23GCKKLT3	butiromycin	aminoglycoside	No resistance	0	
033Ap-CMPN001x48_260114_LH00793_B23GCKKLT3	butirosin	aminoglycoside	No resistance	0	
033Ap-CMPN001x48_260114_LH00793_B23GCKKLT3	hygromycin	aminoglycoside	No resistance	0	
033Ap-CMPN001x48_260114_LH00793_B23GCKKLT3	netilmicin	aminoglycoside	No resistance	0	
033Ap-CMPN001x48_260114_LH00793_B23GCKKLT3	apramycin	aminoglycoside	No resistance	0	
033Ap-CMPN001x48_260114_LH00793_B23GCKKLT3	sisomicin	aminoglycoside	No resistance	0	
033Ap-CMPN001x48_260114_LH00793_B23GCKKLT3	arbekacin	aminoglycoside	No resistance	0	
033Ap-CMPN001x48_260114_LH00793_B23GCKKLT3	kasugamycin	aminoglycoside	No resistance	0	
033Ap-CMPN001x48_260114_LH00793_B23GCKKLT3	astromicin	aminoglycoside	No resistance	0	
033Ap-CMPN001x48_260114_LH00793_B23GCKKLT3	fortimicin	aminoglycoside	No resistance	0	
033Ap-CMPN001x48_260114_LH00793_B23GCKKLT3	spectinomycin	aminocyclitol	No resistance	0	
033Ap-CMPN001x48_260114_LH00793_B23GCKKLT3	fluoroquinolone	quinolone	No resistance	0	
033Ap-CMPN001x48_260114_LH00793_B23GCKKLT3	ciprofloxacin	quinolone	No resistance	0	
033Ap-CMPN001x48_260114_LH00793_B23GCKKLT3	unknown quinolone	quinolone	No resistance	0	
033Ap-CMPN001x48_260114_LH00793_B23GCKKLT3	nalidixic acid	quinolone	No resistance	0	
033Ap-CMPN001x48_260114_LH00793_B23GCKKLT3	amoxicillin	beta-lactam	No resistance	0	
033Ap-CMPN001x48_260114_LH00793_B23GCKKLT3	amoxicillin+clavulanic acid	beta-lactam	No resistance	0	
033Ap-CMPN001x48_260114_LH00793_B23GCKKLT3	ampicillin	beta-lactam	No resistance	0	
033Ap-CMPN001x48_260114_LH00793_B23GCKKLT3	ampicillin+clavulanic acid	beta-lactam	No resistance	0	
033Ap-CMPN001x48_260114_LH00793_B23GCKKLT3	cefepime	beta-lactam	No resistance	0	
033Ap-CMPN001x48_260114_LH00793_B23GCKKLT3	cefixime	beta-lactam	No resistance	0	
033Ap-CMPN001x48_260114_LH00793_B23GCKKLT3	cefotaxime	beta-lactam	No resistance	0	
033Ap-CMPN001x48_260114_LH00793_B23GCKKLT3	cefoxitin	beta-lactam	No resistance	0	
033Ap-CMPN001x48_260114_LH00793_B23GCKKLT3	ceftazidime	beta-lactam	No resistance	0	
033Ap-CMPN001x48_260114_LH00793_B23GCKKLT3	ertapenem	beta-lactam	No resistance	0	
033Ap-CMPN001x48_260114_LH00793_B23GCKKLT3	imipenem	beta-lactam	No resistance	0	
033Ap-CMPN001x48_260114_LH00793_B23GCKKLT3	meropenem	beta-lactam	No resistance	0	
033Ap-CMPN001x48_260114_LH00793_B23GCKKLT3	piperacillin	beta-lactam	No resistance	0	
033Ap-CMPN001x48_260114_LH00793_B23GCKKLT3	piperacillin+tazobactam	beta-lactam	No resistance	0	
033Ap-CMPN001x48_260114_LH00793_B23GCKKLT3	unknown beta-lactam	beta-lactam	No resistance	0	
033Ap-CMPN001x48_260114_LH00793_B23GCKKLT3	aztreonam	beta-lactam	No resistance	0	
033Ap-CMPN001x48_260114_LH00793_B23GCKKLT3	cefotaxime+clavulanic acid	beta-lactam	No resistance	0	
033Ap-CMPN001x48_260114_LH00793_B23GCKKLT3	temocillin	beta-lactam	No resistance	0	
033Ap-CMPN001x48_260114_LH00793_B23GCKKLT3	ticarcillin	beta-lactam	No resistance	0	
033Ap-CMPN001x48_260114_LH00793_B23GCKKLT3	ceftazidime+avibactam	beta-lactam	No resistance	0	
033Ap-CMPN001x48_260114_LH00793_B23GCKKLT3	penicillin	beta-lactam	No resistance	0	
033Ap-CMPN001x48_260114_LH00793_B23GCKKLT3	ceftriaxone	beta-lactam	No resistance	0	
033Ap-CMPN001x48_260114_LH00793_B23GCKKLT3	ticarcillin+clavulanic acid	beta-lactam	No resistance	0	
033Ap-CMPN001x48_260114_LH00793_B23GCKKLT3	cephalothin	beta-lactam	No resistance	0	
033Ap-CMPN001x48_260114_LH00793_B23GCKKLT3	piperacillin+clavulanic acid	beta-lactam	No resistance	0	
033Ap-CMPN001x48_260114_LH00793_B23GCKKLT3	ceftiofur	under_development	No resistance	0	
033Ap-CMPN001x48_260114_LH00793_B23GCKKLT3	sulfamethoxazole	folate pathway antagonist	No resistance	0	
033Ap-CMPN001x48_260114_LH00793_B23GCKKLT3	trimethoprim	folate pathway antagonist	No resistance	0	
033Ap-CMPN001x48_260114_LH00793_B23GCKKLT3	fosfomycin	fosfomycin	No resistance	0	
033Ap-CMPN001x48_260114_LH00793_B23GCKKLT3	vancomycin	glycopeptide	No resistance	0	
033Ap-CMPN001x48_260114_LH00793_B23GCKKLT3	teicoplanin	glycopeptide	No resistance	0	
033Ap-CMPN001x48_260114_LH00793_B23GCKKLT3	bleomycin	glycopeptide	No resistance	0	
033Ap-CMPN001x48_260114_LH00793_B23GCKKLT3	lincomycin	lincosamide	No resistance	0	
033Ap-CMPN001x48_260114_LH00793_B23GCKKLT3	clindamycin	lincosamide	No resistance	0	
033Ap-CMPN001x48_260114_LH00793_B23GCKKLT3	dalfopristin	streptogramin a	No resistance	0	
033Ap-CMPN001x48_260114_LH00793_B23GCKKLT3	pristinamycin iia	streptogramin a	No resistance	0	
033Ap-CMPN001x48_260114_LH00793_B23GCKKLT3	virginiamycin m	streptogramin a	No resistance	0	
033Ap-CMPN001x48_260114_LH00793_B23GCKKLT3	quinupristin+dalfopristin	streptogramin a	No resistance	0	
033Ap-CMPN001x48_260114_LH00793_B23GCKKLT3	tiamulin	pleuromutilin	No resistance	0	
033Ap-CMPN001x48_260114_LH00793_B23GCKKLT3	carbomycin	macrolide	No resistance	0	
033Ap-CMPN001x48_260114_LH00793_B23GCKKLT3	erythromycin	macrolide	Resistant	3	msr(D) (msr(D)_AF274302), mef(A) (mef(A)_U83667)
033Ap-CMPN001x48_260114_LH00793_B23GCKKLT3	azithromycin	macrolide	Resistant	3	msr(D) (msr(D)_AF274302), mef(A) (mef(A)_U83667)
033Ap-CMPN001x48_260114_LH00793_B23GCKKLT3	oleandomycin	macrolide	No resistance	0	
033Ap-CMPN001x48_260114_LH00793_B23GCKKLT3	spiramycin	macrolide	No resistance	0	
033Ap-CMPN001x48_260114_LH00793_B23GCKKLT3	tylosin	macrolide	No resistance	0	
033Ap-CMPN001x48_260114_LH00793_B23GCKKLT3	telithromycin	macrolide	Resistant	3	msr(D) (msr(D)_AF274302)
033Ap-CMPN001x48_260114_LH00793_B23GCKKLT3	tetracycline	tetracycline	Resistant	2	tetA(46) (tetA(46)_HQ652506), tetB(46) (tetB(46)_HQ652506)
033Ap-CMPN001x48_260114_LH00793_B23GCKKLT3	doxycycline	tetracycline	Resistant	2	tetA(46) (tetA(46)_HQ652506), tetB(46) (tetB(46)_HQ652506)
033Ap-CMPN001x48_260114_LH00793_B23GCKKLT3	minocycline	tetracycline	No resistance	0	
033Ap-CMPN001x48_260114_LH00793_B23GCKKLT3	tigecycline	tetracycline	Resistant	2	tetA(46) (tetA(46)_HQ652506), tetB(46) (tetB(46)_HQ652506)
033Ap-CMPN001x48_260114_LH00793_B23GCKKLT3	quinupristin	streptogramin b	Resistant	3	msr(D) (msr(D)_AF274302)
033Ap-CMPN001x48_260114_LH00793_B23GCKKLT3	pristinamycin ia	streptogramin b	Resistant	3	msr(D) (msr(D)_AF274302)
033Ap-CMPN001x48_260114_LH00793_B23GCKKLT3	virginiamycin s	streptogramin b	Resistant	3	msr(D) (msr(D)_AF274302)
033Ap-CMPN001x48_260114_LH00793_B23GCKKLT3	linezolid	oxazolidinone	No resistance	0	
033Ap-CMPN001x48_260114_LH00793_B23GCKKLT3	chloramphenicol	amphenicol	No resistance	0	
033Ap-CMPN001x48_260114_LH00793_B23GCKKLT3	florfenicol	amphenicol	No resistance	0	
033Ap-CMPN001x48_260114_LH00793_B23GCKKLT3	colistin	polymyxin	No resistance	0	
033Ap-CMPN001x48_260114_LH00793_B23GCKKLT3	fusidic acid	steroid antibacterial	No resistance	0	
033Ap-CMPN001x48_260114_LH00793_B23GCKKLT3	mupirocin	pseudomonic acid	No resistance	0	
033Ap-CMPN001x48_260114_LH00793_B23GCKKLT3	rifampicin	rifamycin	No resistance	0	
033Ap-CMPN001x48_260114_LH00793_B23GCKKLT3	metronidazole	nitroimidazole	No resistance	0	
033Ap-CMPN001x48_260114_LH00793_B23GCKKLT3	narasin	ionophores	No resistance	0	
033Ap-CMPN001x48_260114_LH00793_B23GCKKLT3	salinomycin	ionophores	No resistance	0	
033Ap-CMPN001x48_260114_LH00793_B23GCKKLT3	maduramicin	ionophores	No resistance	0	
033Cm-CMPN001x01_260114_LH00793_B23GCKKLT3	gentamicin	aminoglycoside	No resistance	0	
033Cm-CMPN001x01_260114_LH00793_B23GCKKLT3	tobramycin	aminoglycoside	No resistance	0	
033Cm-CMPN001x01_260114_LH00793_B23GCKKLT3	streptomycin	aminoglycoside	No resistance	0	
033Cm-CMPN001x01_260114_LH00793_B23GCKKLT3	amikacin	aminoglycoside	No resistance	0	
033Cm-CMPN001x01_260114_LH00793_B23GCKKLT3	isepamicin	aminoglycoside	No resistance	0	
033Cm-CMPN001x01_260114_LH00793_B23GCKKLT3	dibekacin	aminoglycoside	No resistance	0	
033Cm-CMPN001x01_260114_LH00793_B23GCKKLT3	kanamycin	aminoglycoside	No resistance	0	
033Cm-CMPN001x01_260114_LH00793_B23GCKKLT3	neomycin	aminoglycoside	No resistance	0	
033Cm-CMPN001x01_260114_LH00793_B23GCKKLT3	lividomycin	aminoglycoside	No resistance	0	
033Cm-CMPN001x01_260114_LH00793_B23GCKKLT3	paromomycin	aminoglycoside	No resistance	0	
033Cm-CMPN001x01_260114_LH00793_B23GCKKLT3	ribostamycin	aminoglycoside	No resistance	0	
033Cm-CMPN001x01_260114_LH00793_B23GCKKLT3	unknown aminoglycoside	aminoglycoside	No resistance	0	
033Cm-CMPN001x01_260114_LH00793_B23GCKKLT3	butiromycin	aminoglycoside	No resistance	0	
033Cm-CMPN001x01_260114_LH00793_B23GCKKLT3	butirosin	aminoglycoside	No resistance	0	
033Cm-CMPN001x01_260114_LH00793_B23GCKKLT3	hygromycin	aminoglycoside	No resistance	0	
033Cm-CMPN001x01_260114_LH00793_B23GCKKLT3	netilmicin	aminoglycoside	No resistance	0	
033Cm-CMPN001x01_260114_LH00793_B23GCKKLT3	apramycin	aminoglycoside	No resistance	0	
033Cm-CMPN001x01_260114_LH00793_B23GCKKLT3	sisomicin	aminoglycoside	No resistance	0	
033Cm-CMPN001x01_260114_LH00793_B23GCKKLT3	arbekacin	aminoglycoside	No resistance	0	
033Cm-CMPN001x01_260114_LH00793_B23GCKKLT3	kasugamycin	aminoglycoside	No resistance	0	
033Cm-CMPN001x01_260114_LH00793_B23GCKKLT3	astromicin	aminoglycoside	No resistance	0	
033Cm-CMPN001x01_260114_LH00793_B23GCKKLT3	fortimicin	aminoglycoside	No resistance	0	
033Cm-CMPN001x01_260114_LH00793_B23GCKKLT3	spectinomycin	aminocyclitol	No resistance	0	
033Cm-CMPN001x01_260114_LH00793_B23GCKKLT3	fluoroquinolone	quinolone	No resistance	0	
033Cm-CMPN001x01_260114_LH00793_B23GCKKLT3	ciprofloxacin	quinolone	No resistance	0	
033Cm-CMPN001x01_260114_LH00793_B23GCKKLT3	unknown quinolone	quinolone	No resistance	0	
033Cm-CMPN001x01_260114_LH00793_B23GCKKLT3	nalidixic acid	quinolone	No resistance	0	
033Cm-CMPN001x01_260114_LH00793_B23GCKKLT3	amoxicillin	beta-lactam	No resistance	0	
033Cm-CMPN001x01_260114_LH00793_B23GCKKLT3	amoxicillin+clavulanic acid	beta-lactam	No resistance	0	
033Cm-CMPN001x01_260114_LH00793_B23GCKKLT3	ampicillin	beta-lactam	No resistance	0	
033Cm-CMPN001x01_260114_LH00793_B23GCKKLT3	ampicillin+clavulanic acid	beta-lactam	No resistance	0	
033Cm-CMPN001x01_260114_LH00793_B23GCKKLT3	cefepime	beta-lactam	No resistance	0	
033Cm-CMPN001x01_260114_LH00793_B23GCKKLT3	cefixime	beta-lactam	No resistance	0	
033Cm-CMPN001x01_260114_LH00793_B23GCKKLT3	cefotaxime	beta-lactam	No resistance	0	
033Cm-CMPN001x01_260114_LH00793_B23GCKKLT3	cefoxitin	beta-lactam	No resistance	0	
033Cm-CMPN001x01_260114_LH00793_B23GCKKLT3	ceftazidime	beta-lactam	No resistance	0	
033Cm-CMPN001x01_260114_LH00793_B23GCKKLT3	ertapenem	beta-lactam	No resistance	0	
033Cm-CMPN001x01_260114_LH00793_B23GCKKLT3	imipenem	beta-lactam	No resistance	0	
033Cm-CMPN001x01_260114_LH00793_B23GCKKLT3	meropenem	beta-lactam	No resistance	0	
033Cm-CMPN001x01_260114_LH00793_B23GCKKLT3	piperacillin	beta-lactam	No resistance	0	
033Cm-CMPN001x01_260114_LH00793_B23GCKKLT3	piperacillin+tazobactam	beta-lactam	No resistance	0	
033Cm-CMPN001x01_260114_LH00793_B23GCKKLT3	unknown beta-lactam	beta-lactam	No resistance	0	
033Cm-CMPN001x01_260114_LH00793_B23GCKKLT3	aztreonam	beta-lactam	No resistance	0	
033Cm-CMPN001x01_260114_LH00793_B23GCKKLT3	cefotaxime+clavulanic acid	beta-lactam	No resistance	0	
033Cm-CMPN001x01_260114_LH00793_B23GCKKLT3	temocillin	beta-lactam	No resistance	0	
033Cm-CMPN001x01_260114_LH00793_B23GCKKLT3	ticarcillin	beta-lactam	No resistance	0	
033Cm-CMPN001x01_260114_LH00793_B23GCKKLT3	ceftazidime+avibactam	beta-lactam	No resistance	0	
033Cm-CMPN001x01_260114_LH00793_B23GCKKLT3	penicillin	beta-lactam	No resistance	0	
033Cm-CMPN001x01_260114_LH00793_B23GCKKLT3	ceftriaxone	beta-lactam	No resistance	0	
033Cm-CMPN001x01_260114_LH00793_B23GCKKLT3	ticarcillin+clavulanic acid	beta-lactam	No resistance	0	
033Cm-CMPN001x01_260114_LH00793_B23GCKKLT3	cephalothin	beta-lactam	No resistance	0	
033Cm-CMPN001x01_260114_LH00793_B23GCKKLT3	piperacillin+clavulanic acid	beta-lactam	No resistance	0	
033Cm-CMPN001x01_260114_LH00793_B23GCKKLT3	ceftiofur	under_development	No resistance	0	
033Cm-CMPN001x01_260114_LH00793_B23GCKKLT3	sulfamethoxazole	folate pathway antagonist	No resistance	0	
033Cm-CMPN001x01_260114_LH00793_B23GCKKLT3	trimethoprim	folate pathway antagonist	No resistance	0	
033Cm-CMPN001x01_260114_LH00793_B23GCKKLT3	fosfomycin	fosfomycin	No resistance	0	
033Cm-CMPN001x01_260114_LH00793_B23GCKKLT3	vancomycin	glycopeptide	No resistance	0	
033Cm-CMPN001x01_260114_LH00793_B23GCKKLT3	teicoplanin	glycopeptide	No resistance	0	
033Cm-CMPN001x01_260114_LH00793_B23GCKKLT3	bleomycin	glycopeptide	No resistance	0	
033Cm-CMPN001x01_260114_LH00793_B23GCKKLT3	lincomycin	lincosamide	Resistant	3	erm(B) (erm(B)_U86375)
033Cm-CMPN001x01_260114_LH00793_B23GCKKLT3	clindamycin	lincosamide	Resistant	3	erm(B) (erm(B)_U86375)
033Cm-CMPN001x01_260114_LH00793_B23GCKKLT3	dalfopristin	streptogramin a	No resistance	0	
033Cm-CMPN001x01_260114_LH00793_B23GCKKLT3	pristinamycin iia	streptogramin a	No resistance	0	
033Cm-CMPN001x01_260114_LH00793_B23GCKKLT3	virginiamycin m	streptogramin a	No resistance	0	
033Cm-CMPN001x01_260114_LH00793_B23GCKKLT3	quinupristin+dalfopristin	streptogramin a	No resistance	0	
033Cm-CMPN001x01_260114_LH00793_B23GCKKLT3	tiamulin	pleuromutilin	No resistance	0	
033Cm-CMPN001x01_260114_LH00793_B23GCKKLT3	carbomycin	macrolide	No resistance	0	
033Cm-CMPN001x01_260114_LH00793_B23GCKKLT3	erythromycin	macrolide	Resistant	3	erm(B) (erm(B)_U86375), msr(D) (msr(D)_AF274302), mef(A) (mef(A)_U83667)
033Cm-CMPN001x01_260114_LH00793_B23GCKKLT3	azithromycin	macrolide	Resistant	3	msr(D) (msr(D)_AF274302), mef(A) (mef(A)_U83667)
033Cm-CMPN001x01_260114_LH00793_B23GCKKLT3	oleandomycin	macrolide	No resistance	0	
033Cm-CMPN001x01_260114_LH00793_B23GCKKLT3	spiramycin	macrolide	No resistance	0	
033Cm-CMPN001x01_260114_LH00793_B23GCKKLT3	tylosin	macrolide	No resistance	0	
033Cm-CMPN001x01_260114_LH00793_B23GCKKLT3	telithromycin	macrolide	Resistant	3	msr(D) (msr(D)_AF274302)
033Cm-CMPN001x01_260114_LH00793_B23GCKKLT3	tetracycline	tetracycline	Resistant	2	tet(M) (tet(M)_X04388)
033Cm-CMPN001x01_260114_LH00793_B23GCKKLT3	doxycycline	tetracycline	Resistant	2	tet(M) (tet(M)_X04388)
033Cm-CMPN001x01_260114_LH00793_B23GCKKLT3	minocycline	tetracycline	Resistant	2	tet(M) (tet(M)_X04388)
033Cm-CMPN001x01_260114_LH00793_B23GCKKLT3	tigecycline	tetracycline	No resistance	0	
033Cm-CMPN001x01_260114_LH00793_B23GCKKLT3	quinupristin	streptogramin b	Resistant	3	erm(B) (erm(B)_U86375), msr(D) (msr(D)_AF274302)
033Cm-CMPN001x01_260114_LH00793_B23GCKKLT3	pristinamycin ia	streptogramin b	Resistant	3	erm(B) (erm(B)_U86375), msr(D) (msr(D)_AF274302)
033Cm-CMPN001x01_260114_LH00793_B23GCKKLT3	virginiamycin s	streptogramin b	Resistant	3	erm(B) (erm(B)_U86375), msr(D) (msr(D)_AF274302)
033Cm-CMPN001x01_260114_LH00793_B23GCKKLT3	linezolid	oxazolidinone	No resistance	0	
033Cm-CMPN001x01_260114_LH00793_B23GCKKLT3	chloramphenicol	amphenicol	Resistant	3	cat(pC194) (cat(pC194)_NC_002013)
033Cm-CMPN001x01_260114_LH00793_B23GCKKLT3	florfenicol	amphenicol	No resistance	0	
033Cm-CMPN001x01_260114_LH00793_B23GCKKLT3	colistin	polymyxin	No resistance	0	
033Cm-CMPN001x01_260114_LH00793_B23GCKKLT3	fusidic acid	steroid antibacterial	No resistance	0	
033Cm-CMPN001x01_260114_LH00793_B23GCKKLT3	mupirocin	pseudomonic acid	No resistance	0	
033Cm-CMPN001x01_260114_LH00793_B23GCKKLT3	rifampicin	rifamycin	No resistance	0	
033Cm-CMPN001x01_260114_LH00793_B23GCKKLT3	metronidazole	nitroimidazole	No resistance	0	
033Cm-CMPN001x01_260114_LH00793_B23GCKKLT3	narasin	ionophores	No resistance	0	
033Cm-CMPN001x01_260114_LH00793_B23GCKKLT3	salinomycin	ionophores	No resistance	0	
033Cm-CMPN001x01_260114_LH00793_B23GCKKLT3	maduramicin	ionophores	No resistance	0	
039Ap-CMPN001x49_260114_LH00793_B23GCKKLT3	gentamicin	aminoglycoside	No resistance	0	
039Ap-CMPN001x49_260114_LH00793_B23GCKKLT3	tobramycin	aminoglycoside	No resistance	0	
039Ap-CMPN001x49_260114_LH00793_B23GCKKLT3	streptomycin	aminoglycoside	No resistance	0	
039Ap-CMPN001x49_260114_LH00793_B23GCKKLT3	amikacin	aminoglycoside	No resistance	0	
039Ap-CMPN001x49_260114_LH00793_B23GCKKLT3	isepamicin	aminoglycoside	No resistance	0	
039Ap-CMPN001x49_260114_LH00793_B23GCKKLT3	dibekacin	aminoglycoside	No resistance	0	
039Ap-CMPN001x49_260114_LH00793_B23GCKKLT3	kanamycin	aminoglycoside	No resistance	0	
039Ap-CMPN001x49_260114_LH00793_B23GCKKLT3	neomycin	aminoglycoside	No resistance	0	
039Ap-CMPN001x49_260114_LH00793_B23GCKKLT3	lividomycin	aminoglycoside	No resistance	0	
039Ap-CMPN001x49_260114_LH00793_B23GCKKLT3	paromomycin	aminoglycoside	No resistance	0	
039Ap-CMPN001x49_260114_LH00793_B23GCKKLT3	ribostamycin	aminoglycoside	No resistance	0	
039Ap-CMPN001x49_260114_LH00793_B23GCKKLT3	unknown aminoglycoside	aminoglycoside	No resistance	0	
039Ap-CMPN001x49_260114_LH00793_B23GCKKLT3	butiromycin	aminoglycoside	No resistance	0	
039Ap-CMPN001x49_260114_LH00793_B23GCKKLT3	butirosin	aminoglycoside	No resistance	0	
039Ap-CMPN001x49_260114_LH00793_B23GCKKLT3	hygromycin	aminoglycoside	No resistance	0	
039Ap-CMPN001x49_260114_LH00793_B23GCKKLT3	netilmicin	aminoglycoside	No resistance	0	
039Ap-CMPN001x49_260114_LH00793_B23GCKKLT3	apramycin	aminoglycoside	No resistance	0	
039Ap-CMPN001x49_260114_LH00793_B23GCKKLT3	sisomicin	aminoglycoside	No resistance	0	
039Ap-CMPN001x49_260114_LH00793_B23GCKKLT3	arbekacin	aminoglycoside	No resistance	0	
039Ap-CMPN001x49_260114_LH00793_B23GCKKLT3	kasugamycin	aminoglycoside	No resistance	0	
039Ap-CMPN001x49_260114_LH00793_B23GCKKLT3	astromicin	aminoglycoside	No resistance	0	
039Ap-CMPN001x49_260114_LH00793_B23GCKKLT3	fortimicin	aminoglycoside	No resistance	0	
039Ap-CMPN001x49_260114_LH00793_B23GCKKLT3	spectinomycin	aminocyclitol	No resistance	0	
039Ap-CMPN001x49_260114_LH00793_B23GCKKLT3	fluoroquinolone	quinolone	No resistance	0	
039Ap-CMPN001x49_260114_LH00793_B23GCKKLT3	ciprofloxacin	quinolone	No resistance	0	
039Ap-CMPN001x49_260114_LH00793_B23GCKKLT3	unknown quinolone	quinolone	No resistance	0	
039Ap-CMPN001x49_260114_LH00793_B23GCKKLT3	nalidixic acid	quinolone	No resistance	0	
039Ap-CMPN001x49_260114_LH00793_B23GCKKLT3	amoxicillin	beta-lactam	No resistance	0	
039Ap-CMPN001x49_260114_LH00793_B23GCKKLT3	amoxicillin+clavulanic acid	beta-lactam	No resistance	0	
039Ap-CMPN001x49_260114_LH00793_B23GCKKLT3	ampicillin	beta-lactam	No resistance	0	
039Ap-CMPN001x49_260114_LH00793_B23GCKKLT3	ampicillin+clavulanic acid	beta-lactam	No resistance	0	
039Ap-CMPN001x49_260114_LH00793_B23GCKKLT3	cefepime	beta-lactam	No resistance	0	
039Ap-CMPN001x49_260114_LH00793_B23GCKKLT3	cefixime	beta-lactam	No resistance	0	
039Ap-CMPN001x49_260114_LH00793_B23GCKKLT3	cefotaxime	beta-lactam	No resistance	0	
039Ap-CMPN001x49_260114_LH00793_B23GCKKLT3	cefoxitin	beta-lactam	No resistance	0	
039Ap-CMPN001x49_260114_LH00793_B23GCKKLT3	ceftazidime	beta-lactam	No resistance	0	
039Ap-CMPN001x49_260114_LH00793_B23GCKKLT3	ertapenem	beta-lactam	No resistance	0	
039Ap-CMPN001x49_260114_LH00793_B23GCKKLT3	imipenem	beta-lactam	No resistance	0	
039Ap-CMPN001x49_260114_LH00793_B23GCKKLT3	meropenem	beta-lactam	No resistance	0	
039Ap-CMPN001x49_260114_LH00793_B23GCKKLT3	piperacillin	beta-lactam	No resistance	0	
039Ap-CMPN001x49_260114_LH00793_B23GCKKLT3	piperacillin+tazobactam	beta-lactam	No resistance	0	
039Ap-CMPN001x49_260114_LH00793_B23GCKKLT3	unknown beta-lactam	beta-lactam	No resistance	0	
039Ap-CMPN001x49_260114_LH00793_B23GCKKLT3	aztreonam	beta-lactam	No resistance	0	
039Ap-CMPN001x49_260114_LH00793_B23GCKKLT3	cefotaxime+clavulanic acid	beta-lactam	No resistance	0	
039Ap-CMPN001x49_260114_LH00793_B23GCKKLT3	temocillin	beta-lactam	No resistance	0	
039Ap-CMPN001x49_260114_LH00793_B23GCKKLT3	ticarcillin	beta-lactam	No resistance	0	
039Ap-CMPN001x49_260114_LH00793_B23GCKKLT3	ceftazidime+avibactam	beta-lactam	No resistance	0	
039Ap-CMPN001x49_260114_LH00793_B23GCKKLT3	penicillin	beta-lactam	No resistance	0	
039Ap-CMPN001x49_260114_LH00793_B23GCKKLT3	ceftriaxone	beta-lactam	No resistance	0	
039Ap-CMPN001x49_260114_LH00793_B23GCKKLT3	ticarcillin+clavulanic acid	beta-lactam	No resistance	0	
039Ap-CMPN001x49_260114_LH00793_B23GCKKLT3	cephalothin	beta-lactam	No resistance	0	
039Ap-CMPN001x49_260114_LH00793_B23GCKKLT3	piperacillin+clavulanic acid	beta-lactam	No resistance	0	
039Ap-CMPN001x49_260114_LH00793_B23GCKKLT3	ceftiofur	under_development	No resistance	0	
039Ap-CMPN001x49_260114_LH00793_B23GCKKLT3	sulfamethoxazole	folate pathway antagonist	No resistance	0	
039Ap-CMPN001x49_260114_LH00793_B23GCKKLT3	trimethoprim	folate pathway antagonist	No resistance	0	
039Ap-CMPN001x49_260114_LH00793_B23GCKKLT3	fosfomycin	fosfomycin	No resistance	0	
039Ap-CMPN001x49_260114_LH00793_B23GCKKLT3	vancomycin	glycopeptide	No resistance	0	
039Ap-CMPN001x49_260114_LH00793_B23GCKKLT3	teicoplanin	glycopeptide	No resistance	0	
039Ap-CMPN001x49_260114_LH00793_B23GCKKLT3	bleomycin	glycopeptide	No resistance	0	
039Ap-CMPN001x49_260114_LH00793_B23GCKKLT3	lincomycin	lincosamide	No resistance	0	
039Ap-CMPN001x49_260114_LH00793_B23GCKKLT3	clindamycin	lincosamide	No resistance	0	
039Ap-CMPN001x49_260114_LH00793_B23GCKKLT3	dalfopristin	streptogramin a	No resistance	0	
039Ap-CMPN001x49_260114_LH00793_B23GCKKLT3	pristinamycin iia	streptogramin a	No resistance	0	
039Ap-CMPN001x49_260114_LH00793_B23GCKKLT3	virginiamycin m	streptogramin a	No resistance	0	
039Ap-CMPN001x49_260114_LH00793_B23GCKKLT3	quinupristin+dalfopristin	streptogramin a	No resistance	0	
039Ap-CMPN001x49_260114_LH00793_B23GCKKLT3	tiamulin	pleuromutilin	No resistance	0	
039Ap-CMPN001x49_260114_LH00793_B23GCKKLT3	carbomycin	macrolide	No resistance	0	
039Ap-CMPN001x49_260114_LH00793_B23GCKKLT3	erythromycin	macrolide	Resistant	3	msr(D) (msr(D)_AF274302), mef(A) (mef(A)_U83667)
039Ap-CMPN001x49_260114_LH00793_B23GCKKLT3	azithromycin	macrolide	Resistant	3	msr(D) (msr(D)_AF274302), mef(A) (mef(A)_U83667)
039Ap-CMPN001x49_260114_LH00793_B23GCKKLT3	oleandomycin	macrolide	No resistance	0	
039Ap-CMPN001x49_260114_LH00793_B23GCKKLT3	spiramycin	macrolide	No resistance	0	
039Ap-CMPN001x49_260114_LH00793_B23GCKKLT3	tylosin	macrolide	No resistance	0	
039Ap-CMPN001x49_260114_LH00793_B23GCKKLT3	telithromycin	macrolide	Resistant	3	msr(D) (msr(D)_AF274302)
039Ap-CMPN001x49_260114_LH00793_B23GCKKLT3	tetracycline	tetracycline	Resistant	2	tetA(46) (tetA(46)_HQ652506), tetB(46) (tetB(46)_HQ652506)
039Ap-CMPN001x49_260114_LH00793_B23GCKKLT3	doxycycline	tetracycline	Resistant	2	tetA(46) (tetA(46)_HQ652506), tetB(46) (tetB(46)_HQ652506)
039Ap-CMPN001x49_260114_LH00793_B23GCKKLT3	minocycline	tetracycline	No resistance	0	
039Ap-CMPN001x49_260114_LH00793_B23GCKKLT3	tigecycline	tetracycline	Resistant	2	tetA(46) (tetA(46)_HQ652506), tetB(46) (tetB(46)_HQ652506)
039Ap-CMPN001x49_260114_LH00793_B23GCKKLT3	quinupristin	streptogramin b	Resistant	3	msr(D) (msr(D)_AF274302)
039Ap-CMPN001x49_260114_LH00793_B23GCKKLT3	pristinamycin ia	streptogramin b	Resistant	3	msr(D) (msr(D)_AF274302)
039Ap-CMPN001x49_260114_LH00793_B23GCKKLT3	virginiamycin s	streptogramin b	Resistant	3	msr(D) (msr(D)_AF274302)
039Ap-CMPN001x49_260114_LH00793_B23GCKKLT3	linezolid	oxazolidinone	No resistance	0	
039Ap-CMPN001x49_260114_LH00793_B23GCKKLT3	chloramphenicol	amphenicol	No resistance	0	
039Ap-CMPN001x49_260114_LH00793_B23GCKKLT3	florfenicol	amphenicol	No resistance	0	
039Ap-CMPN001x49_260114_LH00793_B23GCKKLT3	colistin	polymyxin	No resistance	0	
039Ap-CMPN001x49_260114_LH00793_B23GCKKLT3	fusidic acid	steroid antibacterial	No resistance	0	
039Ap-CMPN001x49_260114_LH00793_B23GCKKLT3	mupirocin	pseudomonic acid	No resistance	0	
039Ap-CMPN001x49_260114_LH00793_B23GCKKLT3	rifampicin	rifamycin	No resistance	0	
039Ap-CMPN001x49_260114_LH00793_B23GCKKLT3	metronidazole	nitroimidazole	No resistance	0	
039Ap-CMPN001x49_260114_LH00793_B23GCKKLT3	narasin	ionophores	No resistance	0	
039Ap-CMPN001x49_260114_LH00793_B23GCKKLT3	salinomycin	ionophores	No resistance	0	
039Ap-CMPN001x49_260114_LH00793_B23GCKKLT3	maduramicin	ionophores	No resistance	0	
039Pp-CMPN001x39_260114_LH00793_B23GCKKLT3	gentamicin	aminoglycoside	No resistance	0	
039Pp-CMPN001x39_260114_LH00793_B23GCKKLT3	tobramycin	aminoglycoside	No resistance	0	
039Pp-CMPN001x39_260114_LH00793_B23GCKKLT3	streptomycin	aminoglycoside	No resistance	0	
039Pp-CMPN001x39_260114_LH00793_B23GCKKLT3	amikacin	aminoglycoside	No resistance	0	
039Pp-CMPN001x39_260114_LH00793_B23GCKKLT3	isepamicin	aminoglycoside	No resistance	0	
039Pp-CMPN001x39_260114_LH00793_B23GCKKLT3	dibekacin	aminoglycoside	No resistance	0	
039Pp-CMPN001x39_260114_LH00793_B23GCKKLT3	kanamycin	aminoglycoside	No resistance	0	
039Pp-CMPN001x39_260114_LH00793_B23GCKKLT3	neomycin	aminoglycoside	No resistance	0	
039Pp-CMPN001x39_260114_LH00793_B23GCKKLT3	lividomycin	aminoglycoside	No resistance	0	
039Pp-CMPN001x39_260114_LH00793_B23GCKKLT3	paromomycin	aminoglycoside	No resistance	0	
039Pp-CMPN001x39_260114_LH00793_B23GCKKLT3	ribostamycin	aminoglycoside	No resistance	0	
039Pp-CMPN001x39_260114_LH00793_B23GCKKLT3	unknown aminoglycoside	aminoglycoside	No resistance	0	
039Pp-CMPN001x39_260114_LH00793_B23GCKKLT3	butiromycin	aminoglycoside	No resistance	0	
039Pp-CMPN001x39_260114_LH00793_B23GCKKLT3	butirosin	aminoglycoside	No resistance	0	
039Pp-CMPN001x39_260114_LH00793_B23GCKKLT3	hygromycin	aminoglycoside	No resistance	0	
039Pp-CMPN001x39_260114_LH00793_B23GCKKLT3	netilmicin	aminoglycoside	No resistance	0	
039Pp-CMPN001x39_260114_LH00793_B23GCKKLT3	apramycin	aminoglycoside	No resistance	0	
039Pp-CMPN001x39_260114_LH00793_B23GCKKLT3	sisomicin	aminoglycoside	No resistance	0	
039Pp-CMPN001x39_260114_LH00793_B23GCKKLT3	arbekacin	aminoglycoside	No resistance	0	
039Pp-CMPN001x39_260114_LH00793_B23GCKKLT3	kasugamycin	aminoglycoside	No resistance	0	
039Pp-CMPN001x39_260114_LH00793_B23GCKKLT3	astromicin	aminoglycoside	No resistance	0	
039Pp-CMPN001x39_260114_LH00793_B23GCKKLT3	fortimicin	aminoglycoside	No resistance	0	
039Pp-CMPN001x39_260114_LH00793_B23GCKKLT3	spectinomycin	aminocyclitol	No resistance	0	
039Pp-CMPN001x39_260114_LH00793_B23GCKKLT3	fluoroquinolone	quinolone	No resistance	0	
039Pp-CMPN001x39_260114_LH00793_B23GCKKLT3	ciprofloxacin	quinolone	No resistance	0	
039Pp-CMPN001x39_260114_LH00793_B23GCKKLT3	unknown quinolone	quinolone	No resistance	0	
039Pp-CMPN001x39_260114_LH00793_B23GCKKLT3	nalidixic acid	quinolone	No resistance	0	
039Pp-CMPN001x39_260114_LH00793_B23GCKKLT3	amoxicillin	beta-lactam	No resistance	0	
039Pp-CMPN001x39_260114_LH00793_B23GCKKLT3	amoxicillin+clavulanic acid	beta-lactam	No resistance	0	
039Pp-CMPN001x39_260114_LH00793_B23GCKKLT3	ampicillin	beta-lactam	No resistance	0	
039Pp-CMPN001x39_260114_LH00793_B23GCKKLT3	ampicillin+clavulanic acid	beta-lactam	No resistance	0	
039Pp-CMPN001x39_260114_LH00793_B23GCKKLT3	cefepime	beta-lactam	No resistance	0	
039Pp-CMPN001x39_260114_LH00793_B23GCKKLT3	cefixime	beta-lactam	No resistance	0	
039Pp-CMPN001x39_260114_LH00793_B23GCKKLT3	cefotaxime	beta-lactam	No resistance	0	
039Pp-CMPN001x39_260114_LH00793_B23GCKKLT3	cefoxitin	beta-lactam	No resistance	0	
039Pp-CMPN001x39_260114_LH00793_B23GCKKLT3	ceftazidime	beta-lactam	No resistance	0	
039Pp-CMPN001x39_260114_LH00793_B23GCKKLT3	ertapenem	beta-lactam	No resistance	0	
039Pp-CMPN001x39_260114_LH00793_B23GCKKLT3	imipenem	beta-lactam	No resistance	0	
039Pp-CMPN001x39_260114_LH00793_B23GCKKLT3	meropenem	beta-lactam	No resistance	0	
039Pp-CMPN001x39_260114_LH00793_B23GCKKLT3	piperacillin	beta-lactam	No resistance	0	
039Pp-CMPN001x39_260114_LH00793_B23GCKKLT3	piperacillin+tazobactam	beta-lactam	No resistance	0	
039Pp-CMPN001x39_260114_LH00793_B23GCKKLT3	unknown beta-lactam	beta-lactam	No resistance	0	
039Pp-CMPN001x39_260114_LH00793_B23GCKKLT3	aztreonam	beta-lactam	No resistance	0	
039Pp-CMPN001x39_260114_LH00793_B23GCKKLT3	cefotaxime+clavulanic acid	beta-lactam	No resistance	0	
039Pp-CMPN001x39_260114_LH00793_B23GCKKLT3	temocillin	beta-lactam	No resistance	0	
039Pp-CMPN001x39_260114_LH00793_B23GCKKLT3	ticarcillin	beta-lactam	No resistance	0	
039Pp-CMPN001x39_260114_LH00793_B23GCKKLT3	ceftazidime+avibactam	beta-lactam	No resistance	0	
039Pp-CMPN001x39_260114_LH00793_B23GCKKLT3	penicillin	beta-lactam	No resistance	0	
039Pp-CMPN001x39_260114_LH00793_B23GCKKLT3	ceftriaxone	beta-lactam	No resistance	0	
039Pp-CMPN001x39_260114_LH00793_B23GCKKLT3	ticarcillin+clavulanic acid	beta-lactam	No resistance	0	
039Pp-CMPN001x39_260114_LH00793_B23GCKKLT3	cephalothin	beta-lactam	No resistance	0	
039Pp-CMPN001x39_260114_LH00793_B23GCKKLT3	piperacillin+clavulanic acid	beta-lactam	No resistance	0	
039Pp-CMPN001x39_260114_LH00793_B23GCKKLT3	ceftiofur	under_development	No resistance	0	
039Pp-CMPN001x39_260114_LH00793_B23GCKKLT3	sulfamethoxazole	folate pathway antagonist	No resistance	0	
039Pp-CMPN001x39_260114_LH00793_B23GCKKLT3	trimethoprim	folate pathway antagonist	No resistance	0	
039Pp-CMPN001x39_260114_LH00793_B23GCKKLT3	fosfomycin	fosfomycin	No resistance	0	
039Pp-CMPN001x39_260114_LH00793_B23GCKKLT3	vancomycin	glycopeptide	No resistance	0	
039Pp-CMPN001x39_260114_LH00793_B23GCKKLT3	teicoplanin	glycopeptide	No resistance	0	
039Pp-CMPN001x39_260114_LH00793_B23GCKKLT3	bleomycin	glycopeptide	No resistance	0	
039Pp-CMPN001x39_260114_LH00793_B23GCKKLT3	lincomycin	lincosamide	No resistance	0	
039Pp-CMPN001x39_260114_LH00793_B23GCKKLT3	clindamycin	lincosamide	No resistance	0	
039Pp-CMPN001x39_260114_LH00793_B23GCKKLT3	dalfopristin	streptogramin a	No resistance	0	
039Pp-CMPN001x39_260114_LH00793_B23GCKKLT3	pristinamycin iia	streptogramin a	No resistance	0	
039Pp-CMPN001x39_260114_LH00793_B23GCKKLT3	virginiamycin m	streptogramin a	No resistance	0	
039Pp-CMPN001x39_260114_LH00793_B23GCKKLT3	quinupristin+dalfopristin	streptogramin a	No resistance	0	
039Pp-CMPN001x39_260114_LH00793_B23GCKKLT3	tiamulin	pleuromutilin	No resistance	0	
039Pp-CMPN001x39_260114_LH00793_B23GCKKLT3	carbomycin	macrolide	No resistance	0	
039Pp-CMPN001x39_260114_LH00793_B23GCKKLT3	erythromycin	macrolide	Resistant	3	msr(D) (msr(D)_AF274302), mef(A) (mef(A)_U83667)
039Pp-CMPN001x39_260114_LH00793_B23GCKKLT3	azithromycin	macrolide	Resistant	3	msr(D) (msr(D)_AF274302), mef(A) (mef(A)_U83667)
039Pp-CMPN001x39_260114_LH00793_B23GCKKLT3	oleandomycin	macrolide	No resistance	0	
039Pp-CMPN001x39_260114_LH00793_B23GCKKLT3	spiramycin	macrolide	No resistance	0	
039Pp-CMPN001x39_260114_LH00793_B23GCKKLT3	tylosin	macrolide	No resistance	0	
039Pp-CMPN001x39_260114_LH00793_B23GCKKLT3	telithromycin	macrolide	Resistant	3	msr(D) (msr(D)_AF274302)
039Pp-CMPN001x39_260114_LH00793_B23GCKKLT3	tetracycline	tetracycline	Resistant	2	tet(M) (tet(M)_X04388)
039Pp-CMPN001x39_260114_LH00793_B23GCKKLT3	doxycycline	tetracycline	Resistant	2	tet(M) (tet(M)_X04388)
039Pp-CMPN001x39_260114_LH00793_B23GCKKLT3	minocycline	tetracycline	Resistant	2	tet(M) (tet(M)_X04388)
039Pp-CMPN001x39_260114_LH00793_B23GCKKLT3	tigecycline	tetracycline	No resistance	0	
039Pp-CMPN001x39_260114_LH00793_B23GCKKLT3	quinupristin	streptogramin b	Resistant	3	msr(D) (msr(D)_AF274302)
039Pp-CMPN001x39_260114_LH00793_B23GCKKLT3	pristinamycin ia	streptogramin b	Resistant	3	msr(D) (msr(D)_AF274302)
039Pp-CMPN001x39_260114_LH00793_B23GCKKLT3	virginiamycin s	streptogramin b	Resistant	3	msr(D) (msr(D)_AF274302)
039Pp-CMPN001x39_260114_LH00793_B23GCKKLT3	linezolid	oxazolidinone	No resistance	0	
039Pp-CMPN001x39_260114_LH00793_B23GCKKLT3	chloramphenicol	amphenicol	No resistance	0	
039Pp-CMPN001x39_260114_LH00793_B23GCKKLT3	florfenicol	amphenicol	No resistance	0	
039Pp-CMPN001x39_260114_LH00793_B23GCKKLT3	colistin	polymyxin	No resistance	0	
039Pp-CMPN001x39_260114_LH00793_B23GCKKLT3	fusidic acid	steroid antibacterial	No resistance	0	
039Pp-CMPN001x39_260114_LH00793_B23GCKKLT3	mupirocin	pseudomonic acid	No resistance	0	
039Pp-CMPN001x39_260114_LH00793_B23GCKKLT3	rifampicin	rifamycin	No resistance	0	
039Pp-CMPN001x39_260114_LH00793_B23GCKKLT3	metronidazole	nitroimidazole	No resistance	0	
039Pp-CMPN001x39_260114_LH00793_B23GCKKLT3	narasin	ionophores	No resistance	0	
039Pp-CMPN001x39_260114_LH00793_B23GCKKLT3	salinomycin	ionophores	No resistance	0	
039Pp-CMPN001x39_260114_LH00793_B23GCKKLT3	maduramicin	ionophores	No resistance	0	
042Ap-CMPN001x50_260114_LH00793_B23GCKKLT3	gentamicin	aminoglycoside	No resistance	0	
042Ap-CMPN001x50_260114_LH00793_B23GCKKLT3	tobramycin	aminoglycoside	No resistance	0	
042Ap-CMPN001x50_260114_LH00793_B23GCKKLT3	streptomycin	aminoglycoside	No resistance	0	
042Ap-CMPN001x50_260114_LH00793_B23GCKKLT3	amikacin	aminoglycoside	No resistance	0	
042Ap-CMPN001x50_260114_LH00793_B23GCKKLT3	isepamicin	aminoglycoside	No resistance	0	
042Ap-CMPN001x50_260114_LH00793_B23GCKKLT3	dibekacin	aminoglycoside	No resistance	0	
042Ap-CMPN001x50_260114_LH00793_B23GCKKLT3	kanamycin	aminoglycoside	No resistance	0	
042Ap-CMPN001x50_260114_LH00793_B23GCKKLT3	neomycin	aminoglycoside	No resistance	0	
042Ap-CMPN001x50_260114_LH00793_B23GCKKLT3	lividomycin	aminoglycoside	No resistance	0	
042Ap-CMPN001x50_260114_LH00793_B23GCKKLT3	paromomycin	aminoglycoside	No resistance	0	
042Ap-CMPN001x50_260114_LH00793_B23GCKKLT3	ribostamycin	aminoglycoside	No resistance	0	
042Ap-CMPN001x50_260114_LH00793_B23GCKKLT3	unknown aminoglycoside	aminoglycoside	No resistance	0	
042Ap-CMPN001x50_260114_LH00793_B23GCKKLT3	butiromycin	aminoglycoside	No resistance	0	
042Ap-CMPN001x50_260114_LH00793_B23GCKKLT3	butirosin	aminoglycoside	No resistance	0	
042Ap-CMPN001x50_260114_LH00793_B23GCKKLT3	hygromycin	aminoglycoside	No resistance	0	
042Ap-CMPN001x50_260114_LH00793_B23GCKKLT3	netilmicin	aminoglycoside	No resistance	0	
042Ap-CMPN001x50_260114_LH00793_B23GCKKLT3	apramycin	aminoglycoside	No resistance	0	
042Ap-CMPN001x50_260114_LH00793_B23GCKKLT3	sisomicin	aminoglycoside	No resistance	0	
042Ap-CMPN001x50_260114_LH00793_B23GCKKLT3	arbekacin	aminoglycoside	No resistance	0	
042Ap-CMPN001x50_260114_LH00793_B23GCKKLT3	kasugamycin	aminoglycoside	No resistance	0	
042Ap-CMPN001x50_260114_LH00793_B23GCKKLT3	astromicin	aminoglycoside	No resistance	0	
042Ap-CMPN001x50_260114_LH00793_B23GCKKLT3	fortimicin	aminoglycoside	No resistance	0	
042Ap-CMPN001x50_260114_LH00793_B23GCKKLT3	spectinomycin	aminocyclitol	No resistance	0	
042Ap-CMPN001x50_260114_LH00793_B23GCKKLT3	fluoroquinolone	quinolone	No resistance	0	
042Ap-CMPN001x50_260114_LH00793_B23GCKKLT3	ciprofloxacin	quinolone	No resistance	0	
042Ap-CMPN001x50_260114_LH00793_B23GCKKLT3	unknown quinolone	quinolone	No resistance	0	
042Ap-CMPN001x50_260114_LH00793_B23GCKKLT3	nalidixic acid	quinolone	No resistance	0	
042Ap-CMPN001x50_260114_LH00793_B23GCKKLT3	amoxicillin	beta-lactam	No resistance	0	
042Ap-CMPN001x50_260114_LH00793_B23GCKKLT3	amoxicillin+clavulanic acid	beta-lactam	No resistance	0	
042Ap-CMPN001x50_260114_LH00793_B23GCKKLT3	ampicillin	beta-lactam	No resistance	0	
042Ap-CMPN001x50_260114_LH00793_B23GCKKLT3	ampicillin+clavulanic acid	beta-lactam	No resistance	0	
042Ap-CMPN001x50_260114_LH00793_B23GCKKLT3	cefepime	beta-lactam	No resistance	0	
042Ap-CMPN001x50_260114_LH00793_B23GCKKLT3	cefixime	beta-lactam	No resistance	0	
042Ap-CMPN001x50_260114_LH00793_B23GCKKLT3	cefotaxime	beta-lactam	No resistance	0	
042Ap-CMPN001x50_260114_LH00793_B23GCKKLT3	cefoxitin	beta-lactam	No resistance	0	
042Ap-CMPN001x50_260114_LH00793_B23GCKKLT3	ceftazidime	beta-lactam	No resistance	0	
042Ap-CMPN001x50_260114_LH00793_B23GCKKLT3	ertapenem	beta-lactam	No resistance	0	
042Ap-CMPN001x50_260114_LH00793_B23GCKKLT3	imipenem	beta-lactam	No resistance	0	
042Ap-CMPN001x50_260114_LH00793_B23GCKKLT3	meropenem	beta-lactam	No resistance	0	
042Ap-CMPN001x50_260114_LH00793_B23GCKKLT3	piperacillin	beta-lactam	No resistance	0	
042Ap-CMPN001x50_260114_LH00793_B23GCKKLT3	piperacillin+tazobactam	beta-lactam	No resistance	0	
042Ap-CMPN001x50_260114_LH00793_B23GCKKLT3	unknown beta-lactam	beta-lactam	No resistance	0	
042Ap-CMPN001x50_260114_LH00793_B23GCKKLT3	aztreonam	beta-lactam	No resistance	0	
042Ap-CMPN001x50_260114_LH00793_B23GCKKLT3	cefotaxime+clavulanic acid	beta-lactam	No resistance	0	
042Ap-CMPN001x50_260114_LH00793_B23GCKKLT3	temocillin	beta-lactam	No resistance	0	
042Ap-CMPN001x50_260114_LH00793_B23GCKKLT3	ticarcillin	beta-lactam	No resistance	0	
042Ap-CMPN001x50_260114_LH00793_B23GCKKLT3	ceftazidime+avibactam	beta-lactam	No resistance	0	
042Ap-CMPN001x50_260114_LH00793_B23GCKKLT3	penicillin	beta-lactam	No resistance	0	
042Ap-CMPN001x50_260114_LH00793_B23GCKKLT3	ceftriaxone	beta-lactam	No resistance	0	
042Ap-CMPN001x50_260114_LH00793_B23GCKKLT3	ticarcillin+clavulanic acid	beta-lactam	No resistance	0	
042Ap-CMPN001x50_260114_LH00793_B23GCKKLT3	cephalothin	beta-lactam	No resistance	0	
042Ap-CMPN001x50_260114_LH00793_B23GCKKLT3	piperacillin+clavulanic acid	beta-lactam	No resistance	0	
042Ap-CMPN001x50_260114_LH00793_B23GCKKLT3	ceftiofur	under_development	No resistance	0	
042Ap-CMPN001x50_260114_LH00793_B23GCKKLT3	sulfamethoxazole	folate pathway antagonist	No resistance	0	
042Ap-CMPN001x50_260114_LH00793_B23GCKKLT3	trimethoprim	folate pathway antagonist	No resistance	0	
042Ap-CMPN001x50_260114_LH00793_B23GCKKLT3	fosfomycin	fosfomycin	No resistance	0	
042Ap-CMPN001x50_260114_LH00793_B23GCKKLT3	vancomycin	glycopeptide	No resistance	0	
042Ap-CMPN001x50_260114_LH00793_B23GCKKLT3	teicoplanin	glycopeptide	No resistance	0	
042Ap-CMPN001x50_260114_LH00793_B23GCKKLT3	bleomycin	glycopeptide	No resistance	0	
042Ap-CMPN001x50_260114_LH00793_B23GCKKLT3	lincomycin	lincosamide	No resistance	0	
042Ap-CMPN001x50_260114_LH00793_B23GCKKLT3	clindamycin	lincosamide	No resistance	0	
042Ap-CMPN001x50_260114_LH00793_B23GCKKLT3	dalfopristin	streptogramin a	No resistance	0	
042Ap-CMPN001x50_260114_LH00793_B23GCKKLT3	pristinamycin iia	streptogramin a	No resistance	0	
042Ap-CMPN001x50_260114_LH00793_B23GCKKLT3	virginiamycin m	streptogramin a	No resistance	0	
042Ap-CMPN001x50_260114_LH00793_B23GCKKLT3	quinupristin+dalfopristin	streptogramin a	No resistance	0	
042Ap-CMPN001x50_260114_LH00793_B23GCKKLT3	tiamulin	pleuromutilin	No resistance	0	
042Ap-CMPN001x50_260114_LH00793_B23GCKKLT3	carbomycin	macrolide	No resistance	0	
042Ap-CMPN001x50_260114_LH00793_B23GCKKLT3	erythromycin	macrolide	No resistance	0	
042Ap-CMPN001x50_260114_LH00793_B23GCKKLT3	azithromycin	macrolide	No resistance	0	
042Ap-CMPN001x50_260114_LH00793_B23GCKKLT3	oleandomycin	macrolide	No resistance	0	
042Ap-CMPN001x50_260114_LH00793_B23GCKKLT3	spiramycin	macrolide	No resistance	0	
042Ap-CMPN001x50_260114_LH00793_B23GCKKLT3	tylosin	macrolide	No resistance	0	
042Ap-CMPN001x50_260114_LH00793_B23GCKKLT3	telithromycin	macrolide	No resistance	0	
042Ap-CMPN001x50_260114_LH00793_B23GCKKLT3	tetracycline	tetracycline	Resistant	2	tetA(46) (tetA(46)_HQ652506), tetB(46) (tetB(46)_HQ652506)
042Ap-CMPN001x50_260114_LH00793_B23GCKKLT3	doxycycline	tetracycline	Resistant	2	tetA(46) (tetA(46)_HQ652506), tetB(46) (tetB(46)_HQ652506)
042Ap-CMPN001x50_260114_LH00793_B23GCKKLT3	minocycline	tetracycline	No resistance	0	
042Ap-CMPN001x50_260114_LH00793_B23GCKKLT3	tigecycline	tetracycline	Resistant	2	tetA(46) (tetA(46)_HQ652506), tetB(46) (tetB(46)_HQ652506)
042Ap-CMPN001x50_260114_LH00793_B23GCKKLT3	quinupristin	streptogramin b	No resistance	0	
042Ap-CMPN001x50_260114_LH00793_B23GCKKLT3	pristinamycin ia	streptogramin b	No resistance	0	
042Ap-CMPN001x50_260114_LH00793_B23GCKKLT3	virginiamycin s	streptogramin b	No resistance	0	
042Ap-CMPN001x50_260114_LH00793_B23GCKKLT3	linezolid	oxazolidinone	No resistance	0	
042Ap-CMPN001x50_260114_LH00793_B23GCKKLT3	chloramphenicol	amphenicol	No resistance	0	
042Ap-CMPN001x50_260114_LH00793_B23GCKKLT3	florfenicol	amphenicol	No resistance	0	
042Ap-CMPN001x50_260114_LH00793_B23GCKKLT3	colistin	polymyxin	No resistance	0	
042Ap-CMPN001x50_260114_LH00793_B23GCKKLT3	fusidic acid	steroid antibacterial	No resistance	0	
042Ap-CMPN001x50_260114_LH00793_B23GCKKLT3	mupirocin	pseudomonic acid	No resistance	0	
042Ap-CMPN001x50_260114_LH00793_B23GCKKLT3	rifampicin	rifamycin	No resistance	0	
042Ap-CMPN001x50_260114_LH00793_B23GCKKLT3	metronidazole	nitroimidazole	No resistance	0	
042Ap-CMPN001x50_260114_LH00793_B23GCKKLT3	narasin	ionophores	No resistance	0	
042Ap-CMPN001x50_260114_LH00793_B23GCKKLT3	salinomycin	ionophores	No resistance	0	
042Ap-CMPN001x50_260114_LH00793_B23GCKKLT3	maduramicin	ionophores	No resistance	0	
042Cg-CMPN001x02_260114_LH00793_B23GCKKLT3	gentamicin	aminoglycoside	No resistance	0	
042Cg-CMPN001x02_260114_LH00793_B23GCKKLT3	tobramycin	aminoglycoside	No resistance	0	
042Cg-CMPN001x02_260114_LH00793_B23GCKKLT3	streptomycin	aminoglycoside	No resistance	0	
042Cg-CMPN001x02_260114_LH00793_B23GCKKLT3	amikacin	aminoglycoside	No resistance	0	
042Cg-CMPN001x02_260114_LH00793_B23GCKKLT3	isepamicin	aminoglycoside	No resistance	0	
042Cg-CMPN001x02_260114_LH00793_B23GCKKLT3	dibekacin	aminoglycoside	No resistance	0	
042Cg-CMPN001x02_260114_LH00793_B23GCKKLT3	kanamycin	aminoglycoside	No resistance	0	
042Cg-CMPN001x02_260114_LH00793_B23GCKKLT3	neomycin	aminoglycoside	No resistance	0	
042Cg-CMPN001x02_260114_LH00793_B23GCKKLT3	lividomycin	aminoglycoside	No resistance	0	
042Cg-CMPN001x02_260114_LH00793_B23GCKKLT3	paromomycin	aminoglycoside	No resistance	0	
042Cg-CMPN001x02_260114_LH00793_B23GCKKLT3	ribostamycin	aminoglycoside	No resistance	0	
042Cg-CMPN001x02_260114_LH00793_B23GCKKLT3	unknown aminoglycoside	aminoglycoside	No resistance	0	
042Cg-CMPN001x02_260114_LH00793_B23GCKKLT3	butiromycin	aminoglycoside	No resistance	0	
042Cg-CMPN001x02_260114_LH00793_B23GCKKLT3	butirosin	aminoglycoside	No resistance	0	
042Cg-CMPN001x02_260114_LH00793_B23GCKKLT3	hygromycin	aminoglycoside	No resistance	0	
042Cg-CMPN001x02_260114_LH00793_B23GCKKLT3	netilmicin	aminoglycoside	No resistance	0	
042Cg-CMPN001x02_260114_LH00793_B23GCKKLT3	apramycin	aminoglycoside	No resistance	0	
042Cg-CMPN001x02_260114_LH00793_B23GCKKLT3	sisomicin	aminoglycoside	No resistance	0	
042Cg-CMPN001x02_260114_LH00793_B23GCKKLT3	arbekacin	aminoglycoside	No resistance	0	
042Cg-CMPN001x02_260114_LH00793_B23GCKKLT3	kasugamycin	aminoglycoside	No resistance	0	
042Cg-CMPN001x02_260114_LH00793_B23GCKKLT3	astromicin	aminoglycoside	No resistance	0	
042Cg-CMPN001x02_260114_LH00793_B23GCKKLT3	fortimicin	aminoglycoside	No resistance	0	
042Cg-CMPN001x02_260114_LH00793_B23GCKKLT3	spectinomycin	aminocyclitol	No resistance	0	
042Cg-CMPN001x02_260114_LH00793_B23GCKKLT3	fluoroquinolone	quinolone	No resistance	0	
042Cg-CMPN001x02_260114_LH00793_B23GCKKLT3	ciprofloxacin	quinolone	No resistance	0	
042Cg-CMPN001x02_260114_LH00793_B23GCKKLT3	unknown quinolone	quinolone	No resistance	0	
042Cg-CMPN001x02_260114_LH00793_B23GCKKLT3	nalidixic acid	quinolone	No resistance	0	
042Cg-CMPN001x02_260114_LH00793_B23GCKKLT3	amoxicillin	beta-lactam	No resistance	0	
042Cg-CMPN001x02_260114_LH00793_B23GCKKLT3	amoxicillin+clavulanic acid	beta-lactam	No resistance	0	
042Cg-CMPN001x02_260114_LH00793_B23GCKKLT3	ampicillin	beta-lactam	No resistance	0	
042Cg-CMPN001x02_260114_LH00793_B23GCKKLT3	ampicillin+clavulanic acid	beta-lactam	No resistance	0	
042Cg-CMPN001x02_260114_LH00793_B23GCKKLT3	cefepime	beta-lactam	No resistance	0	
042Cg-CMPN001x02_260114_LH00793_B23GCKKLT3	cefixime	beta-lactam	No resistance	0	
042Cg-CMPN001x02_260114_LH00793_B23GCKKLT3	cefotaxime	beta-lactam	No resistance	0	
042Cg-CMPN001x02_260114_LH00793_B23GCKKLT3	cefoxitin	beta-lactam	No resistance	0	
042Cg-CMPN001x02_260114_LH00793_B23GCKKLT3	ceftazidime	beta-lactam	No resistance	0	
042Cg-CMPN001x02_260114_LH00793_B23GCKKLT3	ertapenem	beta-lactam	No resistance	0	
042Cg-CMPN001x02_260114_LH00793_B23GCKKLT3	imipenem	beta-lactam	No resistance	0	
042Cg-CMPN001x02_260114_LH00793_B23GCKKLT3	meropenem	beta-lactam	No resistance	0	
042Cg-CMPN001x02_260114_LH00793_B23GCKKLT3	piperacillin	beta-lactam	No resistance	0	
042Cg-CMPN001x02_260114_LH00793_B23GCKKLT3	piperacillin+tazobactam	beta-lactam	No resistance	0	
042Cg-CMPN001x02_260114_LH00793_B23GCKKLT3	unknown beta-lactam	beta-lactam	No resistance	0	
042Cg-CMPN001x02_260114_LH00793_B23GCKKLT3	aztreonam	beta-lactam	No resistance	0	
042Cg-CMPN001x02_260114_LH00793_B23GCKKLT3	cefotaxime+clavulanic acid	beta-lactam	No resistance	0	
042Cg-CMPN001x02_260114_LH00793_B23GCKKLT3	temocillin	beta-lactam	No resistance	0	
042Cg-CMPN001x02_260114_LH00793_B23GCKKLT3	ticarcillin	beta-lactam	No resistance	0	
042Cg-CMPN001x02_260114_LH00793_B23GCKKLT3	ceftazidime+avibactam	beta-lactam	No resistance	0	
042Cg-CMPN001x02_260114_LH00793_B23GCKKLT3	penicillin	beta-lactam	No resistance	0	
042Cg-CMPN001x02_260114_LH00793_B23GCKKLT3	ceftriaxone	beta-lactam	No resistance	0	
042Cg-CMPN001x02_260114_LH00793_B23GCKKLT3	ticarcillin+clavulanic acid	beta-lactam	No resistance	0	
042Cg-CMPN001x02_260114_LH00793_B23GCKKLT3	cephalothin	beta-lactam	No resistance	0	
042Cg-CMPN001x02_260114_LH00793_B23GCKKLT3	piperacillin+clavulanic acid	beta-lactam	No resistance	0	
042Cg-CMPN001x02_260114_LH00793_B23GCKKLT3	ceftiofur	under_development	No resistance	0	
042Cg-CMPN001x02_260114_LH00793_B23GCKKLT3	sulfamethoxazole	folate pathway antagonist	No resistance	0	
042Cg-CMPN001x02_260114_LH00793_B23GCKKLT3	trimethoprim	folate pathway antagonist	No resistance	0	
042Cg-CMPN001x02_260114_LH00793_B23GCKKLT3	fosfomycin	fosfomycin	No resistance	0	
042Cg-CMPN001x02_260114_LH00793_B23GCKKLT3	vancomycin	glycopeptide	No resistance	0	
042Cg-CMPN001x02_260114_LH00793_B23GCKKLT3	teicoplanin	glycopeptide	No resistance	0	
042Cg-CMPN001x02_260114_LH00793_B23GCKKLT3	bleomycin	glycopeptide	No resistance	0	
042Cg-CMPN001x02_260114_LH00793_B23GCKKLT3	lincomycin	lincosamide	Resistant	3	erm(B) (erm(B)_U86375)
042Cg-CMPN001x02_260114_LH00793_B23GCKKLT3	clindamycin	lincosamide	Resistant	3	erm(B) (erm(B)_U86375)
042Cg-CMPN001x02_260114_LH00793_B23GCKKLT3	dalfopristin	streptogramin a	No resistance	0	
042Cg-CMPN001x02_260114_LH00793_B23GCKKLT3	pristinamycin iia	streptogramin a	No resistance	0	
042Cg-CMPN001x02_260114_LH00793_B23GCKKLT3	virginiamycin m	streptogramin a	No resistance	0	
042Cg-CMPN001x02_260114_LH00793_B23GCKKLT3	quinupristin+dalfopristin	streptogramin a	No resistance	0	
042Cg-CMPN001x02_260114_LH00793_B23GCKKLT3	tiamulin	pleuromutilin	No resistance	0	
042Cg-CMPN001x02_260114_LH00793_B23GCKKLT3	carbomycin	macrolide	No resistance	0	
042Cg-CMPN001x02_260114_LH00793_B23GCKKLT3	erythromycin	macrolide	Resistant	3	erm(B) (erm(B)_U86375)
042Cg-CMPN001x02_260114_LH00793_B23GCKKLT3	azithromycin	macrolide	No resistance	0	
042Cg-CMPN001x02_260114_LH00793_B23GCKKLT3	oleandomycin	macrolide	No resistance	0	
042Cg-CMPN001x02_260114_LH00793_B23GCKKLT3	spiramycin	macrolide	No resistance	0	
042Cg-CMPN001x02_260114_LH00793_B23GCKKLT3	tylosin	macrolide	No resistance	0	
042Cg-CMPN001x02_260114_LH00793_B23GCKKLT3	telithromycin	macrolide	No resistance	0	
042Cg-CMPN001x02_260114_LH00793_B23GCKKLT3	tetracycline	tetracycline	Resistant	2	tet(M) (tet(M)_X92947)
042Cg-CMPN001x02_260114_LH00793_B23GCKKLT3	doxycycline	tetracycline	Resistant	2	tet(M) (tet(M)_X92947)
042Cg-CMPN001x02_260114_LH00793_B23GCKKLT3	minocycline	tetracycline	Resistant	2	tet(M) (tet(M)_X92947)
042Cg-CMPN001x02_260114_LH00793_B23GCKKLT3	tigecycline	tetracycline	No resistance	0	
042Cg-CMPN001x02_260114_LH00793_B23GCKKLT3	quinupristin	streptogramin b	Resistant	3	erm(B) (erm(B)_U86375)
042Cg-CMPN001x02_260114_LH00793_B23GCKKLT3	pristinamycin ia	streptogramin b	Resistant	3	erm(B) (erm(B)_U86375)
042Cg-CMPN001x02_260114_LH00793_B23GCKKLT3	virginiamycin s	streptogramin b	Resistant	3	erm(B) (erm(B)_U86375)
042Cg-CMPN001x02_260114_LH00793_B23GCKKLT3	linezolid	oxazolidinone	No resistance	0	
042Cg-CMPN001x02_260114_LH00793_B23GCKKLT3	chloramphenicol	amphenicol	No resistance	0	
042Cg-CMPN001x02_260114_LH00793_B23GCKKLT3	florfenicol	amphenicol	No resistance	0	
042Cg-CMPN001x02_260114_LH00793_B23GCKKLT3	colistin	polymyxin	No resistance	0	
042Cg-CMPN001x02_260114_LH00793_B23GCKKLT3	fusidic acid	steroid antibacterial	No resistance	0	
042Cg-CMPN001x02_260114_LH00793_B23GCKKLT3	mupirocin	pseudomonic acid	No resistance	0	
042Cg-CMPN001x02_260114_LH00793_B23GCKKLT3	rifampicin	rifamycin	No resistance	0	
042Cg-CMPN001x02_260114_LH00793_B23GCKKLT3	metronidazole	nitroimidazole	No resistance	0	
042Cg-CMPN001x02_260114_LH00793_B23GCKKLT3	narasin	ionophores	No resistance	0	
042Cg-CMPN001x02_260114_LH00793_B23GCKKLT3	salinomycin	ionophores	No resistance	0	
042Cg-CMPN001x02_260114_LH00793_B23GCKKLT3	maduramicin	ionophores	No resistance	0	
047As-CMPN001x51_260114_LH00793_B23GCKKLT3	gentamicin	aminoglycoside	No resistance	0	
047As-CMPN001x51_260114_LH00793_B23GCKKLT3	tobramycin	aminoglycoside	No resistance	0	
047As-CMPN001x51_260114_LH00793_B23GCKKLT3	streptomycin	aminoglycoside	No resistance	0	
047As-CMPN001x51_260114_LH00793_B23GCKKLT3	amikacin	aminoglycoside	No resistance	0	
047As-CMPN001x51_260114_LH00793_B23GCKKLT3	isepamicin	aminoglycoside	No resistance	0	
047As-CMPN001x51_260114_LH00793_B23GCKKLT3	dibekacin	aminoglycoside	No resistance	0	
047As-CMPN001x51_260114_LH00793_B23GCKKLT3	kanamycin	aminoglycoside	No resistance	0	
047As-CMPN001x51_260114_LH00793_B23GCKKLT3	neomycin	aminoglycoside	No resistance	0	
047As-CMPN001x51_260114_LH00793_B23GCKKLT3	lividomycin	aminoglycoside	No resistance	0	
047As-CMPN001x51_260114_LH00793_B23GCKKLT3	paromomycin	aminoglycoside	No resistance	0	
047As-CMPN001x51_260114_LH00793_B23GCKKLT3	ribostamycin	aminoglycoside	No resistance	0	
047As-CMPN001x51_260114_LH00793_B23GCKKLT3	unknown aminoglycoside	aminoglycoside	No resistance	0	
047As-CMPN001x51_260114_LH00793_B23GCKKLT3	butiromycin	aminoglycoside	No resistance	0	
047As-CMPN001x51_260114_LH00793_B23GCKKLT3	butirosin	aminoglycoside	No resistance	0	
047As-CMPN001x51_260114_LH00793_B23GCKKLT3	hygromycin	aminoglycoside	No resistance	0	
047As-CMPN001x51_260114_LH00793_B23GCKKLT3	netilmicin	aminoglycoside	No resistance	0	
047As-CMPN001x51_260114_LH00793_B23GCKKLT3	apramycin	aminoglycoside	No resistance	0	
047As-CMPN001x51_260114_LH00793_B23GCKKLT3	sisomicin	aminoglycoside	No resistance	0	
047As-CMPN001x51_260114_LH00793_B23GCKKLT3	arbekacin	aminoglycoside	No resistance	0	
047As-CMPN001x51_260114_LH00793_B23GCKKLT3	kasugamycin	aminoglycoside	No resistance	0	
047As-CMPN001x51_260114_LH00793_B23GCKKLT3	astromicin	aminoglycoside	No resistance	0	
047As-CMPN001x51_260114_LH00793_B23GCKKLT3	fortimicin	aminoglycoside	No resistance	0	
047As-CMPN001x51_260114_LH00793_B23GCKKLT3	spectinomycin	aminocyclitol	No resistance	0	
047As-CMPN001x51_260114_LH00793_B23GCKKLT3	fluoroquinolone	quinolone	No resistance	0	
047As-CMPN001x51_260114_LH00793_B23GCKKLT3	ciprofloxacin	quinolone	No resistance	0	
047As-CMPN001x51_260114_LH00793_B23GCKKLT3	unknown quinolone	quinolone	No resistance	0	
047As-CMPN001x51_260114_LH00793_B23GCKKLT3	nalidixic acid	quinolone	No resistance	0	
047As-CMPN001x51_260114_LH00793_B23GCKKLT3	amoxicillin	beta-lactam	No resistance	0	
047As-CMPN001x51_260114_LH00793_B23GCKKLT3	amoxicillin+clavulanic acid	beta-lactam	No resistance	0	
047As-CMPN001x51_260114_LH00793_B23GCKKLT3	ampicillin	beta-lactam	No resistance	0	
047As-CMPN001x51_260114_LH00793_B23GCKKLT3	ampicillin+clavulanic acid	beta-lactam	No resistance	0	
047As-CMPN001x51_260114_LH00793_B23GCKKLT3	cefepime	beta-lactam	No resistance	0	
047As-CMPN001x51_260114_LH00793_B23GCKKLT3	cefixime	beta-lactam	No resistance	0	
047As-CMPN001x51_260114_LH00793_B23GCKKLT3	cefotaxime	beta-lactam	No resistance	0	
047As-CMPN001x51_260114_LH00793_B23GCKKLT3	cefoxitin	beta-lactam	No resistance	0	
047As-CMPN001x51_260114_LH00793_B23GCKKLT3	ceftazidime	beta-lactam	No resistance	0	
047As-CMPN001x51_260114_LH00793_B23GCKKLT3	ertapenem	beta-lactam	No resistance	0	
047As-CMPN001x51_260114_LH00793_B23GCKKLT3	imipenem	beta-lactam	No resistance	0	
047As-CMPN001x51_260114_LH00793_B23GCKKLT3	meropenem	beta-lactam	No resistance	0	
047As-CMPN001x51_260114_LH00793_B23GCKKLT3	piperacillin	beta-lactam	No resistance	0	
047As-CMPN001x51_260114_LH00793_B23GCKKLT3	piperacillin+tazobactam	beta-lactam	No resistance	0	
047As-CMPN001x51_260114_LH00793_B23GCKKLT3	unknown beta-lactam	beta-lactam	No resistance	0	
047As-CMPN001x51_260114_LH00793_B23GCKKLT3	aztreonam	beta-lactam	No resistance	0	
047As-CMPN001x51_260114_LH00793_B23GCKKLT3	cefotaxime+clavulanic acid	beta-lactam	No resistance	0	
047As-CMPN001x51_260114_LH00793_B23GCKKLT3	temocillin	beta-lactam	No resistance	0	
047As-CMPN001x51_260114_LH00793_B23GCKKLT3	ticarcillin	beta-lactam	No resistance	0	
047As-CMPN001x51_260114_LH00793_B23GCKKLT3	ceftazidime+avibactam	beta-lactam	No resistance	0	
047As-CMPN001x51_260114_LH00793_B23GCKKLT3	penicillin	beta-lactam	No resistance	0	
047As-CMPN001x51_260114_LH00793_B23GCKKLT3	ceftriaxone	beta-lactam	No resistance	0	
047As-CMPN001x51_260114_LH00793_B23GCKKLT3	ticarcillin+clavulanic acid	beta-lactam	No resistance	0	
047As-CMPN001x51_260114_LH00793_B23GCKKLT3	cephalothin	beta-lactam	No resistance	0	
047As-CMPN001x51_260114_LH00793_B23GCKKLT3	piperacillin+clavulanic acid	beta-lactam	No resistance	0	
047As-CMPN001x51_260114_LH00793_B23GCKKLT3	ceftiofur	under_development	No resistance	0	
047As-CMPN001x51_260114_LH00793_B23GCKKLT3	sulfamethoxazole	folate pathway antagonist	No resistance	0	
047As-CMPN001x51_260114_LH00793_B23GCKKLT3	trimethoprim	folate pathway antagonist	No resistance	0	
047As-CMPN001x51_260114_LH00793_B23GCKKLT3	fosfomycin	fosfomycin	No resistance	0	
047As-CMPN001x51_260114_LH00793_B23GCKKLT3	vancomycin	glycopeptide	No resistance	0	
047As-CMPN001x51_260114_LH00793_B23GCKKLT3	teicoplanin	glycopeptide	No resistance	0	
047As-CMPN001x51_260114_LH00793_B23GCKKLT3	bleomycin	glycopeptide	No resistance	0	
047As-CMPN001x51_260114_LH00793_B23GCKKLT3	lincomycin	lincosamide	Resistant	3	erm(B) (erm(B)_U86375)
047As-CMPN001x51_260114_LH00793_B23GCKKLT3	clindamycin	lincosamide	Resistant	3	erm(B) (erm(B)_U86375)
047As-CMPN001x51_260114_LH00793_B23GCKKLT3	dalfopristin	streptogramin a	No resistance	0	
047As-CMPN001x51_260114_LH00793_B23GCKKLT3	pristinamycin iia	streptogramin a	No resistance	0	
047As-CMPN001x51_260114_LH00793_B23GCKKLT3	virginiamycin m	streptogramin a	No resistance	0	
047As-CMPN001x51_260114_LH00793_B23GCKKLT3	quinupristin+dalfopristin	streptogramin a	No resistance	0	
047As-CMPN001x51_260114_LH00793_B23GCKKLT3	tiamulin	pleuromutilin	No resistance	0	
047As-CMPN001x51_260114_LH00793_B23GCKKLT3	carbomycin	macrolide	No resistance	0	
047As-CMPN001x51_260114_LH00793_B23GCKKLT3	erythromycin	macrolide	Resistant	3	erm(B) (erm(B)_U86375), msr(D) (msr(D)_AF274302), mef(A) (mef(A)_U83667)
047As-CMPN001x51_260114_LH00793_B23GCKKLT3	azithromycin	macrolide	Resistant	3	msr(D) (msr(D)_AF274302), mef(A) (mef(A)_U83667)
047As-CMPN001x51_260114_LH00793_B23GCKKLT3	oleandomycin	macrolide	No resistance	0	
047As-CMPN001x51_260114_LH00793_B23GCKKLT3	spiramycin	macrolide	No resistance	0	
047As-CMPN001x51_260114_LH00793_B23GCKKLT3	tylosin	macrolide	No resistance	0	
047As-CMPN001x51_260114_LH00793_B23GCKKLT3	telithromycin	macrolide	Resistant	2	msr(D) (msr(D)_AF274302)
047As-CMPN001x51_260114_LH00793_B23GCKKLT3	tetracycline	tetracycline	Resistant	2	tet(M) (tet(M)_X75073)
047As-CMPN001x51_260114_LH00793_B23GCKKLT3	doxycycline	tetracycline	Resistant	2	tet(M) (tet(M)_X75073)
047As-CMPN001x51_260114_LH00793_B23GCKKLT3	minocycline	tetracycline	Resistant	2	tet(M) (tet(M)_X75073)
047As-CMPN001x51_260114_LH00793_B23GCKKLT3	tigecycline	tetracycline	No resistance	0	
047As-CMPN001x51_260114_LH00793_B23GCKKLT3	quinupristin	streptogramin b	Resistant	3	erm(B) (erm(B)_U86375), msr(D) (msr(D)_AF274302)
047As-CMPN001x51_260114_LH00793_B23GCKKLT3	pristinamycin ia	streptogramin b	Resistant	3	erm(B) (erm(B)_U86375), msr(D) (msr(D)_AF274302)
047As-CMPN001x51_260114_LH00793_B23GCKKLT3	virginiamycin s	streptogramin b	Resistant	3	erm(B) (erm(B)_U86375), msr(D) (msr(D)_AF274302)
047As-CMPN001x51_260114_LH00793_B23GCKKLT3	linezolid	oxazolidinone	No resistance	0	
047As-CMPN001x51_260114_LH00793_B23GCKKLT3	chloramphenicol	amphenicol	No resistance	0	
047As-CMPN001x51_260114_LH00793_B23GCKKLT3	florfenicol	amphenicol	No resistance	0	
047As-CMPN001x51_260114_LH00793_B23GCKKLT3	colistin	polymyxin	No resistance	0	
047As-CMPN001x51_260114_LH00793_B23GCKKLT3	fusidic acid	steroid antibacterial	No resistance	0	
047As-CMPN001x51_260114_LH00793_B23GCKKLT3	mupirocin	pseudomonic acid	No resistance	0	
047As-CMPN001x51_260114_LH00793_B23GCKKLT3	rifampicin	rifamycin	No resistance	0	
047As-CMPN001x51_260114_LH00793_B23GCKKLT3	metronidazole	nitroimidazole	No resistance	0	
047As-CMPN001x51_260114_LH00793_B23GCKKLT3	narasin	ionophores	No resistance	0	
047As-CMPN001x51_260114_LH00793_B23GCKKLT3	salinomycin	ionophores	No resistance	0	
047As-CMPN001x51_260114_LH00793_B23GCKKLT3	maduramicin	ionophores	No resistance	0	
047Cs-CMPN001x03_260114_LH00793_B23GCKKLT3	gentamicin	aminoglycoside	No resistance	0	
047Cs-CMPN001x03_260114_LH00793_B23GCKKLT3	tobramycin	aminoglycoside	No resistance	0	
047Cs-CMPN001x03_260114_LH00793_B23GCKKLT3	streptomycin	aminoglycoside	No resistance	0	
047Cs-CMPN001x03_260114_LH00793_B23GCKKLT3	amikacin	aminoglycoside	No resistance	0	
047Cs-CMPN001x03_260114_LH00793_B23GCKKLT3	isepamicin	aminoglycoside	No resistance	0	
047Cs-CMPN001x03_260114_LH00793_B23GCKKLT3	dibekacin	aminoglycoside	No resistance	0	
047Cs-CMPN001x03_260114_LH00793_B23GCKKLT3	kanamycin	aminoglycoside	No resistance	0	
047Cs-CMPN001x03_260114_LH00793_B23GCKKLT3	neomycin	aminoglycoside	No resistance	0	
047Cs-CMPN001x03_260114_LH00793_B23GCKKLT3	lividomycin	aminoglycoside	No resistance	0	
047Cs-CMPN001x03_260114_LH00793_B23GCKKLT3	paromomycin	aminoglycoside	No resistance	0	
047Cs-CMPN001x03_260114_LH00793_B23GCKKLT3	ribostamycin	aminoglycoside	No resistance	0	
047Cs-CMPN001x03_260114_LH00793_B23GCKKLT3	unknown aminoglycoside	aminoglycoside	No resistance	0	
047Cs-CMPN001x03_260114_LH00793_B23GCKKLT3	butiromycin	aminoglycoside	No resistance	0	
047Cs-CMPN001x03_260114_LH00793_B23GCKKLT3	butirosin	aminoglycoside	No resistance	0	
047Cs-CMPN001x03_260114_LH00793_B23GCKKLT3	hygromycin	aminoglycoside	No resistance	0	
047Cs-CMPN001x03_260114_LH00793_B23GCKKLT3	netilmicin	aminoglycoside	No resistance	0	
047Cs-CMPN001x03_260114_LH00793_B23GCKKLT3	apramycin	aminoglycoside	No resistance	0	
047Cs-CMPN001x03_260114_LH00793_B23GCKKLT3	sisomicin	aminoglycoside	No resistance	0	
047Cs-CMPN001x03_260114_LH00793_B23GCKKLT3	arbekacin	aminoglycoside	No resistance	0	
047Cs-CMPN001x03_260114_LH00793_B23GCKKLT3	kasugamycin	aminoglycoside	No resistance	0	
047Cs-CMPN001x03_260114_LH00793_B23GCKKLT3	astromicin	aminoglycoside	No resistance	0	
047Cs-CMPN001x03_260114_LH00793_B23GCKKLT3	fortimicin	aminoglycoside	No resistance	0	
047Cs-CMPN001x03_260114_LH00793_B23GCKKLT3	spectinomycin	aminocyclitol	No resistance	0	
047Cs-CMPN001x03_260114_LH00793_B23GCKKLT3	fluoroquinolone	quinolone	No resistance	0	
047Cs-CMPN001x03_260114_LH00793_B23GCKKLT3	ciprofloxacin	quinolone	No resistance	0	
047Cs-CMPN001x03_260114_LH00793_B23GCKKLT3	unknown quinolone	quinolone	No resistance	0	
047Cs-CMPN001x03_260114_LH00793_B23GCKKLT3	nalidixic acid	quinolone	No resistance	0	
047Cs-CMPN001x03_260114_LH00793_B23GCKKLT3	amoxicillin	beta-lactam	No resistance	0	
047Cs-CMPN001x03_260114_LH00793_B23GCKKLT3	amoxicillin+clavulanic acid	beta-lactam	No resistance	0	
047Cs-CMPN001x03_260114_LH00793_B23GCKKLT3	ampicillin	beta-lactam	No resistance	0	
047Cs-CMPN001x03_260114_LH00793_B23GCKKLT3	ampicillin+clavulanic acid	beta-lactam	No resistance	0	
047Cs-CMPN001x03_260114_LH00793_B23GCKKLT3	cefepime	beta-lactam	No resistance	0	
047Cs-CMPN001x03_260114_LH00793_B23GCKKLT3	cefixime	beta-lactam	No resistance	0	
047Cs-CMPN001x03_260114_LH00793_B23GCKKLT3	cefotaxime	beta-lactam	No resistance	0	
047Cs-CMPN001x03_260114_LH00793_B23GCKKLT3	cefoxitin	beta-lactam	No resistance	0	
047Cs-CMPN001x03_260114_LH00793_B23GCKKLT3	ceftazidime	beta-lactam	No resistance	0	
047Cs-CMPN001x03_260114_LH00793_B23GCKKLT3	ertapenem	beta-lactam	No resistance	0	
047Cs-CMPN001x03_260114_LH00793_B23GCKKLT3	imipenem	beta-lactam	No resistance	0	
047Cs-CMPN001x03_260114_LH00793_B23GCKKLT3	meropenem	beta-lactam	No resistance	0	
047Cs-CMPN001x03_260114_LH00793_B23GCKKLT3	piperacillin	beta-lactam	No resistance	0	
047Cs-CMPN001x03_260114_LH00793_B23GCKKLT3	piperacillin+tazobactam	beta-lactam	No resistance	0	
047Cs-CMPN001x03_260114_LH00793_B23GCKKLT3	unknown beta-lactam	beta-lactam	No resistance	0	
047Cs-CMPN001x03_260114_LH00793_B23GCKKLT3	aztreonam	beta-lactam	No resistance	0	
047Cs-CMPN001x03_260114_LH00793_B23GCKKLT3	cefotaxime+clavulanic acid	beta-lactam	No resistance	0	
047Cs-CMPN001x03_260114_LH00793_B23GCKKLT3	temocillin	beta-lactam	No resistance	0	
047Cs-CMPN001x03_260114_LH00793_B23GCKKLT3	ticarcillin	beta-lactam	No resistance	0	
047Cs-CMPN001x03_260114_LH00793_B23GCKKLT3	ceftazidime+avibactam	beta-lactam	No resistance	0	
047Cs-CMPN001x03_260114_LH00793_B23GCKKLT3	penicillin	beta-lactam	No resistance	0	
047Cs-CMPN001x03_260114_LH00793_B23GCKKLT3	ceftriaxone	beta-lactam	No resistance	0	
047Cs-CMPN001x03_260114_LH00793_B23GCKKLT3	ticarcillin+clavulanic acid	beta-lactam	No resistance	0	
047Cs-CMPN001x03_260114_LH00793_B23GCKKLT3	cephalothin	beta-lactam	No resistance	0	
047Cs-CMPN001x03_260114_LH00793_B23GCKKLT3	piperacillin+clavulanic acid	beta-lactam	No resistance	0	
047Cs-CMPN001x03_260114_LH00793_B23GCKKLT3	ceftiofur	under_development	No resistance	0	
047Cs-CMPN001x03_260114_LH00793_B23GCKKLT3	sulfamethoxazole	folate pathway antagonist	No resistance	0	
047Cs-CMPN001x03_260114_LH00793_B23GCKKLT3	trimethoprim	folate pathway antagonist	No resistance	0	
047Cs-CMPN001x03_260114_LH00793_B23GCKKLT3	fosfomycin	fosfomycin	No resistance	0	
047Cs-CMPN001x03_260114_LH00793_B23GCKKLT3	vancomycin	glycopeptide	No resistance	0	
047Cs-CMPN001x03_260114_LH00793_B23GCKKLT3	teicoplanin	glycopeptide	No resistance	0	
047Cs-CMPN001x03_260114_LH00793_B23GCKKLT3	bleomycin	glycopeptide	No resistance	0	
047Cs-CMPN001x03_260114_LH00793_B23GCKKLT3	lincomycin	lincosamide	Resistant	3	erm(B) (erm(B)_U86375)
047Cs-CMPN001x03_260114_LH00793_B23GCKKLT3	clindamycin	lincosamide	Resistant	3	erm(B) (erm(B)_U86375)
047Cs-CMPN001x03_260114_LH00793_B23GCKKLT3	dalfopristin	streptogramin a	No resistance	0	
047Cs-CMPN001x03_260114_LH00793_B23GCKKLT3	pristinamycin iia	streptogramin a	No resistance	0	
047Cs-CMPN001x03_260114_LH00793_B23GCKKLT3	virginiamycin m	streptogramin a	No resistance	0	
047Cs-CMPN001x03_260114_LH00793_B23GCKKLT3	quinupristin+dalfopristin	streptogramin a	No resistance	0	
047Cs-CMPN001x03_260114_LH00793_B23GCKKLT3	tiamulin	pleuromutilin	No resistance	0	
047Cs-CMPN001x03_260114_LH00793_B23GCKKLT3	carbomycin	macrolide	No resistance	0	
047Cs-CMPN001x03_260114_LH00793_B23GCKKLT3	erythromycin	macrolide	Resistant	3	erm(B) (erm(B)_U86375), msr(D) (msr(D)_AF274302), mef(A) (mef(A)_U83667)
047Cs-CMPN001x03_260114_LH00793_B23GCKKLT3	azithromycin	macrolide	Resistant	3	msr(D) (msr(D)_AF274302), mef(A) (mef(A)_U83667)
047Cs-CMPN001x03_260114_LH00793_B23GCKKLT3	oleandomycin	macrolide	No resistance	0	
047Cs-CMPN001x03_260114_LH00793_B23GCKKLT3	spiramycin	macrolide	No resistance	0	
047Cs-CMPN001x03_260114_LH00793_B23GCKKLT3	tylosin	macrolide	No resistance	0	
047Cs-CMPN001x03_260114_LH00793_B23GCKKLT3	telithromycin	macrolide	Resistant	2	msr(D) (msr(D)_AF274302)
047Cs-CMPN001x03_260114_LH00793_B23GCKKLT3	tetracycline	tetracycline	Resistant	2	tet(M) (tet(M)_X04388)
047Cs-CMPN001x03_260114_LH00793_B23GCKKLT3	doxycycline	tetracycline	Resistant	2	tet(M) (tet(M)_X04388)
047Cs-CMPN001x03_260114_LH00793_B23GCKKLT3	minocycline	tetracycline	Resistant	2	tet(M) (tet(M)_X04388)
047Cs-CMPN001x03_260114_LH00793_B23GCKKLT3	tigecycline	tetracycline	No resistance	0	
047Cs-CMPN001x03_260114_LH00793_B23GCKKLT3	quinupristin	streptogramin b	Resistant	3	erm(B) (erm(B)_U86375), msr(D) (msr(D)_AF274302)
047Cs-CMPN001x03_260114_LH00793_B23GCKKLT3	pristinamycin ia	streptogramin b	Resistant	3	erm(B) (erm(B)_U86375), msr(D) (msr(D)_AF274302)
047Cs-CMPN001x03_260114_LH00793_B23GCKKLT3	virginiamycin s	streptogramin b	Resistant	3	erm(B) (erm(B)_U86375), msr(D) (msr(D)_AF274302)
047Cs-CMPN001x03_260114_LH00793_B23GCKKLT3	linezolid	oxazolidinone	No resistance	0	
047Cs-CMPN001x03_260114_LH00793_B23GCKKLT3	chloramphenicol	amphenicol	No resistance	0	
047Cs-CMPN001x03_260114_LH00793_B23GCKKLT3	florfenicol	amphenicol	No resistance	0	
047Cs-CMPN001x03_260114_LH00793_B23GCKKLT3	colistin	polymyxin	No resistance	0	
047Cs-CMPN001x03_260114_LH00793_B23GCKKLT3	fusidic acid	steroid antibacterial	No resistance	0	
047Cs-CMPN001x03_260114_LH00793_B23GCKKLT3	mupirocin	pseudomonic acid	No resistance	0	
047Cs-CMPN001x03_260114_LH00793_B23GCKKLT3	rifampicin	rifamycin	No resistance	0	
047Cs-CMPN001x03_260114_LH00793_B23GCKKLT3	metronidazole	nitroimidazole	No resistance	0	
047Cs-CMPN001x03_260114_LH00793_B23GCKKLT3	narasin	ionophores	No resistance	0	
047Cs-CMPN001x03_260114_LH00793_B23GCKKLT3	salinomycin	ionophores	No resistance	0	
047Cs-CMPN001x03_260114_LH00793_B23GCKKLT3	maduramicin	ionophores	No resistance	0	
050Cc-CMPN001x04_260114_LH00793_B23GCKKLT3	gentamicin	aminoglycoside	No resistance	0	
050Cc-CMPN001x04_260114_LH00793_B23GCKKLT3	tobramycin	aminoglycoside	No resistance	0	
050Cc-CMPN001x04_260114_LH00793_B23GCKKLT3	streptomycin	aminoglycoside	No resistance	0	
050Cc-CMPN001x04_260114_LH00793_B23GCKKLT3	amikacin	aminoglycoside	No resistance	0	
050Cc-CMPN001x04_260114_LH00793_B23GCKKLT3	isepamicin	aminoglycoside	No resistance	0	
050Cc-CMPN001x04_260114_LH00793_B23GCKKLT3	dibekacin	aminoglycoside	No resistance	0	
050Cc-CMPN001x04_260114_LH00793_B23GCKKLT3	kanamycin	aminoglycoside	No resistance	0	
050Cc-CMPN001x04_260114_LH00793_B23GCKKLT3	neomycin	aminoglycoside	No resistance	0	
050Cc-CMPN001x04_260114_LH00793_B23GCKKLT3	lividomycin	aminoglycoside	No resistance	0	
050Cc-CMPN001x04_260114_LH00793_B23GCKKLT3	paromomycin	aminoglycoside	No resistance	0	
050Cc-CMPN001x04_260114_LH00793_B23GCKKLT3	ribostamycin	aminoglycoside	No resistance	0	
050Cc-CMPN001x04_260114_LH00793_B23GCKKLT3	unknown aminoglycoside	aminoglycoside	No resistance	0	
050Cc-CMPN001x04_260114_LH00793_B23GCKKLT3	butiromycin	aminoglycoside	No resistance	0	
050Cc-CMPN001x04_260114_LH00793_B23GCKKLT3	butirosin	aminoglycoside	No resistance	0	
050Cc-CMPN001x04_260114_LH00793_B23GCKKLT3	hygromycin	aminoglycoside	No resistance	0	
050Cc-CMPN001x04_260114_LH00793_B23GCKKLT3	netilmicin	aminoglycoside	No resistance	0	
050Cc-CMPN001x04_260114_LH00793_B23GCKKLT3	apramycin	aminoglycoside	No resistance	0	
050Cc-CMPN001x04_260114_LH00793_B23GCKKLT3	sisomicin	aminoglycoside	No resistance	0	
050Cc-CMPN001x04_260114_LH00793_B23GCKKLT3	arbekacin	aminoglycoside	No resistance	0	
050Cc-CMPN001x04_260114_LH00793_B23GCKKLT3	kasugamycin	aminoglycoside	No resistance	0	
050Cc-CMPN001x04_260114_LH00793_B23GCKKLT3	astromicin	aminoglycoside	No resistance	0	
050Cc-CMPN001x04_260114_LH00793_B23GCKKLT3	fortimicin	aminoglycoside	No resistance	0	
050Cc-CMPN001x04_260114_LH00793_B23GCKKLT3	spectinomycin	aminocyclitol	No resistance	0	
050Cc-CMPN001x04_260114_LH00793_B23GCKKLT3	fluoroquinolone	quinolone	No resistance	0	
050Cc-CMPN001x04_260114_LH00793_B23GCKKLT3	ciprofloxacin	quinolone	No resistance	0	
050Cc-CMPN001x04_260114_LH00793_B23GCKKLT3	unknown quinolone	quinolone	No resistance	0	
050Cc-CMPN001x04_260114_LH00793_B23GCKKLT3	nalidixic acid	quinolone	No resistance	0	
050Cc-CMPN001x04_260114_LH00793_B23GCKKLT3	amoxicillin	beta-lactam	No resistance	0	
050Cc-CMPN001x04_260114_LH00793_B23GCKKLT3	amoxicillin+clavulanic acid	beta-lactam	No resistance	0	
050Cc-CMPN001x04_260114_LH00793_B23GCKKLT3	ampicillin	beta-lactam	No resistance	0	
050Cc-CMPN001x04_260114_LH00793_B23GCKKLT3	ampicillin+clavulanic acid	beta-lactam	No resistance	0	
050Cc-CMPN001x04_260114_LH00793_B23GCKKLT3	cefepime	beta-lactam	No resistance	0	
050Cc-CMPN001x04_260114_LH00793_B23GCKKLT3	cefixime	beta-lactam	No resistance	0	
050Cc-CMPN001x04_260114_LH00793_B23GCKKLT3	cefotaxime	beta-lactam	No resistance	0	
050Cc-CMPN001x04_260114_LH00793_B23GCKKLT3	cefoxitin	beta-lactam	No resistance	0	
050Cc-CMPN001x04_260114_LH00793_B23GCKKLT3	ceftazidime	beta-lactam	No resistance	0	
050Cc-CMPN001x04_260114_LH00793_B23GCKKLT3	ertapenem	beta-lactam	No resistance	0	
050Cc-CMPN001x04_260114_LH00793_B23GCKKLT3	imipenem	beta-lactam	No resistance	0	
050Cc-CMPN001x04_260114_LH00793_B23GCKKLT3	meropenem	beta-lactam	No resistance	0	
050Cc-CMPN001x04_260114_LH00793_B23GCKKLT3	piperacillin	beta-lactam	No resistance	0	
050Cc-CMPN001x04_260114_LH00793_B23GCKKLT3	piperacillin+tazobactam	beta-lactam	No resistance	0	
050Cc-CMPN001x04_260114_LH00793_B23GCKKLT3	unknown beta-lactam	beta-lactam	No resistance	0	
050Cc-CMPN001x04_260114_LH00793_B23GCKKLT3	aztreonam	beta-lactam	No resistance	0	
050Cc-CMPN001x04_260114_LH00793_B23GCKKLT3	cefotaxime+clavulanic acid	beta-lactam	No resistance	0	
050Cc-CMPN001x04_260114_LH00793_B23GCKKLT3	temocillin	beta-lactam	No resistance	0	
050Cc-CMPN001x04_260114_LH00793_B23GCKKLT3	ticarcillin	beta-lactam	No resistance	0	
050Cc-CMPN001x04_260114_LH00793_B23GCKKLT3	ceftazidime+avibactam	beta-lactam	No resistance	0	
050Cc-CMPN001x04_260114_LH00793_B23GCKKLT3	penicillin	beta-lactam	No resistance	0	
050Cc-CMPN001x04_260114_LH00793_B23GCKKLT3	ceftriaxone	beta-lactam	No resistance	0	
050Cc-CMPN001x04_260114_LH00793_B23GCKKLT3	ticarcillin+clavulanic acid	beta-lactam	No resistance	0	
050Cc-CMPN001x04_260114_LH00793_B23GCKKLT3	cephalothin	beta-lactam	No resistance	0	
050Cc-CMPN001x04_260114_LH00793_B23GCKKLT3	piperacillin+clavulanic acid	beta-lactam	No resistance	0	
050Cc-CMPN001x04_260114_LH00793_B23GCKKLT3	ceftiofur	under_development	No resistance	0	
050Cc-CMPN001x04_260114_LH00793_B23GCKKLT3	sulfamethoxazole	folate pathway antagonist	No resistance	0	
050Cc-CMPN001x04_260114_LH00793_B23GCKKLT3	trimethoprim	folate pathway antagonist	No resistance	0	
050Cc-CMPN001x04_260114_LH00793_B23GCKKLT3	fosfomycin	fosfomycin	No resistance	0	
050Cc-CMPN001x04_260114_LH00793_B23GCKKLT3	vancomycin	glycopeptide	No resistance	0	
050Cc-CMPN001x04_260114_LH00793_B23GCKKLT3	teicoplanin	glycopeptide	No resistance	0	
050Cc-CMPN001x04_260114_LH00793_B23GCKKLT3	bleomycin	glycopeptide	No resistance	0	
050Cc-CMPN001x04_260114_LH00793_B23GCKKLT3	lincomycin	lincosamide	Resistant	3	erm(B) (erm(B)_U86375)
050Cc-CMPN001x04_260114_LH00793_B23GCKKLT3	clindamycin	lincosamide	Resistant	3	erm(B) (erm(B)_U86375)
050Cc-CMPN001x04_260114_LH00793_B23GCKKLT3	dalfopristin	streptogramin a	No resistance	0	
050Cc-CMPN001x04_260114_LH00793_B23GCKKLT3	pristinamycin iia	streptogramin a	No resistance	0	
050Cc-CMPN001x04_260114_LH00793_B23GCKKLT3	virginiamycin m	streptogramin a	No resistance	0	
050Cc-CMPN001x04_260114_LH00793_B23GCKKLT3	quinupristin+dalfopristin	streptogramin a	No resistance	0	
050Cc-CMPN001x04_260114_LH00793_B23GCKKLT3	tiamulin	pleuromutilin	No resistance	0	
050Cc-CMPN001x04_260114_LH00793_B23GCKKLT3	carbomycin	macrolide	No resistance	0	
050Cc-CMPN001x04_260114_LH00793_B23GCKKLT3	erythromycin	macrolide	Resistant	3	erm(B) (erm(B)_U86375)
050Cc-CMPN001x04_260114_LH00793_B23GCKKLT3	azithromycin	macrolide	No resistance	0	
050Cc-CMPN001x04_260114_LH00793_B23GCKKLT3	oleandomycin	macrolide	No resistance	0	
050Cc-CMPN001x04_260114_LH00793_B23GCKKLT3	spiramycin	macrolide	No resistance	0	
050Cc-CMPN001x04_260114_LH00793_B23GCKKLT3	tylosin	macrolide	No resistance	0	
050Cc-CMPN001x04_260114_LH00793_B23GCKKLT3	telithromycin	macrolide	No resistance	0	
050Cc-CMPN001x04_260114_LH00793_B23GCKKLT3	tetracycline	tetracycline	Resistant	2	tet(M) (tet(M)_X75073)
050Cc-CMPN001x04_260114_LH00793_B23GCKKLT3	doxycycline	tetracycline	Resistant	2	tet(M) (tet(M)_X75073)
050Cc-CMPN001x04_260114_LH00793_B23GCKKLT3	minocycline	tetracycline	Resistant	2	tet(M) (tet(M)_X75073)
050Cc-CMPN001x04_260114_LH00793_B23GCKKLT3	tigecycline	tetracycline	No resistance	0	
050Cc-CMPN001x04_260114_LH00793_B23GCKKLT3	quinupristin	streptogramin b	Resistant	3	erm(B) (erm(B)_U86375)
050Cc-CMPN001x04_260114_LH00793_B23GCKKLT3	pristinamycin ia	streptogramin b	Resistant	3	erm(B) (erm(B)_U86375)
050Cc-CMPN001x04_260114_LH00793_B23GCKKLT3	virginiamycin s	streptogramin b	Resistant	3	erm(B) (erm(B)_U86375)
050Cc-CMPN001x04_260114_LH00793_B23GCKKLT3	linezolid	oxazolidinone	No resistance	0	
050Cc-CMPN001x04_260114_LH00793_B23GCKKLT3	chloramphenicol	amphenicol	No resistance	0	
050Cc-CMPN001x04_260114_LH00793_B23GCKKLT3	florfenicol	amphenicol	No resistance	0	
050Cc-CMPN001x04_260114_LH00793_B23GCKKLT3	colistin	polymyxin	No resistance	0	
050Cc-CMPN001x04_260114_LH00793_B23GCKKLT3	fusidic acid	steroid antibacterial	No resistance	0	
050Cc-CMPN001x04_260114_LH00793_B23GCKKLT3	mupirocin	pseudomonic acid	No resistance	0	
050Cc-CMPN001x04_260114_LH00793_B23GCKKLT3	rifampicin	rifamycin	No resistance	0	
050Cc-CMPN001x04_260114_LH00793_B23GCKKLT3	metronidazole	nitroimidazole	No resistance	0	
050Cc-CMPN001x04_260114_LH00793_B23GCKKLT3	narasin	ionophores	No resistance	0	
050Cc-CMPN001x04_260114_LH00793_B23GCKKLT3	salinomycin	ionophores	No resistance	0	
050Cc-CMPN001x04_260114_LH00793_B23GCKKLT3	maduramicin	ionophores	No resistance	0	
053Ap-CMPN001x52_260114_LH00793_B23GCKKLT3	gentamicin	aminoglycoside	No resistance	0	
053Ap-CMPN001x52_260114_LH00793_B23GCKKLT3	tobramycin	aminoglycoside	No resistance	0	
053Ap-CMPN001x52_260114_LH00793_B23GCKKLT3	streptomycin	aminoglycoside	No resistance	0	
053Ap-CMPN001x52_260114_LH00793_B23GCKKLT3	amikacin	aminoglycoside	No resistance	0	
053Ap-CMPN001x52_260114_LH00793_B23GCKKLT3	isepamicin	aminoglycoside	No resistance	0	
053Ap-CMPN001x52_260114_LH00793_B23GCKKLT3	dibekacin	aminoglycoside	No resistance	0	
053Ap-CMPN001x52_260114_LH00793_B23GCKKLT3	kanamycin	aminoglycoside	No resistance	0	
053Ap-CMPN001x52_260114_LH00793_B23GCKKLT3	neomycin	aminoglycoside	No resistance	0	
053Ap-CMPN001x52_260114_LH00793_B23GCKKLT3	lividomycin	aminoglycoside	No resistance	0	
053Ap-CMPN001x52_260114_LH00793_B23GCKKLT3	paromomycin	aminoglycoside	No resistance	0	
053Ap-CMPN001x52_260114_LH00793_B23GCKKLT3	ribostamycin	aminoglycoside	No resistance	0	
053Ap-CMPN001x52_260114_LH00793_B23GCKKLT3	unknown aminoglycoside	aminoglycoside	No resistance	0	
053Ap-CMPN001x52_260114_LH00793_B23GCKKLT3	butiromycin	aminoglycoside	No resistance	0	
053Ap-CMPN001x52_260114_LH00793_B23GCKKLT3	butirosin	aminoglycoside	No resistance	0	
053Ap-CMPN001x52_260114_LH00793_B23GCKKLT3	hygromycin	aminoglycoside	No resistance	0	
053Ap-CMPN001x52_260114_LH00793_B23GCKKLT3	netilmicin	aminoglycoside	No resistance	0	
053Ap-CMPN001x52_260114_LH00793_B23GCKKLT3	apramycin	aminoglycoside	No resistance	0	
053Ap-CMPN001x52_260114_LH00793_B23GCKKLT3	sisomicin	aminoglycoside	No resistance	0	
053Ap-CMPN001x52_260114_LH00793_B23GCKKLT3	arbekacin	aminoglycoside	No resistance	0	
053Ap-CMPN001x52_260114_LH00793_B23GCKKLT3	kasugamycin	aminoglycoside	No resistance	0	
053Ap-CMPN001x52_260114_LH00793_B23GCKKLT3	astromicin	aminoglycoside	No resistance	0	
053Ap-CMPN001x52_260114_LH00793_B23GCKKLT3	fortimicin	aminoglycoside	No resistance	0	
053Ap-CMPN001x52_260114_LH00793_B23GCKKLT3	spectinomycin	aminocyclitol	No resistance	0	
053Ap-CMPN001x52_260114_LH00793_B23GCKKLT3	fluoroquinolone	quinolone	No resistance	0	
053Ap-CMPN001x52_260114_LH00793_B23GCKKLT3	ciprofloxacin	quinolone	No resistance	0	
053Ap-CMPN001x52_260114_LH00793_B23GCKKLT3	unknown quinolone	quinolone	No resistance	0	
053Ap-CMPN001x52_260114_LH00793_B23GCKKLT3	nalidixic acid	quinolone	No resistance	0	
053Ap-CMPN001x52_260114_LH00793_B23GCKKLT3	amoxicillin	beta-lactam	No resistance	0	
053Ap-CMPN001x52_260114_LH00793_B23GCKKLT3	amoxicillin+clavulanic acid	beta-lactam	No resistance	0	
053Ap-CMPN001x52_260114_LH00793_B23GCKKLT3	ampicillin	beta-lactam	No resistance	0	
053Ap-CMPN001x52_260114_LH00793_B23GCKKLT3	ampicillin+clavulanic acid	beta-lactam	No resistance	0	
053Ap-CMPN001x52_260114_LH00793_B23GCKKLT3	cefepime	beta-lactam	No resistance	0	
053Ap-CMPN001x52_260114_LH00793_B23GCKKLT3	cefixime	beta-lactam	No resistance	0	
053Ap-CMPN001x52_260114_LH00793_B23GCKKLT3	cefotaxime	beta-lactam	No resistance	0	
053Ap-CMPN001x52_260114_LH00793_B23GCKKLT3	cefoxitin	beta-lactam	No resistance	0	
053Ap-CMPN001x52_260114_LH00793_B23GCKKLT3	ceftazidime	beta-lactam	No resistance	0	
053Ap-CMPN001x52_260114_LH00793_B23GCKKLT3	ertapenem	beta-lactam	No resistance	0	
053Ap-CMPN001x52_260114_LH00793_B23GCKKLT3	imipenem	beta-lactam	No resistance	0	
053Ap-CMPN001x52_260114_LH00793_B23GCKKLT3	meropenem	beta-lactam	No resistance	0	
053Ap-CMPN001x52_260114_LH00793_B23GCKKLT3	piperacillin	beta-lactam	No resistance	0	
053Ap-CMPN001x52_260114_LH00793_B23GCKKLT3	piperacillin+tazobactam	beta-lactam	No resistance	0	
053Ap-CMPN001x52_260114_LH00793_B23GCKKLT3	unknown beta-lactam	beta-lactam	No resistance	0	
053Ap-CMPN001x52_260114_LH00793_B23GCKKLT3	aztreonam	beta-lactam	No resistance	0	
053Ap-CMPN001x52_260114_LH00793_B23GCKKLT3	cefotaxime+clavulanic acid	beta-lactam	No resistance	0	
053Ap-CMPN001x52_260114_LH00793_B23GCKKLT3	temocillin	beta-lactam	No resistance	0	
053Ap-CMPN001x52_260114_LH00793_B23GCKKLT3	ticarcillin	beta-lactam	No resistance	0	
053Ap-CMPN001x52_260114_LH00793_B23GCKKLT3	ceftazidime+avibactam	beta-lactam	No resistance	0	
053Ap-CMPN001x52_260114_LH00793_B23GCKKLT3	penicillin	beta-lactam	No resistance	0	
053Ap-CMPN001x52_260114_LH00793_B23GCKKLT3	ceftriaxone	beta-lactam	No resistance	0	
053Ap-CMPN001x52_260114_LH00793_B23GCKKLT3	ticarcillin+clavulanic acid	beta-lactam	No resistance	0	
053Ap-CMPN001x52_260114_LH00793_B23GCKKLT3	cephalothin	beta-lactam	No resistance	0	
053Ap-CMPN001x52_260114_LH00793_B23GCKKLT3	piperacillin+clavulanic acid	beta-lactam	No resistance	0	
053Ap-CMPN001x52_260114_LH00793_B23GCKKLT3	ceftiofur	under_development	No resistance	0	
053Ap-CMPN001x52_260114_LH00793_B23GCKKLT3	sulfamethoxazole	folate pathway antagonist	No resistance	0	
053Ap-CMPN001x52_260114_LH00793_B23GCKKLT3	trimethoprim	folate pathway antagonist	No resistance	0	
053Ap-CMPN001x52_260114_LH00793_B23GCKKLT3	fosfomycin	fosfomycin	No resistance	0	
053Ap-CMPN001x52_260114_LH00793_B23GCKKLT3	vancomycin	glycopeptide	No resistance	0	
053Ap-CMPN001x52_260114_LH00793_B23GCKKLT3	teicoplanin	glycopeptide	No resistance	0	
053Ap-CMPN001x52_260114_LH00793_B23GCKKLT3	bleomycin	glycopeptide	No resistance	0	
053Ap-CMPN001x52_260114_LH00793_B23GCKKLT3	lincomycin	lincosamide	No resistance	0	
053Ap-CMPN001x52_260114_LH00793_B23GCKKLT3	clindamycin	lincosamide	No resistance	0	
053Ap-CMPN001x52_260114_LH00793_B23GCKKLT3	dalfopristin	streptogramin a	No resistance	0	
053Ap-CMPN001x52_260114_LH00793_B23GCKKLT3	pristinamycin iia	streptogramin a	No resistance	0	
053Ap-CMPN001x52_260114_LH00793_B23GCKKLT3	virginiamycin m	streptogramin a	No resistance	0	
053Ap-CMPN001x52_260114_LH00793_B23GCKKLT3	quinupristin+dalfopristin	streptogramin a	No resistance	0	
053Ap-CMPN001x52_260114_LH00793_B23GCKKLT3	tiamulin	pleuromutilin	No resistance	0	
053Ap-CMPN001x52_260114_LH00793_B23GCKKLT3	carbomycin	macrolide	No resistance	0	
053Ap-CMPN001x52_260114_LH00793_B23GCKKLT3	erythromycin	macrolide	No resistance	0	
053Ap-CMPN001x52_260114_LH00793_B23GCKKLT3	azithromycin	macrolide	No resistance	0	
053Ap-CMPN001x52_260114_LH00793_B23GCKKLT3	oleandomycin	macrolide	No resistance	0	
053Ap-CMPN001x52_260114_LH00793_B23GCKKLT3	spiramycin	macrolide	No resistance	0	
053Ap-CMPN001x52_260114_LH00793_B23GCKKLT3	tylosin	macrolide	No resistance	0	
053Ap-CMPN001x52_260114_LH00793_B23GCKKLT3	telithromycin	macrolide	No resistance	0	
053Ap-CMPN001x52_260114_LH00793_B23GCKKLT3	tetracycline	tetracycline	Resistant	2	tetA(46) (tetA(46)_HQ652506), tetB(46) (tetB(46)_HQ652506)
053Ap-CMPN001x52_260114_LH00793_B23GCKKLT3	doxycycline	tetracycline	Resistant	2	tetA(46) (tetA(46)_HQ652506), tetB(46) (tetB(46)_HQ652506)
053Ap-CMPN001x52_260114_LH00793_B23GCKKLT3	minocycline	tetracycline	No resistance	0	
053Ap-CMPN001x52_260114_LH00793_B23GCKKLT3	tigecycline	tetracycline	Resistant	2	tetA(46) (tetA(46)_HQ652506), tetB(46) (tetB(46)_HQ652506)
053Ap-CMPN001x52_260114_LH00793_B23GCKKLT3	quinupristin	streptogramin b	No resistance	0	
053Ap-CMPN001x52_260114_LH00793_B23GCKKLT3	pristinamycin ia	streptogramin b	No resistance	0	
053Ap-CMPN001x52_260114_LH00793_B23GCKKLT3	virginiamycin s	streptogramin b	No resistance	0	
053Ap-CMPN001x52_260114_LH00793_B23GCKKLT3	linezolid	oxazolidinone	No resistance	0	
053Ap-CMPN001x52_260114_LH00793_B23GCKKLT3	chloramphenicol	amphenicol	No resistance	0	
053Ap-CMPN001x52_260114_LH00793_B23GCKKLT3	florfenicol	amphenicol	No resistance	0	
053Ap-CMPN001x52_260114_LH00793_B23GCKKLT3	colistin	polymyxin	No resistance	0	
053Ap-CMPN001x52_260114_LH00793_B23GCKKLT3	fusidic acid	steroid antibacterial	No resistance	0	
053Ap-CMPN001x52_260114_LH00793_B23GCKKLT3	mupirocin	pseudomonic acid	No resistance	0	
053Ap-CMPN001x52_260114_LH00793_B23GCKKLT3	rifampicin	rifamycin	No resistance	0	
053Ap-CMPN001x52_260114_LH00793_B23GCKKLT3	metronidazole	nitroimidazole	No resistance	0	
053Ap-CMPN001x52_260114_LH00793_B23GCKKLT3	narasin	ionophores	No resistance	0	
053Ap-CMPN001x52_260114_LH00793_B23GCKKLT3	salinomycin	ionophores	No resistance	0	
053Ap-CMPN001x52_260114_LH00793_B23GCKKLT3	maduramicin	ionophores	No resistance	0	
062Ca-CMPN001x06_260114_LH00793_B23GCKKLT3	gentamicin	aminoglycoside	No resistance	0	
062Ca-CMPN001x06_260114_LH00793_B23GCKKLT3	tobramycin	aminoglycoside	No resistance	0	
062Ca-CMPN001x06_260114_LH00793_B23GCKKLT3	streptomycin	aminoglycoside	No resistance	0	
062Ca-CMPN001x06_260114_LH00793_B23GCKKLT3	amikacin	aminoglycoside	No resistance	0	
062Ca-CMPN001x06_260114_LH00793_B23GCKKLT3	isepamicin	aminoglycoside	No resistance	0	
062Ca-CMPN001x06_260114_LH00793_B23GCKKLT3	dibekacin	aminoglycoside	No resistance	0	
062Ca-CMPN001x06_260114_LH00793_B23GCKKLT3	kanamycin	aminoglycoside	No resistance	0	
062Ca-CMPN001x06_260114_LH00793_B23GCKKLT3	neomycin	aminoglycoside	No resistance	0	
062Ca-CMPN001x06_260114_LH00793_B23GCKKLT3	lividomycin	aminoglycoside	No resistance	0	
062Ca-CMPN001x06_260114_LH00793_B23GCKKLT3	paromomycin	aminoglycoside	No resistance	0	
062Ca-CMPN001x06_260114_LH00793_B23GCKKLT3	ribostamycin	aminoglycoside	No resistance	0	
062Ca-CMPN001x06_260114_LH00793_B23GCKKLT3	unknown aminoglycoside	aminoglycoside	No resistance	0	
062Ca-CMPN001x06_260114_LH00793_B23GCKKLT3	butiromycin	aminoglycoside	No resistance	0	
062Ca-CMPN001x06_260114_LH00793_B23GCKKLT3	butirosin	aminoglycoside	No resistance	0	
062Ca-CMPN001x06_260114_LH00793_B23GCKKLT3	hygromycin	aminoglycoside	No resistance	0	
062Ca-CMPN001x06_260114_LH00793_B23GCKKLT3	netilmicin	aminoglycoside	No resistance	0	
062Ca-CMPN001x06_260114_LH00793_B23GCKKLT3	apramycin	aminoglycoside	No resistance	0	
062Ca-CMPN001x06_260114_LH00793_B23GCKKLT3	sisomicin	aminoglycoside	No resistance	0	
062Ca-CMPN001x06_260114_LH00793_B23GCKKLT3	arbekacin	aminoglycoside	No resistance	0	
062Ca-CMPN001x06_260114_LH00793_B23GCKKLT3	kasugamycin	aminoglycoside	No resistance	0	
062Ca-CMPN001x06_260114_LH00793_B23GCKKLT3	astromicin	aminoglycoside	No resistance	0	
062Ca-CMPN001x06_260114_LH00793_B23GCKKLT3	fortimicin	aminoglycoside	No resistance	0	
062Ca-CMPN001x06_260114_LH00793_B23GCKKLT3	spectinomycin	aminocyclitol	No resistance	0	
062Ca-CMPN001x06_260114_LH00793_B23GCKKLT3	fluoroquinolone	quinolone	No resistance	0	
062Ca-CMPN001x06_260114_LH00793_B23GCKKLT3	ciprofloxacin	quinolone	No resistance	0	
062Ca-CMPN001x06_260114_LH00793_B23GCKKLT3	unknown quinolone	quinolone	No resistance	0	
062Ca-CMPN001x06_260114_LH00793_B23GCKKLT3	nalidixic acid	quinolone	No resistance	0	
062Ca-CMPN001x06_260114_LH00793_B23GCKKLT3	amoxicillin	beta-lactam	No resistance	0	
062Ca-CMPN001x06_260114_LH00793_B23GCKKLT3	amoxicillin+clavulanic acid	beta-lactam	No resistance	0	
062Ca-CMPN001x06_260114_LH00793_B23GCKKLT3	ampicillin	beta-lactam	No resistance	0	
062Ca-CMPN001x06_260114_LH00793_B23GCKKLT3	ampicillin+clavulanic acid	beta-lactam	No resistance	0	
062Ca-CMPN001x06_260114_LH00793_B23GCKKLT3	cefepime	beta-lactam	No resistance	0	
062Ca-CMPN001x06_260114_LH00793_B23GCKKLT3	cefixime	beta-lactam	No resistance	0	
062Ca-CMPN001x06_260114_LH00793_B23GCKKLT3	cefotaxime	beta-lactam	No resistance	0	
062Ca-CMPN001x06_260114_LH00793_B23GCKKLT3	cefoxitin	beta-lactam	No resistance	0	
062Ca-CMPN001x06_260114_LH00793_B23GCKKLT3	ceftazidime	beta-lactam	No resistance	0	
062Ca-CMPN001x06_260114_LH00793_B23GCKKLT3	ertapenem	beta-lactam	No resistance	0	
062Ca-CMPN001x06_260114_LH00793_B23GCKKLT3	imipenem	beta-lactam	No resistance	0	
062Ca-CMPN001x06_260114_LH00793_B23GCKKLT3	meropenem	beta-lactam	No resistance	0	
062Ca-CMPN001x06_260114_LH00793_B23GCKKLT3	piperacillin	beta-lactam	No resistance	0	
062Ca-CMPN001x06_260114_LH00793_B23GCKKLT3	piperacillin+tazobactam	beta-lactam	No resistance	0	
062Ca-CMPN001x06_260114_LH00793_B23GCKKLT3	unknown beta-lactam	beta-lactam	No resistance	0	
062Ca-CMPN001x06_260114_LH00793_B23GCKKLT3	aztreonam	beta-lactam	No resistance	0	
062Ca-CMPN001x06_260114_LH00793_B23GCKKLT3	cefotaxime+clavulanic acid	beta-lactam	No resistance	0	
062Ca-CMPN001x06_260114_LH00793_B23GCKKLT3	temocillin	beta-lactam	No resistance	0	
062Ca-CMPN001x06_260114_LH00793_B23GCKKLT3	ticarcillin	beta-lactam	No resistance	0	
062Ca-CMPN001x06_260114_LH00793_B23GCKKLT3	ceftazidime+avibactam	beta-lactam	No resistance	0	
062Ca-CMPN001x06_260114_LH00793_B23GCKKLT3	penicillin	beta-lactam	No resistance	0	
062Ca-CMPN001x06_260114_LH00793_B23GCKKLT3	ceftriaxone	beta-lactam	No resistance	0	
062Ca-CMPN001x06_260114_LH00793_B23GCKKLT3	ticarcillin+clavulanic acid	beta-lactam	No resistance	0	
062Ca-CMPN001x06_260114_LH00793_B23GCKKLT3	cephalothin	beta-lactam	No resistance	0	
062Ca-CMPN001x06_260114_LH00793_B23GCKKLT3	piperacillin+clavulanic acid	beta-lactam	No resistance	0	
062Ca-CMPN001x06_260114_LH00793_B23GCKKLT3	ceftiofur	under_development	No resistance	0	
062Ca-CMPN001x06_260114_LH00793_B23GCKKLT3	sulfamethoxazole	folate pathway antagonist	No resistance	0	
062Ca-CMPN001x06_260114_LH00793_B23GCKKLT3	trimethoprim	folate pathway antagonist	No resistance	0	
062Ca-CMPN001x06_260114_LH00793_B23GCKKLT3	fosfomycin	fosfomycin	No resistance	0	
062Ca-CMPN001x06_260114_LH00793_B23GCKKLT3	vancomycin	glycopeptide	No resistance	0	
062Ca-CMPN001x06_260114_LH00793_B23GCKKLT3	teicoplanin	glycopeptide	No resistance	0	
062Ca-CMPN001x06_260114_LH00793_B23GCKKLT3	bleomycin	glycopeptide	No resistance	0	
062Ca-CMPN001x06_260114_LH00793_B23GCKKLT3	lincomycin	lincosamide	Resistant	3	erm(B) (erm(B)_X72021)
062Ca-CMPN001x06_260114_LH00793_B23GCKKLT3	clindamycin	lincosamide	Resistant	3	erm(B) (erm(B)_X72021)
062Ca-CMPN001x06_260114_LH00793_B23GCKKLT3	dalfopristin	streptogramin a	No resistance	0	
062Ca-CMPN001x06_260114_LH00793_B23GCKKLT3	pristinamycin iia	streptogramin a	No resistance	0	
062Ca-CMPN001x06_260114_LH00793_B23GCKKLT3	virginiamycin m	streptogramin a	No resistance	0	
062Ca-CMPN001x06_260114_LH00793_B23GCKKLT3	quinupristin+dalfopristin	streptogramin a	No resistance	0	
062Ca-CMPN001x06_260114_LH00793_B23GCKKLT3	tiamulin	pleuromutilin	No resistance	0	
062Ca-CMPN001x06_260114_LH00793_B23GCKKLT3	carbomycin	macrolide	No resistance	0	
062Ca-CMPN001x06_260114_LH00793_B23GCKKLT3	erythromycin	macrolide	Resistant	3	erm(B) (erm(B)_X72021)
062Ca-CMPN001x06_260114_LH00793_B23GCKKLT3	azithromycin	macrolide	No resistance	0	
062Ca-CMPN001x06_260114_LH00793_B23GCKKLT3	oleandomycin	macrolide	No resistance	0	
062Ca-CMPN001x06_260114_LH00793_B23GCKKLT3	spiramycin	macrolide	No resistance	0	
062Ca-CMPN001x06_260114_LH00793_B23GCKKLT3	tylosin	macrolide	No resistance	0	
062Ca-CMPN001x06_260114_LH00793_B23GCKKLT3	telithromycin	macrolide	No resistance	0	
062Ca-CMPN001x06_260114_LH00793_B23GCKKLT3	tetracycline	tetracycline	No resistance	0	
062Ca-CMPN001x06_260114_LH00793_B23GCKKLT3	doxycycline	tetracycline	No resistance	0	
062Ca-CMPN001x06_260114_LH00793_B23GCKKLT3	minocycline	tetracycline	No resistance	0	
062Ca-CMPN001x06_260114_LH00793_B23GCKKLT3	tigecycline	tetracycline	No resistance	0	
062Ca-CMPN001x06_260114_LH00793_B23GCKKLT3	quinupristin	streptogramin b	Resistant	3	erm(B) (erm(B)_X72021)
062Ca-CMPN001x06_260114_LH00793_B23GCKKLT3	pristinamycin ia	streptogramin b	Resistant	3	erm(B) (erm(B)_X72021)
062Ca-CMPN001x06_260114_LH00793_B23GCKKLT3	virginiamycin s	streptogramin b	Resistant	3	erm(B) (erm(B)_X72021)
062Ca-CMPN001x06_260114_LH00793_B23GCKKLT3	linezolid	oxazolidinone	No resistance	0	
062Ca-CMPN001x06_260114_LH00793_B23GCKKLT3	chloramphenicol	amphenicol	No resistance	0	
062Ca-CMPN001x06_260114_LH00793_B23GCKKLT3	florfenicol	amphenicol	No resistance	0	
062Ca-CMPN001x06_260114_LH00793_B23GCKKLT3	colistin	polymyxin	No resistance	0	
062Ca-CMPN001x06_260114_LH00793_B23GCKKLT3	fusidic acid	steroid antibacterial	No resistance	0	
062Ca-CMPN001x06_260114_LH00793_B23GCKKLT3	mupirocin	pseudomonic acid	No resistance	0	
062Ca-CMPN001x06_260114_LH00793_B23GCKKLT3	rifampicin	rifamycin	No resistance	0	
062Ca-CMPN001x06_260114_LH00793_B23GCKKLT3	metronidazole	nitroimidazole	No resistance	0	
062Ca-CMPN001x06_260114_LH00793_B23GCKKLT3	narasin	ionophores	No resistance	0	
062Ca-CMPN001x06_260114_LH00793_B23GCKKLT3	salinomycin	ionophores	No resistance	0	
062Ca-CMPN001x06_260114_LH00793_B23GCKKLT3	maduramicin	ionophores	No resistance	0	
066Pp-CMPN001x40_260114_LH00793_B23GCKKLT3	gentamicin	aminoglycoside	No resistance	0	
066Pp-CMPN001x40_260114_LH00793_B23GCKKLT3	tobramycin	aminoglycoside	No resistance	0	
066Pp-CMPN001x40_260114_LH00793_B23GCKKLT3	streptomycin	aminoglycoside	No resistance	0	
066Pp-CMPN001x40_260114_LH00793_B23GCKKLT3	amikacin	aminoglycoside	No resistance	0	
066Pp-CMPN001x40_260114_LH00793_B23GCKKLT3	isepamicin	aminoglycoside	No resistance	0	
066Pp-CMPN001x40_260114_LH00793_B23GCKKLT3	dibekacin	aminoglycoside	No resistance	0	
066Pp-CMPN001x40_260114_LH00793_B23GCKKLT3	kanamycin	aminoglycoside	No resistance	0	
066Pp-CMPN001x40_260114_LH00793_B23GCKKLT3	neomycin	aminoglycoside	No resistance	0	
066Pp-CMPN001x40_260114_LH00793_B23GCKKLT3	lividomycin	aminoglycoside	No resistance	0	
066Pp-CMPN001x40_260114_LH00793_B23GCKKLT3	paromomycin	aminoglycoside	No resistance	0	
066Pp-CMPN001x40_260114_LH00793_B23GCKKLT3	ribostamycin	aminoglycoside	No resistance	0	
066Pp-CMPN001x40_260114_LH00793_B23GCKKLT3	unknown aminoglycoside	aminoglycoside	No resistance	0	
066Pp-CMPN001x40_260114_LH00793_B23GCKKLT3	butiromycin	aminoglycoside	No resistance	0	
066Pp-CMPN001x40_260114_LH00793_B23GCKKLT3	butirosin	aminoglycoside	No resistance	0	
066Pp-CMPN001x40_260114_LH00793_B23GCKKLT3	hygromycin	aminoglycoside	No resistance	0	
066Pp-CMPN001x40_260114_LH00793_B23GCKKLT3	netilmicin	aminoglycoside	No resistance	0	
066Pp-CMPN001x40_260114_LH00793_B23GCKKLT3	apramycin	aminoglycoside	No resistance	0	
066Pp-CMPN001x40_260114_LH00793_B23GCKKLT3	sisomicin	aminoglycoside	No resistance	0	
066Pp-CMPN001x40_260114_LH00793_B23GCKKLT3	arbekacin	aminoglycoside	No resistance	0	
066Pp-CMPN001x40_260114_LH00793_B23GCKKLT3	kasugamycin	aminoglycoside	No resistance	0	
066Pp-CMPN001x40_260114_LH00793_B23GCKKLT3	astromicin	aminoglycoside	No resistance	0	
066Pp-CMPN001x40_260114_LH00793_B23GCKKLT3	fortimicin	aminoglycoside	No resistance	0	
066Pp-CMPN001x40_260114_LH00793_B23GCKKLT3	spectinomycin	aminocyclitol	No resistance	0	
066Pp-CMPN001x40_260114_LH00793_B23GCKKLT3	fluoroquinolone	quinolone	No resistance	0	
066Pp-CMPN001x40_260114_LH00793_B23GCKKLT3	ciprofloxacin	quinolone	No resistance	0	
066Pp-CMPN001x40_260114_LH00793_B23GCKKLT3	unknown quinolone	quinolone	No resistance	0	
066Pp-CMPN001x40_260114_LH00793_B23GCKKLT3	nalidixic acid	quinolone	No resistance	0	
066Pp-CMPN001x40_260114_LH00793_B23GCKKLT3	amoxicillin	beta-lactam	No resistance	0	
066Pp-CMPN001x40_260114_LH00793_B23GCKKLT3	amoxicillin+clavulanic acid	beta-lactam	No resistance	0	
066Pp-CMPN001x40_260114_LH00793_B23GCKKLT3	ampicillin	beta-lactam	No resistance	0	
066Pp-CMPN001x40_260114_LH00793_B23GCKKLT3	ampicillin+clavulanic acid	beta-lactam	No resistance	0	
066Pp-CMPN001x40_260114_LH00793_B23GCKKLT3	cefepime	beta-lactam	No resistance	0	
066Pp-CMPN001x40_260114_LH00793_B23GCKKLT3	cefixime	beta-lactam	No resistance	0	
066Pp-CMPN001x40_260114_LH00793_B23GCKKLT3	cefotaxime	beta-lactam	No resistance	0	
066Pp-CMPN001x40_260114_LH00793_B23GCKKLT3	cefoxitin	beta-lactam	No resistance	0	
066Pp-CMPN001x40_260114_LH00793_B23GCKKLT3	ceftazidime	beta-lactam	No resistance	0	
066Pp-CMPN001x40_260114_LH00793_B23GCKKLT3	ertapenem	beta-lactam	No resistance	0	
066Pp-CMPN001x40_260114_LH00793_B23GCKKLT3	imipenem	beta-lactam	No resistance	0	
066Pp-CMPN001x40_260114_LH00793_B23GCKKLT3	meropenem	beta-lactam	No resistance	0	
066Pp-CMPN001x40_260114_LH00793_B23GCKKLT3	piperacillin	beta-lactam	No resistance	0	
066Pp-CMPN001x40_260114_LH00793_B23GCKKLT3	piperacillin+tazobactam	beta-lactam	No resistance	0	
066Pp-CMPN001x40_260114_LH00793_B23GCKKLT3	unknown beta-lactam	beta-lactam	No resistance	0	
066Pp-CMPN001x40_260114_LH00793_B23GCKKLT3	aztreonam	beta-lactam	No resistance	0	
066Pp-CMPN001x40_260114_LH00793_B23GCKKLT3	cefotaxime+clavulanic acid	beta-lactam	No resistance	0	
066Pp-CMPN001x40_260114_LH00793_B23GCKKLT3	temocillin	beta-lactam	No resistance	0	
066Pp-CMPN001x40_260114_LH00793_B23GCKKLT3	ticarcillin	beta-lactam	No resistance	0	
066Pp-CMPN001x40_260114_LH00793_B23GCKKLT3	ceftazidime+avibactam	beta-lactam	No resistance	0	
066Pp-CMPN001x40_260114_LH00793_B23GCKKLT3	penicillin	beta-lactam	No resistance	0	
066Pp-CMPN001x40_260114_LH00793_B23GCKKLT3	ceftriaxone	beta-lactam	No resistance	0	
066Pp-CMPN001x40_260114_LH00793_B23GCKKLT3	ticarcillin+clavulanic acid	beta-lactam	No resistance	0	
066Pp-CMPN001x40_260114_LH00793_B23GCKKLT3	cephalothin	beta-lactam	No resistance	0	
066Pp-CMPN001x40_260114_LH00793_B23GCKKLT3	piperacillin+clavulanic acid	beta-lactam	No resistance	0	
066Pp-CMPN001x40_260114_LH00793_B23GCKKLT3	ceftiofur	under_development	No resistance	0	
066Pp-CMPN001x40_260114_LH00793_B23GCKKLT3	sulfamethoxazole	folate pathway antagonist	No resistance	0	
066Pp-CMPN001x40_260114_LH00793_B23GCKKLT3	trimethoprim	folate pathway antagonist	No resistance	0	
066Pp-CMPN001x40_260114_LH00793_B23GCKKLT3	fosfomycin	fosfomycin	No resistance	0	
066Pp-CMPN001x40_260114_LH00793_B23GCKKLT3	vancomycin	glycopeptide	No resistance	0	
066Pp-CMPN001x40_260114_LH00793_B23GCKKLT3	teicoplanin	glycopeptide	No resistance	0	
066Pp-CMPN001x40_260114_LH00793_B23GCKKLT3	bleomycin	glycopeptide	No resistance	0	
066Pp-CMPN001x40_260114_LH00793_B23GCKKLT3	lincomycin	lincosamide	No resistance	0	
066Pp-CMPN001x40_260114_LH00793_B23GCKKLT3	clindamycin	lincosamide	No resistance	0	
066Pp-CMPN001x40_260114_LH00793_B23GCKKLT3	dalfopristin	streptogramin a	No resistance	0	
066Pp-CMPN001x40_260114_LH00793_B23GCKKLT3	pristinamycin iia	streptogramin a	No resistance	0	
066Pp-CMPN001x40_260114_LH00793_B23GCKKLT3	virginiamycin m	streptogramin a	No resistance	0	
066Pp-CMPN001x40_260114_LH00793_B23GCKKLT3	quinupristin+dalfopristin	streptogramin a	No resistance	0	
066Pp-CMPN001x40_260114_LH00793_B23GCKKLT3	tiamulin	pleuromutilin	No resistance	0	
066Pp-CMPN001x40_260114_LH00793_B23GCKKLT3	carbomycin	macrolide	No resistance	0	
066Pp-CMPN001x40_260114_LH00793_B23GCKKLT3	erythromycin	macrolide	Resistant	3	msr(D) (msr(D)_AF274302), mef(A) (mef(A)_U83667)
066Pp-CMPN001x40_260114_LH00793_B23GCKKLT3	azithromycin	macrolide	Resistant	3	msr(D) (msr(D)_AF274302), mef(A) (mef(A)_U83667)
066Pp-CMPN001x40_260114_LH00793_B23GCKKLT3	oleandomycin	macrolide	No resistance	0	
066Pp-CMPN001x40_260114_LH00793_B23GCKKLT3	spiramycin	macrolide	No resistance	0	
066Pp-CMPN001x40_260114_LH00793_B23GCKKLT3	tylosin	macrolide	No resistance	0	
066Pp-CMPN001x40_260114_LH00793_B23GCKKLT3	telithromycin	macrolide	Resistant	3	msr(D) (msr(D)_AF274302)
066Pp-CMPN001x40_260114_LH00793_B23GCKKLT3	tetracycline	tetracycline	Resistant	2	tetA(46) (tetA(46)_HQ652506), tetB(46) (tetB(46)_HQ652506), tet(O) (tet(O)_Y07780)
066Pp-CMPN001x40_260114_LH00793_B23GCKKLT3	doxycycline	tetracycline	Resistant	2	tetA(46) (tetA(46)_HQ652506), tetB(46) (tetB(46)_HQ652506), tet(O) (tet(O)_Y07780)
066Pp-CMPN001x40_260114_LH00793_B23GCKKLT3	minocycline	tetracycline	Resistant	2	tet(O) (tet(O)_Y07780)
066Pp-CMPN001x40_260114_LH00793_B23GCKKLT3	tigecycline	tetracycline	Resistant	2	tetA(46) (tetA(46)_HQ652506), tetB(46) (tetB(46)_HQ652506)
066Pp-CMPN001x40_260114_LH00793_B23GCKKLT3	quinupristin	streptogramin b	Resistant	3	msr(D) (msr(D)_AF274302)
066Pp-CMPN001x40_260114_LH00793_B23GCKKLT3	pristinamycin ia	streptogramin b	Resistant	3	msr(D) (msr(D)_AF274302)
066Pp-CMPN001x40_260114_LH00793_B23GCKKLT3	virginiamycin s	streptogramin b	Resistant	3	msr(D) (msr(D)_AF274302)
066Pp-CMPN001x40_260114_LH00793_B23GCKKLT3	linezolid	oxazolidinone	No resistance	0	
066Pp-CMPN001x40_260114_LH00793_B23GCKKLT3	chloramphenicol	amphenicol	No resistance	0	
066Pp-CMPN001x40_260114_LH00793_B23GCKKLT3	florfenicol	amphenicol	No resistance	0	
066Pp-CMPN001x40_260114_LH00793_B23GCKKLT3	colistin	polymyxin	No resistance	0	
066Pp-CMPN001x40_260114_LH00793_B23GCKKLT3	fusidic acid	steroid antibacterial	No resistance	0	
066Pp-CMPN001x40_260114_LH00793_B23GCKKLT3	mupirocin	pseudomonic acid	No resistance	0	
066Pp-CMPN001x40_260114_LH00793_B23GCKKLT3	rifampicin	rifamycin	No resistance	0	
066Pp-CMPN001x40_260114_LH00793_B23GCKKLT3	metronidazole	nitroimidazole	No resistance	0	
066Pp-CMPN001x40_260114_LH00793_B23GCKKLT3	narasin	ionophores	No resistance	0	
066Pp-CMPN001x40_260114_LH00793_B23GCKKLT3	salinomycin	ionophores	No resistance	0	
066Pp-CMPN001x40_260114_LH00793_B23GCKKLT3	maduramicin	ionophores	No resistance	0	
069Cv-CMPN001x07_260114_LH00793_B23GCKKLT3	gentamicin	aminoglycoside	No resistance	0	
069Cv-CMPN001x07_260114_LH00793_B23GCKKLT3	tobramycin	aminoglycoside	No resistance	0	
069Cv-CMPN001x07_260114_LH00793_B23GCKKLT3	streptomycin	aminoglycoside	No resistance	0	
069Cv-CMPN001x07_260114_LH00793_B23GCKKLT3	amikacin	aminoglycoside	No resistance	0	
069Cv-CMPN001x07_260114_LH00793_B23GCKKLT3	isepamicin	aminoglycoside	No resistance	0	
069Cv-CMPN001x07_260114_LH00793_B23GCKKLT3	dibekacin	aminoglycoside	No resistance	0	
069Cv-CMPN001x07_260114_LH00793_B23GCKKLT3	kanamycin	aminoglycoside	No resistance	0	
069Cv-CMPN001x07_260114_LH00793_B23GCKKLT3	neomycin	aminoglycoside	No resistance	0	
069Cv-CMPN001x07_260114_LH00793_B23GCKKLT3	lividomycin	aminoglycoside	No resistance	0	
069Cv-CMPN001x07_260114_LH00793_B23GCKKLT3	paromomycin	aminoglycoside	No resistance	0	
069Cv-CMPN001x07_260114_LH00793_B23GCKKLT3	ribostamycin	aminoglycoside	No resistance	0	
069Cv-CMPN001x07_260114_LH00793_B23GCKKLT3	unknown aminoglycoside	aminoglycoside	No resistance	0	
069Cv-CMPN001x07_260114_LH00793_B23GCKKLT3	butiromycin	aminoglycoside	No resistance	0	
069Cv-CMPN001x07_260114_LH00793_B23GCKKLT3	butirosin	aminoglycoside	No resistance	0	
069Cv-CMPN001x07_260114_LH00793_B23GCKKLT3	hygromycin	aminoglycoside	No resistance	0	
069Cv-CMPN001x07_260114_LH00793_B23GCKKLT3	netilmicin	aminoglycoside	No resistance	0	
069Cv-CMPN001x07_260114_LH00793_B23GCKKLT3	apramycin	aminoglycoside	No resistance	0	
069Cv-CMPN001x07_260114_LH00793_B23GCKKLT3	sisomicin	aminoglycoside	No resistance	0	
069Cv-CMPN001x07_260114_LH00793_B23GCKKLT3	arbekacin	aminoglycoside	No resistance	0	
069Cv-CMPN001x07_260114_LH00793_B23GCKKLT3	kasugamycin	aminoglycoside	No resistance	0	
069Cv-CMPN001x07_260114_LH00793_B23GCKKLT3	astromicin	aminoglycoside	No resistance	0	
069Cv-CMPN001x07_260114_LH00793_B23GCKKLT3	fortimicin	aminoglycoside	No resistance	0	
069Cv-CMPN001x07_260114_LH00793_B23GCKKLT3	spectinomycin	aminocyclitol	No resistance	0	
069Cv-CMPN001x07_260114_LH00793_B23GCKKLT3	fluoroquinolone	quinolone	No resistance	0	
069Cv-CMPN001x07_260114_LH00793_B23GCKKLT3	ciprofloxacin	quinolone	No resistance	0	
069Cv-CMPN001x07_260114_LH00793_B23GCKKLT3	unknown quinolone	quinolone	No resistance	0	
069Cv-CMPN001x07_260114_LH00793_B23GCKKLT3	nalidixic acid	quinolone	No resistance	0	
069Cv-CMPN001x07_260114_LH00793_B23GCKKLT3	amoxicillin	beta-lactam	No resistance	0	
069Cv-CMPN001x07_260114_LH00793_B23GCKKLT3	amoxicillin+clavulanic acid	beta-lactam	No resistance	0	
069Cv-CMPN001x07_260114_LH00793_B23GCKKLT3	ampicillin	beta-lactam	No resistance	0	
069Cv-CMPN001x07_260114_LH00793_B23GCKKLT3	ampicillin+clavulanic acid	beta-lactam	No resistance	0	
069Cv-CMPN001x07_260114_LH00793_B23GCKKLT3	cefepime	beta-lactam	No resistance	0	
069Cv-CMPN001x07_260114_LH00793_B23GCKKLT3	cefixime	beta-lactam	No resistance	0	
069Cv-CMPN001x07_260114_LH00793_B23GCKKLT3	cefotaxime	beta-lactam	No resistance	0	
069Cv-CMPN001x07_260114_LH00793_B23GCKKLT3	cefoxitin	beta-lactam	No resistance	0	
069Cv-CMPN001x07_260114_LH00793_B23GCKKLT3	ceftazidime	beta-lactam	No resistance	0	
069Cv-CMPN001x07_260114_LH00793_B23GCKKLT3	ertapenem	beta-lactam	No resistance	0	
069Cv-CMPN001x07_260114_LH00793_B23GCKKLT3	imipenem	beta-lactam	No resistance	0	
069Cv-CMPN001x07_260114_LH00793_B23GCKKLT3	meropenem	beta-lactam	No resistance	0	
069Cv-CMPN001x07_260114_LH00793_B23GCKKLT3	piperacillin	beta-lactam	No resistance	0	
069Cv-CMPN001x07_260114_LH00793_B23GCKKLT3	piperacillin+tazobactam	beta-lactam	No resistance	0	
069Cv-CMPN001x07_260114_LH00793_B23GCKKLT3	unknown beta-lactam	beta-lactam	No resistance	0	
069Cv-CMPN001x07_260114_LH00793_B23GCKKLT3	aztreonam	beta-lactam	No resistance	0	
069Cv-CMPN001x07_260114_LH00793_B23GCKKLT3	cefotaxime+clavulanic acid	beta-lactam	No resistance	0	
069Cv-CMPN001x07_260114_LH00793_B23GCKKLT3	temocillin	beta-lactam	No resistance	0	
069Cv-CMPN001x07_260114_LH00793_B23GCKKLT3	ticarcillin	beta-lactam	No resistance	0	
069Cv-CMPN001x07_260114_LH00793_B23GCKKLT3	ceftazidime+avibactam	beta-lactam	No resistance	0	
069Cv-CMPN001x07_260114_LH00793_B23GCKKLT3	penicillin	beta-lactam	No resistance	0	
069Cv-CMPN001x07_260114_LH00793_B23GCKKLT3	ceftriaxone	beta-lactam	No resistance	0	
069Cv-CMPN001x07_260114_LH00793_B23GCKKLT3	ticarcillin+clavulanic acid	beta-lactam	No resistance	0	
069Cv-CMPN001x07_260114_LH00793_B23GCKKLT3	cephalothin	beta-lactam	No resistance	0	
069Cv-CMPN001x07_260114_LH00793_B23GCKKLT3	piperacillin+clavulanic acid	beta-lactam	No resistance	0	
069Cv-CMPN001x07_260114_LH00793_B23GCKKLT3	ceftiofur	under_development	No resistance	0	
069Cv-CMPN001x07_260114_LH00793_B23GCKKLT3	sulfamethoxazole	folate pathway antagonist	No resistance	0	
069Cv-CMPN001x07_260114_LH00793_B23GCKKLT3	trimethoprim	folate pathway antagonist	No resistance	0	
069Cv-CMPN001x07_260114_LH00793_B23GCKKLT3	fosfomycin	fosfomycin	No resistance	0	
069Cv-CMPN001x07_260114_LH00793_B23GCKKLT3	vancomycin	glycopeptide	No resistance	0	
069Cv-CMPN001x07_260114_LH00793_B23GCKKLT3	teicoplanin	glycopeptide	No resistance	0	
069Cv-CMPN001x07_260114_LH00793_B23GCKKLT3	bleomycin	glycopeptide	No resistance	0	
069Cv-CMPN001x07_260114_LH00793_B23GCKKLT3	lincomycin	lincosamide	Resistant	3	erm(B) (erm(B)_U86375)
069Cv-CMPN001x07_260114_LH00793_B23GCKKLT3	clindamycin	lincosamide	Resistant	3	erm(B) (erm(B)_U86375)
069Cv-CMPN001x07_260114_LH00793_B23GCKKLT3	dalfopristin	streptogramin a	No resistance	0	
069Cv-CMPN001x07_260114_LH00793_B23GCKKLT3	pristinamycin iia	streptogramin a	No resistance	0	
069Cv-CMPN001x07_260114_LH00793_B23GCKKLT3	virginiamycin m	streptogramin a	No resistance	0	
069Cv-CMPN001x07_260114_LH00793_B23GCKKLT3	quinupristin+dalfopristin	streptogramin a	No resistance	0	
069Cv-CMPN001x07_260114_LH00793_B23GCKKLT3	tiamulin	pleuromutilin	No resistance	0	
069Cv-CMPN001x07_260114_LH00793_B23GCKKLT3	carbomycin	macrolide	No resistance	0	
069Cv-CMPN001x07_260114_LH00793_B23GCKKLT3	erythromycin	macrolide	Resistant	3	erm(B) (erm(B)_U86375)
069Cv-CMPN001x07_260114_LH00793_B23GCKKLT3	azithromycin	macrolide	No resistance	0	
069Cv-CMPN001x07_260114_LH00793_B23GCKKLT3	oleandomycin	macrolide	No resistance	0	
069Cv-CMPN001x07_260114_LH00793_B23GCKKLT3	spiramycin	macrolide	No resistance	0	
069Cv-CMPN001x07_260114_LH00793_B23GCKKLT3	tylosin	macrolide	No resistance	0	
069Cv-CMPN001x07_260114_LH00793_B23GCKKLT3	telithromycin	macrolide	No resistance	0	
069Cv-CMPN001x07_260114_LH00793_B23GCKKLT3	tetracycline	tetracycline	Resistant	2	tet(M) (tet(M)_X92947)
069Cv-CMPN001x07_260114_LH00793_B23GCKKLT3	doxycycline	tetracycline	Resistant	2	tet(M) (tet(M)_X92947)
069Cv-CMPN001x07_260114_LH00793_B23GCKKLT3	minocycline	tetracycline	Resistant	2	tet(M) (tet(M)_X92947)
069Cv-CMPN001x07_260114_LH00793_B23GCKKLT3	tigecycline	tetracycline	No resistance	0	
069Cv-CMPN001x07_260114_LH00793_B23GCKKLT3	quinupristin	streptogramin b	Resistant	3	erm(B) (erm(B)_U86375)
069Cv-CMPN001x07_260114_LH00793_B23GCKKLT3	pristinamycin ia	streptogramin b	Resistant	3	erm(B) (erm(B)_U86375)
069Cv-CMPN001x07_260114_LH00793_B23GCKKLT3	virginiamycin s	streptogramin b	Resistant	3	erm(B) (erm(B)_U86375)
069Cv-CMPN001x07_260114_LH00793_B23GCKKLT3	linezolid	oxazolidinone	No resistance	0	
069Cv-CMPN001x07_260114_LH00793_B23GCKKLT3	chloramphenicol	amphenicol	No resistance	0	
069Cv-CMPN001x07_260114_LH00793_B23GCKKLT3	florfenicol	amphenicol	No resistance	0	
069Cv-CMPN001x07_260114_LH00793_B23GCKKLT3	colistin	polymyxin	No resistance	0	
069Cv-CMPN001x07_260114_LH00793_B23GCKKLT3	fusidic acid	steroid antibacterial	No resistance	0	
069Cv-CMPN001x07_260114_LH00793_B23GCKKLT3	mupirocin	pseudomonic acid	No resistance	0	
069Cv-CMPN001x07_260114_LH00793_B23GCKKLT3	rifampicin	rifamycin	No resistance	0	
069Cv-CMPN001x07_260114_LH00793_B23GCKKLT3	metronidazole	nitroimidazole	No resistance	0	
069Cv-CMPN001x07_260114_LH00793_B23GCKKLT3	narasin	ionophores	No resistance	0	
069Cv-CMPN001x07_260114_LH00793_B23GCKKLT3	salinomycin	ionophores	No resistance	0	
069Cv-CMPN001x07_260114_LH00793_B23GCKKLT3	maduramicin	ionophores	No resistance	0	
070Ca-CMPN001x08_260114_LH00793_B23GCKKLT3	gentamicin	aminoglycoside	No resistance	0	
070Ca-CMPN001x08_260114_LH00793_B23GCKKLT3	tobramycin	aminoglycoside	No resistance	0	
070Ca-CMPN001x08_260114_LH00793_B23GCKKLT3	streptomycin	aminoglycoside	No resistance	0	
070Ca-CMPN001x08_260114_LH00793_B23GCKKLT3	amikacin	aminoglycoside	No resistance	0	
070Ca-CMPN001x08_260114_LH00793_B23GCKKLT3	isepamicin	aminoglycoside	No resistance	0	
070Ca-CMPN001x08_260114_LH00793_B23GCKKLT3	dibekacin	aminoglycoside	No resistance	0	
070Ca-CMPN001x08_260114_LH00793_B23GCKKLT3	kanamycin	aminoglycoside	No resistance	0	
070Ca-CMPN001x08_260114_LH00793_B23GCKKLT3	neomycin	aminoglycoside	No resistance	0	
070Ca-CMPN001x08_260114_LH00793_B23GCKKLT3	lividomycin	aminoglycoside	No resistance	0	
070Ca-CMPN001x08_260114_LH00793_B23GCKKLT3	paromomycin	aminoglycoside	No resistance	0	
070Ca-CMPN001x08_260114_LH00793_B23GCKKLT3	ribostamycin	aminoglycoside	No resistance	0	
070Ca-CMPN001x08_260114_LH00793_B23GCKKLT3	unknown aminoglycoside	aminoglycoside	No resistance	0	
070Ca-CMPN001x08_260114_LH00793_B23GCKKLT3	butiromycin	aminoglycoside	No resistance	0	
070Ca-CMPN001x08_260114_LH00793_B23GCKKLT3	butirosin	aminoglycoside	No resistance	0	
070Ca-CMPN001x08_260114_LH00793_B23GCKKLT3	hygromycin	aminoglycoside	No resistance	0	
070Ca-CMPN001x08_260114_LH00793_B23GCKKLT3	netilmicin	aminoglycoside	No resistance	0	
070Ca-CMPN001x08_260114_LH00793_B23GCKKLT3	apramycin	aminoglycoside	No resistance	0	
070Ca-CMPN001x08_260114_LH00793_B23GCKKLT3	sisomicin	aminoglycoside	No resistance	0	
070Ca-CMPN001x08_260114_LH00793_B23GCKKLT3	arbekacin	aminoglycoside	No resistance	0	
070Ca-CMPN001x08_260114_LH00793_B23GCKKLT3	kasugamycin	aminoglycoside	No resistance	0	
070Ca-CMPN001x08_260114_LH00793_B23GCKKLT3	astromicin	aminoglycoside	No resistance	0	
070Ca-CMPN001x08_260114_LH00793_B23GCKKLT3	fortimicin	aminoglycoside	No resistance	0	
070Ca-CMPN001x08_260114_LH00793_B23GCKKLT3	spectinomycin	aminocyclitol	No resistance	0	
070Ca-CMPN001x08_260114_LH00793_B23GCKKLT3	fluoroquinolone	quinolone	No resistance	0	
070Ca-CMPN001x08_260114_LH00793_B23GCKKLT3	ciprofloxacin	quinolone	No resistance	0	
070Ca-CMPN001x08_260114_LH00793_B23GCKKLT3	unknown quinolone	quinolone	No resistance	0	
070Ca-CMPN001x08_260114_LH00793_B23GCKKLT3	nalidixic acid	quinolone	No resistance	0	
070Ca-CMPN001x08_260114_LH00793_B23GCKKLT3	amoxicillin	beta-lactam	No resistance	0	
070Ca-CMPN001x08_260114_LH00793_B23GCKKLT3	amoxicillin+clavulanic acid	beta-lactam	No resistance	0	
070Ca-CMPN001x08_260114_LH00793_B23GCKKLT3	ampicillin	beta-lactam	No resistance	0	
070Ca-CMPN001x08_260114_LH00793_B23GCKKLT3	ampicillin+clavulanic acid	beta-lactam	No resistance	0	
070Ca-CMPN001x08_260114_LH00793_B23GCKKLT3	cefepime	beta-lactam	No resistance	0	
070Ca-CMPN001x08_260114_LH00793_B23GCKKLT3	cefixime	beta-lactam	No resistance	0	
070Ca-CMPN001x08_260114_LH00793_B23GCKKLT3	cefotaxime	beta-lactam	No resistance	0	
070Ca-CMPN001x08_260114_LH00793_B23GCKKLT3	cefoxitin	beta-lactam	No resistance	0	
070Ca-CMPN001x08_260114_LH00793_B23GCKKLT3	ceftazidime	beta-lactam	No resistance	0	
070Ca-CMPN001x08_260114_LH00793_B23GCKKLT3	ertapenem	beta-lactam	No resistance	0	
070Ca-CMPN001x08_260114_LH00793_B23GCKKLT3	imipenem	beta-lactam	No resistance	0	
070Ca-CMPN001x08_260114_LH00793_B23GCKKLT3	meropenem	beta-lactam	No resistance	0	
070Ca-CMPN001x08_260114_LH00793_B23GCKKLT3	piperacillin	beta-lactam	No resistance	0	
070Ca-CMPN001x08_260114_LH00793_B23GCKKLT3	piperacillin+tazobactam	beta-lactam	No resistance	0	
070Ca-CMPN001x08_260114_LH00793_B23GCKKLT3	unknown beta-lactam	beta-lactam	No resistance	0	
070Ca-CMPN001x08_260114_LH00793_B23GCKKLT3	aztreonam	beta-lactam	No resistance	0	
070Ca-CMPN001x08_260114_LH00793_B23GCKKLT3	cefotaxime+clavulanic acid	beta-lactam	No resistance	0	
070Ca-CMPN001x08_260114_LH00793_B23GCKKLT3	temocillin	beta-lactam	No resistance	0	
070Ca-CMPN001x08_260114_LH00793_B23GCKKLT3	ticarcillin	beta-lactam	No resistance	0	
070Ca-CMPN001x08_260114_LH00793_B23GCKKLT3	ceftazidime+avibactam	beta-lactam	No resistance	0	
070Ca-CMPN001x08_260114_LH00793_B23GCKKLT3	penicillin	beta-lactam	No resistance	0	
070Ca-CMPN001x08_260114_LH00793_B23GCKKLT3	ceftriaxone	beta-lactam	No resistance	0	
070Ca-CMPN001x08_260114_LH00793_B23GCKKLT3	ticarcillin+clavulanic acid	beta-lactam	No resistance	0	
070Ca-CMPN001x08_260114_LH00793_B23GCKKLT3	cephalothin	beta-lactam	No resistance	0	
070Ca-CMPN001x08_260114_LH00793_B23GCKKLT3	piperacillin+clavulanic acid	beta-lactam	No resistance	0	
070Ca-CMPN001x08_260114_LH00793_B23GCKKLT3	ceftiofur	under_development	No resistance	0	
070Ca-CMPN001x08_260114_LH00793_B23GCKKLT3	sulfamethoxazole	folate pathway antagonist	No resistance	0	
070Ca-CMPN001x08_260114_LH00793_B23GCKKLT3	trimethoprim	folate pathway antagonist	No resistance	0	
070Ca-CMPN001x08_260114_LH00793_B23GCKKLT3	fosfomycin	fosfomycin	No resistance	0	
070Ca-CMPN001x08_260114_LH00793_B23GCKKLT3	vancomycin	glycopeptide	No resistance	0	
070Ca-CMPN001x08_260114_LH00793_B23GCKKLT3	teicoplanin	glycopeptide	No resistance	0	
070Ca-CMPN001x08_260114_LH00793_B23GCKKLT3	bleomycin	glycopeptide	No resistance	0	
070Ca-CMPN001x08_260114_LH00793_B23GCKKLT3	lincomycin	lincosamide	Resistant	3	erm(B) (erm(B)_U86375)
070Ca-CMPN001x08_260114_LH00793_B23GCKKLT3	clindamycin	lincosamide	Resistant	3	erm(B) (erm(B)_U86375)
070Ca-CMPN001x08_260114_LH00793_B23GCKKLT3	dalfopristin	streptogramin a	No resistance	0	
070Ca-CMPN001x08_260114_LH00793_B23GCKKLT3	pristinamycin iia	streptogramin a	No resistance	0	
070Ca-CMPN001x08_260114_LH00793_B23GCKKLT3	virginiamycin m	streptogramin a	No resistance	0	
070Ca-CMPN001x08_260114_LH00793_B23GCKKLT3	quinupristin+dalfopristin	streptogramin a	No resistance	0	
070Ca-CMPN001x08_260114_LH00793_B23GCKKLT3	tiamulin	pleuromutilin	No resistance	0	
070Ca-CMPN001x08_260114_LH00793_B23GCKKLT3	carbomycin	macrolide	No resistance	0	
070Ca-CMPN001x08_260114_LH00793_B23GCKKLT3	erythromycin	macrolide	Resistant	3	erm(B) (erm(B)_U86375)
070Ca-CMPN001x08_260114_LH00793_B23GCKKLT3	azithromycin	macrolide	No resistance	0	
070Ca-CMPN001x08_260114_LH00793_B23GCKKLT3	oleandomycin	macrolide	No resistance	0	
070Ca-CMPN001x08_260114_LH00793_B23GCKKLT3	spiramycin	macrolide	No resistance	0	
070Ca-CMPN001x08_260114_LH00793_B23GCKKLT3	tylosin	macrolide	No resistance	0	
070Ca-CMPN001x08_260114_LH00793_B23GCKKLT3	telithromycin	macrolide	No resistance	0	
070Ca-CMPN001x08_260114_LH00793_B23GCKKLT3	tetracycline	tetracycline	Resistant	3	tet(W) (tet(W)_AJ427422), tet(M) (tet(M)_FR671418)
070Ca-CMPN001x08_260114_LH00793_B23GCKKLT3	doxycycline	tetracycline	Resistant	3	tet(W) (tet(W)_AJ427422), tet(M) (tet(M)_FR671418)
070Ca-CMPN001x08_260114_LH00793_B23GCKKLT3	minocycline	tetracycline	Resistant	3	tet(W) (tet(W)_AJ427422), tet(M) (tet(M)_FR671418)
070Ca-CMPN001x08_260114_LH00793_B23GCKKLT3	tigecycline	tetracycline	No resistance	0	
070Ca-CMPN001x08_260114_LH00793_B23GCKKLT3	quinupristin	streptogramin b	Resistant	3	erm(B) (erm(B)_U86375)
070Ca-CMPN001x08_260114_LH00793_B23GCKKLT3	pristinamycin ia	streptogramin b	Resistant	3	erm(B) (erm(B)_U86375)
070Ca-CMPN001x08_260114_LH00793_B23GCKKLT3	virginiamycin s	streptogramin b	Resistant	3	erm(B) (erm(B)_U86375)
070Ca-CMPN001x08_260114_LH00793_B23GCKKLT3	linezolid	oxazolidinone	No resistance	0	
070Ca-CMPN001x08_260114_LH00793_B23GCKKLT3	chloramphenicol	amphenicol	No resistance	0	
070Ca-CMPN001x08_260114_LH00793_B23GCKKLT3	florfenicol	amphenicol	No resistance	0	
070Ca-CMPN001x08_260114_LH00793_B23GCKKLT3	colistin	polymyxin	No resistance	0	
070Ca-CMPN001x08_260114_LH00793_B23GCKKLT3	fusidic acid	steroid antibacterial	No resistance	0	
070Ca-CMPN001x08_260114_LH00793_B23GCKKLT3	mupirocin	pseudomonic acid	No resistance	0	
070Ca-CMPN001x08_260114_LH00793_B23GCKKLT3	rifampicin	rifamycin	No resistance	0	
070Ca-CMPN001x08_260114_LH00793_B23GCKKLT3	metronidazole	nitroimidazole	No resistance	0	
070Ca-CMPN001x08_260114_LH00793_B23GCKKLT3	narasin	ionophores	No resistance	0	
070Ca-CMPN001x08_260114_LH00793_B23GCKKLT3	salinomycin	ionophores	No resistance	0	
070Ca-CMPN001x08_260114_LH00793_B23GCKKLT3	maduramicin	ionophores	No resistance	0	
074Ca-CMPN001x09_260114_LH00793_B23GCKKLT3	gentamicin	aminoglycoside	No resistance	0	
074Ca-CMPN001x09_260114_LH00793_B23GCKKLT3	tobramycin	aminoglycoside	No resistance	0	
074Ca-CMPN001x09_260114_LH00793_B23GCKKLT3	streptomycin	aminoglycoside	No resistance	0	
074Ca-CMPN001x09_260114_LH00793_B23GCKKLT3	amikacin	aminoglycoside	No resistance	0	
074Ca-CMPN001x09_260114_LH00793_B23GCKKLT3	isepamicin	aminoglycoside	No resistance	0	
074Ca-CMPN001x09_260114_LH00793_B23GCKKLT3	dibekacin	aminoglycoside	No resistance	0	
074Ca-CMPN001x09_260114_LH00793_B23GCKKLT3	kanamycin	aminoglycoside	No resistance	0	
074Ca-CMPN001x09_260114_LH00793_B23GCKKLT3	neomycin	aminoglycoside	No resistance	0	
074Ca-CMPN001x09_260114_LH00793_B23GCKKLT3	lividomycin	aminoglycoside	No resistance	0	
074Ca-CMPN001x09_260114_LH00793_B23GCKKLT3	paromomycin	aminoglycoside	No resistance	0	
074Ca-CMPN001x09_260114_LH00793_B23GCKKLT3	ribostamycin	aminoglycoside	No resistance	0	
074Ca-CMPN001x09_260114_LH00793_B23GCKKLT3	unknown aminoglycoside	aminoglycoside	No resistance	0	
074Ca-CMPN001x09_260114_LH00793_B23GCKKLT3	butiromycin	aminoglycoside	No resistance	0	
074Ca-CMPN001x09_260114_LH00793_B23GCKKLT3	butirosin	aminoglycoside	No resistance	0	
074Ca-CMPN001x09_260114_LH00793_B23GCKKLT3	hygromycin	aminoglycoside	No resistance	0	
074Ca-CMPN001x09_260114_LH00793_B23GCKKLT3	netilmicin	aminoglycoside	No resistance	0	
074Ca-CMPN001x09_260114_LH00793_B23GCKKLT3	apramycin	aminoglycoside	No resistance	0	
074Ca-CMPN001x09_260114_LH00793_B23GCKKLT3	sisomicin	aminoglycoside	No resistance	0	
074Ca-CMPN001x09_260114_LH00793_B23GCKKLT3	arbekacin	aminoglycoside	No resistance	0	
074Ca-CMPN001x09_260114_LH00793_B23GCKKLT3	kasugamycin	aminoglycoside	No resistance	0	
074Ca-CMPN001x09_260114_LH00793_B23GCKKLT3	astromicin	aminoglycoside	No resistance	0	
074Ca-CMPN001x09_260114_LH00793_B23GCKKLT3	fortimicin	aminoglycoside	No resistance	0	
074Ca-CMPN001x09_260114_LH00793_B23GCKKLT3	spectinomycin	aminocyclitol	No resistance	0	
074Ca-CMPN001x09_260114_LH00793_B23GCKKLT3	fluoroquinolone	quinolone	No resistance	0	
074Ca-CMPN001x09_260114_LH00793_B23GCKKLT3	ciprofloxacin	quinolone	No resistance	0	
074Ca-CMPN001x09_260114_LH00793_B23GCKKLT3	unknown quinolone	quinolone	No resistance	0	
074Ca-CMPN001x09_260114_LH00793_B23GCKKLT3	nalidixic acid	quinolone	No resistance	0	
074Ca-CMPN001x09_260114_LH00793_B23GCKKLT3	amoxicillin	beta-lactam	No resistance	0	
074Ca-CMPN001x09_260114_LH00793_B23GCKKLT3	amoxicillin+clavulanic acid	beta-lactam	No resistance	0	
074Ca-CMPN001x09_260114_LH00793_B23GCKKLT3	ampicillin	beta-lactam	No resistance	0	
074Ca-CMPN001x09_260114_LH00793_B23GCKKLT3	ampicillin+clavulanic acid	beta-lactam	No resistance	0	
074Ca-CMPN001x09_260114_LH00793_B23GCKKLT3	cefepime	beta-lactam	No resistance	0	
074Ca-CMPN001x09_260114_LH00793_B23GCKKLT3	cefixime	beta-lactam	No resistance	0	
074Ca-CMPN001x09_260114_LH00793_B23GCKKLT3	cefotaxime	beta-lactam	No resistance	0	
074Ca-CMPN001x09_260114_LH00793_B23GCKKLT3	cefoxitin	beta-lactam	No resistance	0	
074Ca-CMPN001x09_260114_LH00793_B23GCKKLT3	ceftazidime	beta-lactam	No resistance	0	
074Ca-CMPN001x09_260114_LH00793_B23GCKKLT3	ertapenem	beta-lactam	No resistance	0	
074Ca-CMPN001x09_260114_LH00793_B23GCKKLT3	imipenem	beta-lactam	No resistance	0	
074Ca-CMPN001x09_260114_LH00793_B23GCKKLT3	meropenem	beta-lactam	No resistance	0	
074Ca-CMPN001x09_260114_LH00793_B23GCKKLT3	piperacillin	beta-lactam	No resistance	0	
074Ca-CMPN001x09_260114_LH00793_B23GCKKLT3	piperacillin+tazobactam	beta-lactam	No resistance	0	
074Ca-CMPN001x09_260114_LH00793_B23GCKKLT3	unknown beta-lactam	beta-lactam	No resistance	0	
074Ca-CMPN001x09_260114_LH00793_B23GCKKLT3	aztreonam	beta-lactam	No resistance	0	
074Ca-CMPN001x09_260114_LH00793_B23GCKKLT3	cefotaxime+clavulanic acid	beta-lactam	No resistance	0	
074Ca-CMPN001x09_260114_LH00793_B23GCKKLT3	temocillin	beta-lactam	No resistance	0	
074Ca-CMPN001x09_260114_LH00793_B23GCKKLT3	ticarcillin	beta-lactam	No resistance	0	
074Ca-CMPN001x09_260114_LH00793_B23GCKKLT3	ceftazidime+avibactam	beta-lactam	No resistance	0	
074Ca-CMPN001x09_260114_LH00793_B23GCKKLT3	penicillin	beta-lactam	No resistance	0	
074Ca-CMPN001x09_260114_LH00793_B23GCKKLT3	ceftriaxone	beta-lactam	No resistance	0	
074Ca-CMPN001x09_260114_LH00793_B23GCKKLT3	ticarcillin+clavulanic acid	beta-lactam	No resistance	0	
074Ca-CMPN001x09_260114_LH00793_B23GCKKLT3	cephalothin	beta-lactam	No resistance	0	
074Ca-CMPN001x09_260114_LH00793_B23GCKKLT3	piperacillin+clavulanic acid	beta-lactam	No resistance	0	
074Ca-CMPN001x09_260114_LH00793_B23GCKKLT3	ceftiofur	under_development	No resistance	0	
074Ca-CMPN001x09_260114_LH00793_B23GCKKLT3	sulfamethoxazole	folate pathway antagonist	No resistance	0	
074Ca-CMPN001x09_260114_LH00793_B23GCKKLT3	trimethoprim	folate pathway antagonist	No resistance	0	
074Ca-CMPN001x09_260114_LH00793_B23GCKKLT3	fosfomycin	fosfomycin	No resistance	0	
074Ca-CMPN001x09_260114_LH00793_B23GCKKLT3	vancomycin	glycopeptide	No resistance	0	
074Ca-CMPN001x09_260114_LH00793_B23GCKKLT3	teicoplanin	glycopeptide	No resistance	0	
074Ca-CMPN001x09_260114_LH00793_B23GCKKLT3	bleomycin	glycopeptide	No resistance	0	
074Ca-CMPN001x09_260114_LH00793_B23GCKKLT3	lincomycin	lincosamide	Resistant	3	erm(B) (erm(B)_U86375)
074Ca-CMPN001x09_260114_LH00793_B23GCKKLT3	clindamycin	lincosamide	Resistant	3	erm(B) (erm(B)_U86375)
074Ca-CMPN001x09_260114_LH00793_B23GCKKLT3	dalfopristin	streptogramin a	No resistance	0	
074Ca-CMPN001x09_260114_LH00793_B23GCKKLT3	pristinamycin iia	streptogramin a	No resistance	0	
074Ca-CMPN001x09_260114_LH00793_B23GCKKLT3	virginiamycin m	streptogramin a	No resistance	0	
074Ca-CMPN001x09_260114_LH00793_B23GCKKLT3	quinupristin+dalfopristin	streptogramin a	No resistance	0	
074Ca-CMPN001x09_260114_LH00793_B23GCKKLT3	tiamulin	pleuromutilin	No resistance	0	
074Ca-CMPN001x09_260114_LH00793_B23GCKKLT3	carbomycin	macrolide	No resistance	0	
074Ca-CMPN001x09_260114_LH00793_B23GCKKLT3	erythromycin	macrolide	Resistant	3	erm(B) (erm(B)_U86375)
074Ca-CMPN001x09_260114_LH00793_B23GCKKLT3	azithromycin	macrolide	No resistance	0	
074Ca-CMPN001x09_260114_LH00793_B23GCKKLT3	oleandomycin	macrolide	No resistance	0	
074Ca-CMPN001x09_260114_LH00793_B23GCKKLT3	spiramycin	macrolide	No resistance	0	
074Ca-CMPN001x09_260114_LH00793_B23GCKKLT3	tylosin	macrolide	No resistance	0	
074Ca-CMPN001x09_260114_LH00793_B23GCKKLT3	telithromycin	macrolide	No resistance	0	
074Ca-CMPN001x09_260114_LH00793_B23GCKKLT3	tetracycline	tetracycline	Resistant	2	tet(M) (tet(M)_FR671418)
074Ca-CMPN001x09_260114_LH00793_B23GCKKLT3	doxycycline	tetracycline	Resistant	2	tet(M) (tet(M)_FR671418)
074Ca-CMPN001x09_260114_LH00793_B23GCKKLT3	minocycline	tetracycline	Resistant	2	tet(M) (tet(M)_FR671418)
074Ca-CMPN001x09_260114_LH00793_B23GCKKLT3	tigecycline	tetracycline	No resistance	0	
074Ca-CMPN001x09_260114_LH00793_B23GCKKLT3	quinupristin	streptogramin b	Resistant	3	erm(B) (erm(B)_U86375)
074Ca-CMPN001x09_260114_LH00793_B23GCKKLT3	pristinamycin ia	streptogramin b	Resistant	3	erm(B) (erm(B)_U86375)
074Ca-CMPN001x09_260114_LH00793_B23GCKKLT3	virginiamycin s	streptogramin b	Resistant	3	erm(B) (erm(B)_U86375)
074Ca-CMPN001x09_260114_LH00793_B23GCKKLT3	linezolid	oxazolidinone	No resistance	0	
074Ca-CMPN001x09_260114_LH00793_B23GCKKLT3	chloramphenicol	amphenicol	No resistance	0	
074Ca-CMPN001x09_260114_LH00793_B23GCKKLT3	florfenicol	amphenicol	No resistance	0	
074Ca-CMPN001x09_260114_LH00793_B23GCKKLT3	colistin	polymyxin	No resistance	0	
074Ca-CMPN001x09_260114_LH00793_B23GCKKLT3	fusidic acid	steroid antibacterial	No resistance	0	
074Ca-CMPN001x09_260114_LH00793_B23GCKKLT3	mupirocin	pseudomonic acid	No resistance	0	
074Ca-CMPN001x09_260114_LH00793_B23GCKKLT3	rifampicin	rifamycin	No resistance	0	
074Ca-CMPN001x09_260114_LH00793_B23GCKKLT3	metronidazole	nitroimidazole	No resistance	0	
074Ca-CMPN001x09_260114_LH00793_B23GCKKLT3	narasin	ionophores	No resistance	0	
074Ca-CMPN001x09_260114_LH00793_B23GCKKLT3	salinomycin	ionophores	No resistance	0	
074Ca-CMPN001x09_260114_LH00793_B23GCKKLT3	maduramicin	ionophores	No resistance	0	
079As-CMPN001x53_260114_LH00793_B23GCKKLT3	gentamicin	aminoglycoside	No resistance	0	
079As-CMPN001x53_260114_LH00793_B23GCKKLT3	tobramycin	aminoglycoside	No resistance	0	
079As-CMPN001x53_260114_LH00793_B23GCKKLT3	streptomycin	aminoglycoside	No resistance	0	
079As-CMPN001x53_260114_LH00793_B23GCKKLT3	amikacin	aminoglycoside	No resistance	0	
079As-CMPN001x53_260114_LH00793_B23GCKKLT3	isepamicin	aminoglycoside	No resistance	0	
079As-CMPN001x53_260114_LH00793_B23GCKKLT3	dibekacin	aminoglycoside	No resistance	0	
079As-CMPN001x53_260114_LH00793_B23GCKKLT3	kanamycin	aminoglycoside	No resistance	0	
079As-CMPN001x53_260114_LH00793_B23GCKKLT3	neomycin	aminoglycoside	No resistance	0	
079As-CMPN001x53_260114_LH00793_B23GCKKLT3	lividomycin	aminoglycoside	No resistance	0	
079As-CMPN001x53_260114_LH00793_B23GCKKLT3	paromomycin	aminoglycoside	No resistance	0	
079As-CMPN001x53_260114_LH00793_B23GCKKLT3	ribostamycin	aminoglycoside	No resistance	0	
079As-CMPN001x53_260114_LH00793_B23GCKKLT3	unknown aminoglycoside	aminoglycoside	No resistance	0	
079As-CMPN001x53_260114_LH00793_B23GCKKLT3	butiromycin	aminoglycoside	No resistance	0	
079As-CMPN001x53_260114_LH00793_B23GCKKLT3	butirosin	aminoglycoside	No resistance	0	
079As-CMPN001x53_260114_LH00793_B23GCKKLT3	hygromycin	aminoglycoside	No resistance	0	
079As-CMPN001x53_260114_LH00793_B23GCKKLT3	netilmicin	aminoglycoside	No resistance	0	
079As-CMPN001x53_260114_LH00793_B23GCKKLT3	apramycin	aminoglycoside	No resistance	0	
079As-CMPN001x53_260114_LH00793_B23GCKKLT3	sisomicin	aminoglycoside	No resistance	0	
079As-CMPN001x53_260114_LH00793_B23GCKKLT3	arbekacin	aminoglycoside	No resistance	0	
079As-CMPN001x53_260114_LH00793_B23GCKKLT3	kasugamycin	aminoglycoside	No resistance	0	
079As-CMPN001x53_260114_LH00793_B23GCKKLT3	astromicin	aminoglycoside	No resistance	0	
079As-CMPN001x53_260114_LH00793_B23GCKKLT3	fortimicin	aminoglycoside	No resistance	0	
079As-CMPN001x53_260114_LH00793_B23GCKKLT3	spectinomycin	aminocyclitol	No resistance	0	
079As-CMPN001x53_260114_LH00793_B23GCKKLT3	fluoroquinolone	quinolone	No resistance	0	
079As-CMPN001x53_260114_LH00793_B23GCKKLT3	ciprofloxacin	quinolone	No resistance	0	
079As-CMPN001x53_260114_LH00793_B23GCKKLT3	unknown quinolone	quinolone	No resistance	0	
079As-CMPN001x53_260114_LH00793_B23GCKKLT3	nalidixic acid	quinolone	No resistance	0	
079As-CMPN001x53_260114_LH00793_B23GCKKLT3	amoxicillin	beta-lactam	No resistance	0	
079As-CMPN001x53_260114_LH00793_B23GCKKLT3	amoxicillin+clavulanic acid	beta-lactam	No resistance	0	
079As-CMPN001x53_260114_LH00793_B23GCKKLT3	ampicillin	beta-lactam	No resistance	0	
079As-CMPN001x53_260114_LH00793_B23GCKKLT3	ampicillin+clavulanic acid	beta-lactam	No resistance	0	
079As-CMPN001x53_260114_LH00793_B23GCKKLT3	cefepime	beta-lactam	No resistance	0	
079As-CMPN001x53_260114_LH00793_B23GCKKLT3	cefixime	beta-lactam	No resistance	0	
079As-CMPN001x53_260114_LH00793_B23GCKKLT3	cefotaxime	beta-lactam	No resistance	0	
079As-CMPN001x53_260114_LH00793_B23GCKKLT3	cefoxitin	beta-lactam	No resistance	0	
079As-CMPN001x53_260114_LH00793_B23GCKKLT3	ceftazidime	beta-lactam	No resistance	0	
079As-CMPN001x53_260114_LH00793_B23GCKKLT3	ertapenem	beta-lactam	No resistance	0	
079As-CMPN001x53_260114_LH00793_B23GCKKLT3	imipenem	beta-lactam	No resistance	0	
079As-CMPN001x53_260114_LH00793_B23GCKKLT3	meropenem	beta-lactam	No resistance	0	
079As-CMPN001x53_260114_LH00793_B23GCKKLT3	piperacillin	beta-lactam	No resistance	0	
079As-CMPN001x53_260114_LH00793_B23GCKKLT3	piperacillin+tazobactam	beta-lactam	No resistance	0	
079As-CMPN001x53_260114_LH00793_B23GCKKLT3	unknown beta-lactam	beta-lactam	No resistance	0	
079As-CMPN001x53_260114_LH00793_B23GCKKLT3	aztreonam	beta-lactam	No resistance	0	
079As-CMPN001x53_260114_LH00793_B23GCKKLT3	cefotaxime+clavulanic acid	beta-lactam	No resistance	0	
079As-CMPN001x53_260114_LH00793_B23GCKKLT3	temocillin	beta-lactam	No resistance	0	
079As-CMPN001x53_260114_LH00793_B23GCKKLT3	ticarcillin	beta-lactam	No resistance	0	
079As-CMPN001x53_260114_LH00793_B23GCKKLT3	ceftazidime+avibactam	beta-lactam	No resistance	0	
079As-CMPN001x53_260114_LH00793_B23GCKKLT3	penicillin	beta-lactam	No resistance	0	
079As-CMPN001x53_260114_LH00793_B23GCKKLT3	ceftriaxone	beta-lactam	No resistance	0	
079As-CMPN001x53_260114_LH00793_B23GCKKLT3	ticarcillin+clavulanic acid	beta-lactam	No resistance	0	
079As-CMPN001x53_260114_LH00793_B23GCKKLT3	cephalothin	beta-lactam	No resistance	0	
079As-CMPN001x53_260114_LH00793_B23GCKKLT3	piperacillin+clavulanic acid	beta-lactam	No resistance	0	
079As-CMPN001x53_260114_LH00793_B23GCKKLT3	ceftiofur	under_development	No resistance	0	
079As-CMPN001x53_260114_LH00793_B23GCKKLT3	sulfamethoxazole	folate pathway antagonist	No resistance	0	
079As-CMPN001x53_260114_LH00793_B23GCKKLT3	trimethoprim	folate pathway antagonist	No resistance	0	
079As-CMPN001x53_260114_LH00793_B23GCKKLT3	fosfomycin	fosfomycin	No resistance	0	
079As-CMPN001x53_260114_LH00793_B23GCKKLT3	vancomycin	glycopeptide	No resistance	0	
079As-CMPN001x53_260114_LH00793_B23GCKKLT3	teicoplanin	glycopeptide	No resistance	0	
079As-CMPN001x53_260114_LH00793_B23GCKKLT3	bleomycin	glycopeptide	No resistance	0	
079As-CMPN001x53_260114_LH00793_B23GCKKLT3	lincomycin	lincosamide	Resistant	1	erm(B) (erm(B)_X66468)
079As-CMPN001x53_260114_LH00793_B23GCKKLT3	clindamycin	lincosamide	Resistant	1	erm(B) (erm(B)_X66468)
079As-CMPN001x53_260114_LH00793_B23GCKKLT3	dalfopristin	streptogramin a	No resistance	0	
079As-CMPN001x53_260114_LH00793_B23GCKKLT3	pristinamycin iia	streptogramin a	No resistance	0	
079As-CMPN001x53_260114_LH00793_B23GCKKLT3	virginiamycin m	streptogramin a	No resistance	0	
079As-CMPN001x53_260114_LH00793_B23GCKKLT3	quinupristin+dalfopristin	streptogramin a	No resistance	0	
079As-CMPN001x53_260114_LH00793_B23GCKKLT3	tiamulin	pleuromutilin	No resistance	0	
079As-CMPN001x53_260114_LH00793_B23GCKKLT3	carbomycin	macrolide	No resistance	0	
079As-CMPN001x53_260114_LH00793_B23GCKKLT3	erythromycin	macrolide	Resistant	1	erm(B) (erm(B)_X66468)
079As-CMPN001x53_260114_LH00793_B23GCKKLT3	azithromycin	macrolide	No resistance	0	
079As-CMPN001x53_260114_LH00793_B23GCKKLT3	oleandomycin	macrolide	No resistance	0	
079As-CMPN001x53_260114_LH00793_B23GCKKLT3	spiramycin	macrolide	No resistance	0	
079As-CMPN001x53_260114_LH00793_B23GCKKLT3	tylosin	macrolide	No resistance	0	
079As-CMPN001x53_260114_LH00793_B23GCKKLT3	telithromycin	macrolide	No resistance	0	
079As-CMPN001x53_260114_LH00793_B23GCKKLT3	tetracycline	tetracycline	Resistant	2	tet(M) (tet(M)_X92947)
079As-CMPN001x53_260114_LH00793_B23GCKKLT3	doxycycline	tetracycline	Resistant	2	tet(M) (tet(M)_X92947)
079As-CMPN001x53_260114_LH00793_B23GCKKLT3	minocycline	tetracycline	Resistant	2	tet(M) (tet(M)_X92947)
079As-CMPN001x53_260114_LH00793_B23GCKKLT3	tigecycline	tetracycline	No resistance	0	
079As-CMPN001x53_260114_LH00793_B23GCKKLT3	quinupristin	streptogramin b	Resistant	1	erm(B) (erm(B)_X66468)
079As-CMPN001x53_260114_LH00793_B23GCKKLT3	pristinamycin ia	streptogramin b	Resistant	1	erm(B) (erm(B)_X66468)
079As-CMPN001x53_260114_LH00793_B23GCKKLT3	virginiamycin s	streptogramin b	Resistant	1	erm(B) (erm(B)_X66468)
079As-CMPN001x53_260114_LH00793_B23GCKKLT3	linezolid	oxazolidinone	No resistance	0	
079As-CMPN001x53_260114_LH00793_B23GCKKLT3	chloramphenicol	amphenicol	No resistance	0	
079As-CMPN001x53_260114_LH00793_B23GCKKLT3	florfenicol	amphenicol	No resistance	0	
079As-CMPN001x53_260114_LH00793_B23GCKKLT3	colistin	polymyxin	No resistance	0	
079As-CMPN001x53_260114_LH00793_B23GCKKLT3	fusidic acid	steroid antibacterial	No resistance	0	
079As-CMPN001x53_260114_LH00793_B23GCKKLT3	mupirocin	pseudomonic acid	No resistance	0	
079As-CMPN001x53_260114_LH00793_B23GCKKLT3	rifampicin	rifamycin	No resistance	0	
079As-CMPN001x53_260114_LH00793_B23GCKKLT3	metronidazole	nitroimidazole	No resistance	0	
079As-CMPN001x53_260114_LH00793_B23GCKKLT3	narasin	ionophores	No resistance	0	
079As-CMPN001x53_260114_LH00793_B23GCKKLT3	salinomycin	ionophores	No resistance	0	
079As-CMPN001x53_260114_LH00793_B23GCKKLT3	maduramicin	ionophores	No resistance	0	
079Cs-CMPN001x10_260114_LH00793_B23GCKKLT3	gentamicin	aminoglycoside	No resistance	0	
079Cs-CMPN001x10_260114_LH00793_B23GCKKLT3	tobramycin	aminoglycoside	No resistance	0	
079Cs-CMPN001x10_260114_LH00793_B23GCKKLT3	streptomycin	aminoglycoside	No resistance	0	
079Cs-CMPN001x10_260114_LH00793_B23GCKKLT3	amikacin	aminoglycoside	No resistance	0	
079Cs-CMPN001x10_260114_LH00793_B23GCKKLT3	isepamicin	aminoglycoside	No resistance	0	
079Cs-CMPN001x10_260114_LH00793_B23GCKKLT3	dibekacin	aminoglycoside	No resistance	0	
079Cs-CMPN001x10_260114_LH00793_B23GCKKLT3	kanamycin	aminoglycoside	No resistance	0	
079Cs-CMPN001x10_260114_LH00793_B23GCKKLT3	neomycin	aminoglycoside	No resistance	0	
079Cs-CMPN001x10_260114_LH00793_B23GCKKLT3	lividomycin	aminoglycoside	No resistance	0	
079Cs-CMPN001x10_260114_LH00793_B23GCKKLT3	paromomycin	aminoglycoside	No resistance	0	
079Cs-CMPN001x10_260114_LH00793_B23GCKKLT3	ribostamycin	aminoglycoside	No resistance	0	
079Cs-CMPN001x10_260114_LH00793_B23GCKKLT3	unknown aminoglycoside	aminoglycoside	No resistance	0	
079Cs-CMPN001x10_260114_LH00793_B23GCKKLT3	butiromycin	aminoglycoside	No resistance	0	
079Cs-CMPN001x10_260114_LH00793_B23GCKKLT3	butirosin	aminoglycoside	No resistance	0	
079Cs-CMPN001x10_260114_LH00793_B23GCKKLT3	hygromycin	aminoglycoside	No resistance	0	
079Cs-CMPN001x10_260114_LH00793_B23GCKKLT3	netilmicin	aminoglycoside	No resistance	0	
079Cs-CMPN001x10_260114_LH00793_B23GCKKLT3	apramycin	aminoglycoside	No resistance	0	
079Cs-CMPN001x10_260114_LH00793_B23GCKKLT3	sisomicin	aminoglycoside	No resistance	0	
079Cs-CMPN001x10_260114_LH00793_B23GCKKLT3	arbekacin	aminoglycoside	No resistance	0	
079Cs-CMPN001x10_260114_LH00793_B23GCKKLT3	kasugamycin	aminoglycoside	No resistance	0	
079Cs-CMPN001x10_260114_LH00793_B23GCKKLT3	astromicin	aminoglycoside	No resistance	0	
079Cs-CMPN001x10_260114_LH00793_B23GCKKLT3	fortimicin	aminoglycoside	No resistance	0	
079Cs-CMPN001x10_260114_LH00793_B23GCKKLT3	spectinomycin	aminocyclitol	No resistance	0	
079Cs-CMPN001x10_260114_LH00793_B23GCKKLT3	fluoroquinolone	quinolone	No resistance	0	
079Cs-CMPN001x10_260114_LH00793_B23GCKKLT3	ciprofloxacin	quinolone	No resistance	0	
079Cs-CMPN001x10_260114_LH00793_B23GCKKLT3	unknown quinolone	quinolone	No resistance	0	
079Cs-CMPN001x10_260114_LH00793_B23GCKKLT3	nalidixic acid	quinolone	No resistance	0	
079Cs-CMPN001x10_260114_LH00793_B23GCKKLT3	amoxicillin	beta-lactam	No resistance	0	
079Cs-CMPN001x10_260114_LH00793_B23GCKKLT3	amoxicillin+clavulanic acid	beta-lactam	No resistance	0	
079Cs-CMPN001x10_260114_LH00793_B23GCKKLT3	ampicillin	beta-lactam	No resistance	0	
079Cs-CMPN001x10_260114_LH00793_B23GCKKLT3	ampicillin+clavulanic acid	beta-lactam	No resistance	0	
079Cs-CMPN001x10_260114_LH00793_B23GCKKLT3	cefepime	beta-lactam	No resistance	0	
079Cs-CMPN001x10_260114_LH00793_B23GCKKLT3	cefixime	beta-lactam	No resistance	0	
079Cs-CMPN001x10_260114_LH00793_B23GCKKLT3	cefotaxime	beta-lactam	No resistance	0	
079Cs-CMPN001x10_260114_LH00793_B23GCKKLT3	cefoxitin	beta-lactam	No resistance	0	
079Cs-CMPN001x10_260114_LH00793_B23GCKKLT3	ceftazidime	beta-lactam	No resistance	0	
079Cs-CMPN001x10_260114_LH00793_B23GCKKLT3	ertapenem	beta-lactam	No resistance	0	
079Cs-CMPN001x10_260114_LH00793_B23GCKKLT3	imipenem	beta-lactam	No resistance	0	
079Cs-CMPN001x10_260114_LH00793_B23GCKKLT3	meropenem	beta-lactam	No resistance	0	
079Cs-CMPN001x10_260114_LH00793_B23GCKKLT3	piperacillin	beta-lactam	No resistance	0	
079Cs-CMPN001x10_260114_LH00793_B23GCKKLT3	piperacillin+tazobactam	beta-lactam	No resistance	0	
079Cs-CMPN001x10_260114_LH00793_B23GCKKLT3	unknown beta-lactam	beta-lactam	No resistance	0	
079Cs-CMPN001x10_260114_LH00793_B23GCKKLT3	aztreonam	beta-lactam	No resistance	0	
079Cs-CMPN001x10_260114_LH00793_B23GCKKLT3	cefotaxime+clavulanic acid	beta-lactam	No resistance	0	
079Cs-CMPN001x10_260114_LH00793_B23GCKKLT3	temocillin	beta-lactam	No resistance	0	
079Cs-CMPN001x10_260114_LH00793_B23GCKKLT3	ticarcillin	beta-lactam	No resistance	0	
079Cs-CMPN001x10_260114_LH00793_B23GCKKLT3	ceftazidime+avibactam	beta-lactam	No resistance	0	
079Cs-CMPN001x10_260114_LH00793_B23GCKKLT3	penicillin	beta-lactam	No resistance	0	
079Cs-CMPN001x10_260114_LH00793_B23GCKKLT3	ceftriaxone	beta-lactam	No resistance	0	
079Cs-CMPN001x10_260114_LH00793_B23GCKKLT3	ticarcillin+clavulanic acid	beta-lactam	No resistance	0	
079Cs-CMPN001x10_260114_LH00793_B23GCKKLT3	cephalothin	beta-lactam	No resistance	0	
079Cs-CMPN001x10_260114_LH00793_B23GCKKLT3	piperacillin+clavulanic acid	beta-lactam	No resistance	0	
079Cs-CMPN001x10_260114_LH00793_B23GCKKLT3	ceftiofur	under_development	No resistance	0	
079Cs-CMPN001x10_260114_LH00793_B23GCKKLT3	sulfamethoxazole	folate pathway antagonist	No resistance	0	
079Cs-CMPN001x10_260114_LH00793_B23GCKKLT3	trimethoprim	folate pathway antagonist	No resistance	0	
079Cs-CMPN001x10_260114_LH00793_B23GCKKLT3	fosfomycin	fosfomycin	No resistance	0	
079Cs-CMPN001x10_260114_LH00793_B23GCKKLT3	vancomycin	glycopeptide	No resistance	0	
079Cs-CMPN001x10_260114_LH00793_B23GCKKLT3	teicoplanin	glycopeptide	No resistance	0	
079Cs-CMPN001x10_260114_LH00793_B23GCKKLT3	bleomycin	glycopeptide	No resistance	0	
079Cs-CMPN001x10_260114_LH00793_B23GCKKLT3	lincomycin	lincosamide	Resistant	2	erm(B) (erm(B)_X72021), erm(B) (erm(B)_JN899585)
079Cs-CMPN001x10_260114_LH00793_B23GCKKLT3	clindamycin	lincosamide	Resistant	2	erm(B) (erm(B)_X72021), erm(B) (erm(B)_JN899585)
079Cs-CMPN001x10_260114_LH00793_B23GCKKLT3	dalfopristin	streptogramin a	No resistance	0	
079Cs-CMPN001x10_260114_LH00793_B23GCKKLT3	pristinamycin iia	streptogramin a	No resistance	0	
079Cs-CMPN001x10_260114_LH00793_B23GCKKLT3	virginiamycin m	streptogramin a	No resistance	0	
079Cs-CMPN001x10_260114_LH00793_B23GCKKLT3	quinupristin+dalfopristin	streptogramin a	No resistance	0	
079Cs-CMPN001x10_260114_LH00793_B23GCKKLT3	tiamulin	pleuromutilin	No resistance	0	
079Cs-CMPN001x10_260114_LH00793_B23GCKKLT3	carbomycin	macrolide	No resistance	0	
079Cs-CMPN001x10_260114_LH00793_B23GCKKLT3	erythromycin	macrolide	Resistant	2	erm(B) (erm(B)_X72021), erm(B) (erm(B)_JN899585)
079Cs-CMPN001x10_260114_LH00793_B23GCKKLT3	azithromycin	macrolide	No resistance	0	
079Cs-CMPN001x10_260114_LH00793_B23GCKKLT3	oleandomycin	macrolide	No resistance	0	
079Cs-CMPN001x10_260114_LH00793_B23GCKKLT3	spiramycin	macrolide	No resistance	0	
079Cs-CMPN001x10_260114_LH00793_B23GCKKLT3	tylosin	macrolide	No resistance	0	
079Cs-CMPN001x10_260114_LH00793_B23GCKKLT3	telithromycin	macrolide	No resistance	0	
079Cs-CMPN001x10_260114_LH00793_B23GCKKLT3	tetracycline	tetracycline	Resistant	2	tet(M) (tet(M)_X92947)
079Cs-CMPN001x10_260114_LH00793_B23GCKKLT3	doxycycline	tetracycline	Resistant	2	tet(M) (tet(M)_X92947)
079Cs-CMPN001x10_260114_LH00793_B23GCKKLT3	minocycline	tetracycline	Resistant	2	tet(M) (tet(M)_X92947)
079Cs-CMPN001x10_260114_LH00793_B23GCKKLT3	tigecycline	tetracycline	No resistance	0	
079Cs-CMPN001x10_260114_LH00793_B23GCKKLT3	quinupristin	streptogramin b	Resistant	2	erm(B) (erm(B)_X72021), erm(B) (erm(B)_JN899585)
079Cs-CMPN001x10_260114_LH00793_B23GCKKLT3	pristinamycin ia	streptogramin b	Resistant	2	erm(B) (erm(B)_X72021), erm(B) (erm(B)_JN899585)
079Cs-CMPN001x10_260114_LH00793_B23GCKKLT3	virginiamycin s	streptogramin b	Resistant	2	erm(B) (erm(B)_X72021), erm(B) (erm(B)_JN899585)
079Cs-CMPN001x10_260114_LH00793_B23GCKKLT3	linezolid	oxazolidinone	No resistance	0	
079Cs-CMPN001x10_260114_LH00793_B23GCKKLT3	chloramphenicol	amphenicol	No resistance	0	
079Cs-CMPN001x10_260114_LH00793_B23GCKKLT3	florfenicol	amphenicol	No resistance	0	
079Cs-CMPN001x10_260114_LH00793_B23GCKKLT3	colistin	polymyxin	No resistance	0	
079Cs-CMPN001x10_260114_LH00793_B23GCKKLT3	fusidic acid	steroid antibacterial	No resistance	0	
079Cs-CMPN001x10_260114_LH00793_B23GCKKLT3	mupirocin	pseudomonic acid	No resistance	0	
079Cs-CMPN001x10_260114_LH00793_B23GCKKLT3	rifampicin	rifamycin	No resistance	0	
079Cs-CMPN001x10_260114_LH00793_B23GCKKLT3	metronidazole	nitroimidazole	No resistance	0	
079Cs-CMPN001x10_260114_LH00793_B23GCKKLT3	narasin	ionophores	No resistance	0	
079Cs-CMPN001x10_260114_LH00793_B23GCKKLT3	salinomycin	ionophores	No resistance	0	
079Cs-CMPN001x10_260114_LH00793_B23GCKKLT3	maduramicin	ionophores	No resistance	0	
079Ps-CMPN001x41_260114_LH00793_B23GCKKLT3	gentamicin	aminoglycoside	No resistance	0	
079Ps-CMPN001x41_260114_LH00793_B23GCKKLT3	tobramycin	aminoglycoside	No resistance	0	
079Ps-CMPN001x41_260114_LH00793_B23GCKKLT3	streptomycin	aminoglycoside	No resistance	0	
079Ps-CMPN001x41_260114_LH00793_B23GCKKLT3	amikacin	aminoglycoside	No resistance	0	
079Ps-CMPN001x41_260114_LH00793_B23GCKKLT3	isepamicin	aminoglycoside	No resistance	0	
079Ps-CMPN001x41_260114_LH00793_B23GCKKLT3	dibekacin	aminoglycoside	No resistance	0	
079Ps-CMPN001x41_260114_LH00793_B23GCKKLT3	kanamycin	aminoglycoside	No resistance	0	
079Ps-CMPN001x41_260114_LH00793_B23GCKKLT3	neomycin	aminoglycoside	No resistance	0	
079Ps-CMPN001x41_260114_LH00793_B23GCKKLT3	lividomycin	aminoglycoside	No resistance	0	
079Ps-CMPN001x41_260114_LH00793_B23GCKKLT3	paromomycin	aminoglycoside	No resistance	0	
079Ps-CMPN001x41_260114_LH00793_B23GCKKLT3	ribostamycin	aminoglycoside	No resistance	0	
079Ps-CMPN001x41_260114_LH00793_B23GCKKLT3	unknown aminoglycoside	aminoglycoside	No resistance	0	
079Ps-CMPN001x41_260114_LH00793_B23GCKKLT3	butiromycin	aminoglycoside	No resistance	0	
079Ps-CMPN001x41_260114_LH00793_B23GCKKLT3	butirosin	aminoglycoside	No resistance	0	
079Ps-CMPN001x41_260114_LH00793_B23GCKKLT3	hygromycin	aminoglycoside	No resistance	0	
079Ps-CMPN001x41_260114_LH00793_B23GCKKLT3	netilmicin	aminoglycoside	No resistance	0	
079Ps-CMPN001x41_260114_LH00793_B23GCKKLT3	apramycin	aminoglycoside	No resistance	0	
079Ps-CMPN001x41_260114_LH00793_B23GCKKLT3	sisomicin	aminoglycoside	No resistance	0	
079Ps-CMPN001x41_260114_LH00793_B23GCKKLT3	arbekacin	aminoglycoside	No resistance	0	
079Ps-CMPN001x41_260114_LH00793_B23GCKKLT3	kasugamycin	aminoglycoside	No resistance	0	
079Ps-CMPN001x41_260114_LH00793_B23GCKKLT3	astromicin	aminoglycoside	No resistance	0	
079Ps-CMPN001x41_260114_LH00793_B23GCKKLT3	fortimicin	aminoglycoside	No resistance	0	
079Ps-CMPN001x41_260114_LH00793_B23GCKKLT3	spectinomycin	aminocyclitol	No resistance	0	
079Ps-CMPN001x41_260114_LH00793_B23GCKKLT3	fluoroquinolone	quinolone	No resistance	0	
079Ps-CMPN001x41_260114_LH00793_B23GCKKLT3	ciprofloxacin	quinolone	No resistance	0	
079Ps-CMPN001x41_260114_LH00793_B23GCKKLT3	unknown quinolone	quinolone	No resistance	0	
079Ps-CMPN001x41_260114_LH00793_B23GCKKLT3	nalidixic acid	quinolone	No resistance	0	
079Ps-CMPN001x41_260114_LH00793_B23GCKKLT3	amoxicillin	beta-lactam	No resistance	0	
079Ps-CMPN001x41_260114_LH00793_B23GCKKLT3	amoxicillin+clavulanic acid	beta-lactam	No resistance	0	
079Ps-CMPN001x41_260114_LH00793_B23GCKKLT3	ampicillin	beta-lactam	No resistance	0	
079Ps-CMPN001x41_260114_LH00793_B23GCKKLT3	ampicillin+clavulanic acid	beta-lactam	No resistance	0	
079Ps-CMPN001x41_260114_LH00793_B23GCKKLT3	cefepime	beta-lactam	No resistance	0	
079Ps-CMPN001x41_260114_LH00793_B23GCKKLT3	cefixime	beta-lactam	No resistance	0	
079Ps-CMPN001x41_260114_LH00793_B23GCKKLT3	cefotaxime	beta-lactam	No resistance	0	
079Ps-CMPN001x41_260114_LH00793_B23GCKKLT3	cefoxitin	beta-lactam	No resistance	0	
079Ps-CMPN001x41_260114_LH00793_B23GCKKLT3	ceftazidime	beta-lactam	No resistance	0	
079Ps-CMPN001x41_260114_LH00793_B23GCKKLT3	ertapenem	beta-lactam	No resistance	0	
079Ps-CMPN001x41_260114_LH00793_B23GCKKLT3	imipenem	beta-lactam	No resistance	0	
079Ps-CMPN001x41_260114_LH00793_B23GCKKLT3	meropenem	beta-lactam	No resistance	0	
079Ps-CMPN001x41_260114_LH00793_B23GCKKLT3	piperacillin	beta-lactam	No resistance	0	
079Ps-CMPN001x41_260114_LH00793_B23GCKKLT3	piperacillin+tazobactam	beta-lactam	No resistance	0	
079Ps-CMPN001x41_260114_LH00793_B23GCKKLT3	unknown beta-lactam	beta-lactam	No resistance	0	
079Ps-CMPN001x41_260114_LH00793_B23GCKKLT3	aztreonam	beta-lactam	No resistance	0	
079Ps-CMPN001x41_260114_LH00793_B23GCKKLT3	cefotaxime+clavulanic acid	beta-lactam	No resistance	0	
079Ps-CMPN001x41_260114_LH00793_B23GCKKLT3	temocillin	beta-lactam	No resistance	0	
079Ps-CMPN001x41_260114_LH00793_B23GCKKLT3	ticarcillin	beta-lactam	No resistance	0	
079Ps-CMPN001x41_260114_LH00793_B23GCKKLT3	ceftazidime+avibactam	beta-lactam	No resistance	0	
079Ps-CMPN001x41_260114_LH00793_B23GCKKLT3	penicillin	beta-lactam	No resistance	0	
079Ps-CMPN001x41_260114_LH00793_B23GCKKLT3	ceftriaxone	beta-lactam	No resistance	0	
079Ps-CMPN001x41_260114_LH00793_B23GCKKLT3	ticarcillin+clavulanic acid	beta-lactam	No resistance	0	
079Ps-CMPN001x41_260114_LH00793_B23GCKKLT3	cephalothin	beta-lactam	No resistance	0	
079Ps-CMPN001x41_260114_LH00793_B23GCKKLT3	piperacillin+clavulanic acid	beta-lactam	No resistance	0	
079Ps-CMPN001x41_260114_LH00793_B23GCKKLT3	ceftiofur	under_development	No resistance	0	
079Ps-CMPN001x41_260114_LH00793_B23GCKKLT3	sulfamethoxazole	folate pathway antagonist	No resistance	0	
079Ps-CMPN001x41_260114_LH00793_B23GCKKLT3	trimethoprim	folate pathway antagonist	No resistance	0	
079Ps-CMPN001x41_260114_LH00793_B23GCKKLT3	fosfomycin	fosfomycin	No resistance	0	
079Ps-CMPN001x41_260114_LH00793_B23GCKKLT3	vancomycin	glycopeptide	No resistance	0	
079Ps-CMPN001x41_260114_LH00793_B23GCKKLT3	teicoplanin	glycopeptide	No resistance	0	
079Ps-CMPN001x41_260114_LH00793_B23GCKKLT3	bleomycin	glycopeptide	No resistance	0	
079Ps-CMPN001x41_260114_LH00793_B23GCKKLT3	lincomycin	lincosamide	No resistance	0	
079Ps-CMPN001x41_260114_LH00793_B23GCKKLT3	clindamycin	lincosamide	No resistance	0	
079Ps-CMPN001x41_260114_LH00793_B23GCKKLT3	dalfopristin	streptogramin a	No resistance	0	
079Ps-CMPN001x41_260114_LH00793_B23GCKKLT3	pristinamycin iia	streptogramin a	No resistance	0	
079Ps-CMPN001x41_260114_LH00793_B23GCKKLT3	virginiamycin m	streptogramin a	No resistance	0	
079Ps-CMPN001x41_260114_LH00793_B23GCKKLT3	quinupristin+dalfopristin	streptogramin a	No resistance	0	
079Ps-CMPN001x41_260114_LH00793_B23GCKKLT3	tiamulin	pleuromutilin	No resistance	0	
079Ps-CMPN001x41_260114_LH00793_B23GCKKLT3	carbomycin	macrolide	No resistance	0	
079Ps-CMPN001x41_260114_LH00793_B23GCKKLT3	erythromycin	macrolide	Resistant	3	msr(D) (msr(D)_AF274302), mef(A) (mef(A)_U83667)
079Ps-CMPN001x41_260114_LH00793_B23GCKKLT3	azithromycin	macrolide	Resistant	3	msr(D) (msr(D)_AF274302), mef(A) (mef(A)_U83667)
079Ps-CMPN001x41_260114_LH00793_B23GCKKLT3	oleandomycin	macrolide	No resistance	0	
079Ps-CMPN001x41_260114_LH00793_B23GCKKLT3	spiramycin	macrolide	No resistance	0	
079Ps-CMPN001x41_260114_LH00793_B23GCKKLT3	tylosin	macrolide	No resistance	0	
079Ps-CMPN001x41_260114_LH00793_B23GCKKLT3	telithromycin	macrolide	Resistant	2	msr(D) (msr(D)_AF274302)
079Ps-CMPN001x41_260114_LH00793_B23GCKKLT3	tetracycline	tetracycline	No resistance	0	
079Ps-CMPN001x41_260114_LH00793_B23GCKKLT3	doxycycline	tetracycline	No resistance	0	
079Ps-CMPN001x41_260114_LH00793_B23GCKKLT3	minocycline	tetracycline	No resistance	0	
079Ps-CMPN001x41_260114_LH00793_B23GCKKLT3	tigecycline	tetracycline	No resistance	0	
079Ps-CMPN001x41_260114_LH00793_B23GCKKLT3	quinupristin	streptogramin b	Resistant	2	msr(D) (msr(D)_AF274302)
079Ps-CMPN001x41_260114_LH00793_B23GCKKLT3	pristinamycin ia	streptogramin b	Resistant	2	msr(D) (msr(D)_AF274302)
079Ps-CMPN001x41_260114_LH00793_B23GCKKLT3	virginiamycin s	streptogramin b	Resistant	2	msr(D) (msr(D)_AF274302)
079Ps-CMPN001x41_260114_LH00793_B23GCKKLT3	linezolid	oxazolidinone	No resistance	0	
079Ps-CMPN001x41_260114_LH00793_B23GCKKLT3	chloramphenicol	amphenicol	No resistance	0	
079Ps-CMPN001x41_260114_LH00793_B23GCKKLT3	florfenicol	amphenicol	No resistance	0	
079Ps-CMPN001x41_260114_LH00793_B23GCKKLT3	colistin	polymyxin	No resistance	0	
079Ps-CMPN001x41_260114_LH00793_B23GCKKLT3	fusidic acid	steroid antibacterial	No resistance	0	
079Ps-CMPN001x41_260114_LH00793_B23GCKKLT3	mupirocin	pseudomonic acid	No resistance	0	
079Ps-CMPN001x41_260114_LH00793_B23GCKKLT3	rifampicin	rifamycin	No resistance	0	
079Ps-CMPN001x41_260114_LH00793_B23GCKKLT3	metronidazole	nitroimidazole	No resistance	0	
079Ps-CMPN001x41_260114_LH00793_B23GCKKLT3	narasin	ionophores	No resistance	0	
079Ps-CMPN001x41_260114_LH00793_B23GCKKLT3	salinomycin	ionophores	No resistance	0	
079Ps-CMPN001x41_260114_LH00793_B23GCKKLT3	maduramicin	ionophores	No resistance	0	
083Cg-CMPN001x11_260114_LH00793_B23GCKKLT3	gentamicin	aminoglycoside	No resistance	0	
083Cg-CMPN001x11_260114_LH00793_B23GCKKLT3	tobramycin	aminoglycoside	No resistance	0	
083Cg-CMPN001x11_260114_LH00793_B23GCKKLT3	streptomycin	aminoglycoside	No resistance	0	
083Cg-CMPN001x11_260114_LH00793_B23GCKKLT3	amikacin	aminoglycoside	No resistance	0	
083Cg-CMPN001x11_260114_LH00793_B23GCKKLT3	isepamicin	aminoglycoside	No resistance	0	
083Cg-CMPN001x11_260114_LH00793_B23GCKKLT3	dibekacin	aminoglycoside	No resistance	0	
083Cg-CMPN001x11_260114_LH00793_B23GCKKLT3	kanamycin	aminoglycoside	No resistance	0	
083Cg-CMPN001x11_260114_LH00793_B23GCKKLT3	neomycin	aminoglycoside	No resistance	0	
083Cg-CMPN001x11_260114_LH00793_B23GCKKLT3	lividomycin	aminoglycoside	No resistance	0	
083Cg-CMPN001x11_260114_LH00793_B23GCKKLT3	paromomycin	aminoglycoside	No resistance	0	
083Cg-CMPN001x11_260114_LH00793_B23GCKKLT3	ribostamycin	aminoglycoside	No resistance	0	
083Cg-CMPN001x11_260114_LH00793_B23GCKKLT3	unknown aminoglycoside	aminoglycoside	No resistance	0	
083Cg-CMPN001x11_260114_LH00793_B23GCKKLT3	butiromycin	aminoglycoside	No resistance	0	
083Cg-CMPN001x11_260114_LH00793_B23GCKKLT3	butirosin	aminoglycoside	No resistance	0	
083Cg-CMPN001x11_260114_LH00793_B23GCKKLT3	hygromycin	aminoglycoside	No resistance	0	
083Cg-CMPN001x11_260114_LH00793_B23GCKKLT3	netilmicin	aminoglycoside	No resistance	0	
083Cg-CMPN001x11_260114_LH00793_B23GCKKLT3	apramycin	aminoglycoside	No resistance	0	
083Cg-CMPN001x11_260114_LH00793_B23GCKKLT3	sisomicin	aminoglycoside	No resistance	0	
083Cg-CMPN001x11_260114_LH00793_B23GCKKLT3	arbekacin	aminoglycoside	No resistance	0	
083Cg-CMPN001x11_260114_LH00793_B23GCKKLT3	kasugamycin	aminoglycoside	No resistance	0	
083Cg-CMPN001x11_260114_LH00793_B23GCKKLT3	astromicin	aminoglycoside	No resistance	0	
083Cg-CMPN001x11_260114_LH00793_B23GCKKLT3	fortimicin	aminoglycoside	No resistance	0	
083Cg-CMPN001x11_260114_LH00793_B23GCKKLT3	spectinomycin	aminocyclitol	No resistance	0	
083Cg-CMPN001x11_260114_LH00793_B23GCKKLT3	fluoroquinolone	quinolone	No resistance	0	
083Cg-CMPN001x11_260114_LH00793_B23GCKKLT3	ciprofloxacin	quinolone	No resistance	0	
083Cg-CMPN001x11_260114_LH00793_B23GCKKLT3	unknown quinolone	quinolone	No resistance	0	
083Cg-CMPN001x11_260114_LH00793_B23GCKKLT3	nalidixic acid	quinolone	No resistance	0	
083Cg-CMPN001x11_260114_LH00793_B23GCKKLT3	amoxicillin	beta-lactam	No resistance	0	
083Cg-CMPN001x11_260114_LH00793_B23GCKKLT3	amoxicillin+clavulanic acid	beta-lactam	No resistance	0	
083Cg-CMPN001x11_260114_LH00793_B23GCKKLT3	ampicillin	beta-lactam	No resistance	0	
083Cg-CMPN001x11_260114_LH00793_B23GCKKLT3	ampicillin+clavulanic acid	beta-lactam	No resistance	0	
083Cg-CMPN001x11_260114_LH00793_B23GCKKLT3	cefepime	beta-lactam	No resistance	0	
083Cg-CMPN001x11_260114_LH00793_B23GCKKLT3	cefixime	beta-lactam	No resistance	0	
083Cg-CMPN001x11_260114_LH00793_B23GCKKLT3	cefotaxime	beta-lactam	No resistance	0	
083Cg-CMPN001x11_260114_LH00793_B23GCKKLT3	cefoxitin	beta-lactam	No resistance	0	
083Cg-CMPN001x11_260114_LH00793_B23GCKKLT3	ceftazidime	beta-lactam	No resistance	0	
083Cg-CMPN001x11_260114_LH00793_B23GCKKLT3	ertapenem	beta-lactam	No resistance	0	
083Cg-CMPN001x11_260114_LH00793_B23GCKKLT3	imipenem	beta-lactam	No resistance	0	
083Cg-CMPN001x11_260114_LH00793_B23GCKKLT3	meropenem	beta-lactam	No resistance	0	
083Cg-CMPN001x11_260114_LH00793_B23GCKKLT3	piperacillin	beta-lactam	No resistance	0	
083Cg-CMPN001x11_260114_LH00793_B23GCKKLT3	piperacillin+tazobactam	beta-lactam	No resistance	0	
083Cg-CMPN001x11_260114_LH00793_B23GCKKLT3	unknown beta-lactam	beta-lactam	No resistance	0	
083Cg-CMPN001x11_260114_LH00793_B23GCKKLT3	aztreonam	beta-lactam	No resistance	0	
083Cg-CMPN001x11_260114_LH00793_B23GCKKLT3	cefotaxime+clavulanic acid	beta-lactam	No resistance	0	
083Cg-CMPN001x11_260114_LH00793_B23GCKKLT3	temocillin	beta-lactam	No resistance	0	
083Cg-CMPN001x11_260114_LH00793_B23GCKKLT3	ticarcillin	beta-lactam	No resistance	0	
083Cg-CMPN001x11_260114_LH00793_B23GCKKLT3	ceftazidime+avibactam	beta-lactam	No resistance	0	
083Cg-CMPN001x11_260114_LH00793_B23GCKKLT3	penicillin	beta-lactam	No resistance	0	
083Cg-CMPN001x11_260114_LH00793_B23GCKKLT3	ceftriaxone	beta-lactam	No resistance	0	
083Cg-CMPN001x11_260114_LH00793_B23GCKKLT3	ticarcillin+clavulanic acid	beta-lactam	No resistance	0	
083Cg-CMPN001x11_260114_LH00793_B23GCKKLT3	cephalothin	beta-lactam	No resistance	0	
083Cg-CMPN001x11_260114_LH00793_B23GCKKLT3	piperacillin+clavulanic acid	beta-lactam	No resistance	0	
083Cg-CMPN001x11_260114_LH00793_B23GCKKLT3	ceftiofur	under_development	No resistance	0	
083Cg-CMPN001x11_260114_LH00793_B23GCKKLT3	sulfamethoxazole	folate pathway antagonist	No resistance	0	
083Cg-CMPN001x11_260114_LH00793_B23GCKKLT3	trimethoprim	folate pathway antagonist	No resistance	0	
083Cg-CMPN001x11_260114_LH00793_B23GCKKLT3	fosfomycin	fosfomycin	No resistance	0	
083Cg-CMPN001x11_260114_LH00793_B23GCKKLT3	vancomycin	glycopeptide	No resistance	0	
083Cg-CMPN001x11_260114_LH00793_B23GCKKLT3	teicoplanin	glycopeptide	No resistance	0	
083Cg-CMPN001x11_260114_LH00793_B23GCKKLT3	bleomycin	glycopeptide	No resistance	0	
083Cg-CMPN001x11_260114_LH00793_B23GCKKLT3	lincomycin	lincosamide	Resistant	3	erm(B) (erm(B)_U86375)
083Cg-CMPN001x11_260114_LH00793_B23GCKKLT3	clindamycin	lincosamide	Resistant	3	erm(B) (erm(B)_U86375)
083Cg-CMPN001x11_260114_LH00793_B23GCKKLT3	dalfopristin	streptogramin a	No resistance	0	
083Cg-CMPN001x11_260114_LH00793_B23GCKKLT3	pristinamycin iia	streptogramin a	No resistance	0	
083Cg-CMPN001x11_260114_LH00793_B23GCKKLT3	virginiamycin m	streptogramin a	No resistance	0	
083Cg-CMPN001x11_260114_LH00793_B23GCKKLT3	quinupristin+dalfopristin	streptogramin a	No resistance	0	
083Cg-CMPN001x11_260114_LH00793_B23GCKKLT3	tiamulin	pleuromutilin	No resistance	0	
083Cg-CMPN001x11_260114_LH00793_B23GCKKLT3	carbomycin	macrolide	No resistance	0	
083Cg-CMPN001x11_260114_LH00793_B23GCKKLT3	erythromycin	macrolide	Resistant	3	erm(B) (erm(B)_U86375)
083Cg-CMPN001x11_260114_LH00793_B23GCKKLT3	azithromycin	macrolide	No resistance	0	
083Cg-CMPN001x11_260114_LH00793_B23GCKKLT3	oleandomycin	macrolide	No resistance	0	
083Cg-CMPN001x11_260114_LH00793_B23GCKKLT3	spiramycin	macrolide	No resistance	0	
083Cg-CMPN001x11_260114_LH00793_B23GCKKLT3	tylosin	macrolide	No resistance	0	
083Cg-CMPN001x11_260114_LH00793_B23GCKKLT3	telithromycin	macrolide	No resistance	0	
083Cg-CMPN001x11_260114_LH00793_B23GCKKLT3	tetracycline	tetracycline	Resistant	2	tet(M) (tet(M)_X75073)
083Cg-CMPN001x11_260114_LH00793_B23GCKKLT3	doxycycline	tetracycline	Resistant	2	tet(M) (tet(M)_X75073)
083Cg-CMPN001x11_260114_LH00793_B23GCKKLT3	minocycline	tetracycline	Resistant	2	tet(M) (tet(M)_X75073)
083Cg-CMPN001x11_260114_LH00793_B23GCKKLT3	tigecycline	tetracycline	No resistance	0	
083Cg-CMPN001x11_260114_LH00793_B23GCKKLT3	quinupristin	streptogramin b	Resistant	3	erm(B) (erm(B)_U86375)
083Cg-CMPN001x11_260114_LH00793_B23GCKKLT3	pristinamycin ia	streptogramin b	Resistant	3	erm(B) (erm(B)_U86375)
083Cg-CMPN001x11_260114_LH00793_B23GCKKLT3	virginiamycin s	streptogramin b	Resistant	3	erm(B) (erm(B)_U86375)
083Cg-CMPN001x11_260114_LH00793_B23GCKKLT3	linezolid	oxazolidinone	No resistance	0	
083Cg-CMPN001x11_260114_LH00793_B23GCKKLT3	chloramphenicol	amphenicol	No resistance	0	
083Cg-CMPN001x11_260114_LH00793_B23GCKKLT3	florfenicol	amphenicol	No resistance	0	
083Cg-CMPN001x11_260114_LH00793_B23GCKKLT3	colistin	polymyxin	No resistance	0	
083Cg-CMPN001x11_260114_LH00793_B23GCKKLT3	fusidic acid	steroid antibacterial	No resistance	0	
083Cg-CMPN001x11_260114_LH00793_B23GCKKLT3	mupirocin	pseudomonic acid	No resistance	0	
083Cg-CMPN001x11_260114_LH00793_B23GCKKLT3	rifampicin	rifamycin	No resistance	0	
083Cg-CMPN001x11_260114_LH00793_B23GCKKLT3	metronidazole	nitroimidazole	No resistance	0	
083Cg-CMPN001x11_260114_LH00793_B23GCKKLT3	narasin	ionophores	No resistance	0	
083Cg-CMPN001x11_260114_LH00793_B23GCKKLT3	salinomycin	ionophores	No resistance	0	
083Cg-CMPN001x11_260114_LH00793_B23GCKKLT3	maduramicin	ionophores	No resistance	0	
089Cs-CMPN001x12_260114_LH00793_B23GCKKLT3	gentamicin	aminoglycoside	No resistance	0	
089Cs-CMPN001x12_260114_LH00793_B23GCKKLT3	tobramycin	aminoglycoside	No resistance	0	
089Cs-CMPN001x12_260114_LH00793_B23GCKKLT3	streptomycin	aminoglycoside	No resistance	0	
089Cs-CMPN001x12_260114_LH00793_B23GCKKLT3	amikacin	aminoglycoside	No resistance	0	
089Cs-CMPN001x12_260114_LH00793_B23GCKKLT3	isepamicin	aminoglycoside	No resistance	0	
089Cs-CMPN001x12_260114_LH00793_B23GCKKLT3	dibekacin	aminoglycoside	No resistance	0	
089Cs-CMPN001x12_260114_LH00793_B23GCKKLT3	kanamycin	aminoglycoside	No resistance	0	
089Cs-CMPN001x12_260114_LH00793_B23GCKKLT3	neomycin	aminoglycoside	No resistance	0	
089Cs-CMPN001x12_260114_LH00793_B23GCKKLT3	lividomycin	aminoglycoside	No resistance	0	
089Cs-CMPN001x12_260114_LH00793_B23GCKKLT3	paromomycin	aminoglycoside	No resistance	0	
089Cs-CMPN001x12_260114_LH00793_B23GCKKLT3	ribostamycin	aminoglycoside	No resistance	0	
089Cs-CMPN001x12_260114_LH00793_B23GCKKLT3	unknown aminoglycoside	aminoglycoside	No resistance	0	
089Cs-CMPN001x12_260114_LH00793_B23GCKKLT3	butiromycin	aminoglycoside	No resistance	0	
089Cs-CMPN001x12_260114_LH00793_B23GCKKLT3	butirosin	aminoglycoside	No resistance	0	
089Cs-CMPN001x12_260114_LH00793_B23GCKKLT3	hygromycin	aminoglycoside	No resistance	0	
089Cs-CMPN001x12_260114_LH00793_B23GCKKLT3	netilmicin	aminoglycoside	No resistance	0	
089Cs-CMPN001x12_260114_LH00793_B23GCKKLT3	apramycin	aminoglycoside	No resistance	0	
089Cs-CMPN001x12_260114_LH00793_B23GCKKLT3	sisomicin	aminoglycoside	No resistance	0	
089Cs-CMPN001x12_260114_LH00793_B23GCKKLT3	arbekacin	aminoglycoside	No resistance	0	
089Cs-CMPN001x12_260114_LH00793_B23GCKKLT3	kasugamycin	aminoglycoside	No resistance	0	
089Cs-CMPN001x12_260114_LH00793_B23GCKKLT3	astromicin	aminoglycoside	No resistance	0	
089Cs-CMPN001x12_260114_LH00793_B23GCKKLT3	fortimicin	aminoglycoside	No resistance	0	
089Cs-CMPN001x12_260114_LH00793_B23GCKKLT3	spectinomycin	aminocyclitol	No resistance	0	
089Cs-CMPN001x12_260114_LH00793_B23GCKKLT3	fluoroquinolone	quinolone	No resistance	0	
089Cs-CMPN001x12_260114_LH00793_B23GCKKLT3	ciprofloxacin	quinolone	No resistance	0	
089Cs-CMPN001x12_260114_LH00793_B23GCKKLT3	unknown quinolone	quinolone	No resistance	0	
089Cs-CMPN001x12_260114_LH00793_B23GCKKLT3	nalidixic acid	quinolone	No resistance	0	
089Cs-CMPN001x12_260114_LH00793_B23GCKKLT3	amoxicillin	beta-lactam	No resistance	0	
089Cs-CMPN001x12_260114_LH00793_B23GCKKLT3	amoxicillin+clavulanic acid	beta-lactam	No resistance	0	
089Cs-CMPN001x12_260114_LH00793_B23GCKKLT3	ampicillin	beta-lactam	No resistance	0	
089Cs-CMPN001x12_260114_LH00793_B23GCKKLT3	ampicillin+clavulanic acid	beta-lactam	No resistance	0	
089Cs-CMPN001x12_260114_LH00793_B23GCKKLT3	cefepime	beta-lactam	No resistance	0	
089Cs-CMPN001x12_260114_LH00793_B23GCKKLT3	cefixime	beta-lactam	No resistance	0	
089Cs-CMPN001x12_260114_LH00793_B23GCKKLT3	cefotaxime	beta-lactam	No resistance	0	
089Cs-CMPN001x12_260114_LH00793_B23GCKKLT3	cefoxitin	beta-lactam	No resistance	0	
089Cs-CMPN001x12_260114_LH00793_B23GCKKLT3	ceftazidime	beta-lactam	No resistance	0	
089Cs-CMPN001x12_260114_LH00793_B23GCKKLT3	ertapenem	beta-lactam	No resistance	0	
089Cs-CMPN001x12_260114_LH00793_B23GCKKLT3	imipenem	beta-lactam	No resistance	0	
089Cs-CMPN001x12_260114_LH00793_B23GCKKLT3	meropenem	beta-lactam	No resistance	0	
089Cs-CMPN001x12_260114_LH00793_B23GCKKLT3	piperacillin	beta-lactam	No resistance	0	
089Cs-CMPN001x12_260114_LH00793_B23GCKKLT3	piperacillin+tazobactam	beta-lactam	No resistance	0	
089Cs-CMPN001x12_260114_LH00793_B23GCKKLT3	unknown beta-lactam	beta-lactam	No resistance	0	
089Cs-CMPN001x12_260114_LH00793_B23GCKKLT3	aztreonam	beta-lactam	No resistance	0	
089Cs-CMPN001x12_260114_LH00793_B23GCKKLT3	cefotaxime+clavulanic acid	beta-lactam	No resistance	0	
089Cs-CMPN001x12_260114_LH00793_B23GCKKLT3	temocillin	beta-lactam	No resistance	0	
089Cs-CMPN001x12_260114_LH00793_B23GCKKLT3	ticarcillin	beta-lactam	No resistance	0	
089Cs-CMPN001x12_260114_LH00793_B23GCKKLT3	ceftazidime+avibactam	beta-lactam	No resistance	0	
089Cs-CMPN001x12_260114_LH00793_B23GCKKLT3	penicillin	beta-lactam	No resistance	0	
089Cs-CMPN001x12_260114_LH00793_B23GCKKLT3	ceftriaxone	beta-lactam	No resistance	0	
089Cs-CMPN001x12_260114_LH00793_B23GCKKLT3	ticarcillin+clavulanic acid	beta-lactam	No resistance	0	
089Cs-CMPN001x12_260114_LH00793_B23GCKKLT3	cephalothin	beta-lactam	No resistance	0	
089Cs-CMPN001x12_260114_LH00793_B23GCKKLT3	piperacillin+clavulanic acid	beta-lactam	No resistance	0	
089Cs-CMPN001x12_260114_LH00793_B23GCKKLT3	ceftiofur	under_development	No resistance	0	
089Cs-CMPN001x12_260114_LH00793_B23GCKKLT3	sulfamethoxazole	folate pathway antagonist	No resistance	0	
089Cs-CMPN001x12_260114_LH00793_B23GCKKLT3	trimethoprim	folate pathway antagonist	No resistance	0	
089Cs-CMPN001x12_260114_LH00793_B23GCKKLT3	fosfomycin	fosfomycin	No resistance	0	
089Cs-CMPN001x12_260114_LH00793_B23GCKKLT3	vancomycin	glycopeptide	No resistance	0	
089Cs-CMPN001x12_260114_LH00793_B23GCKKLT3	teicoplanin	glycopeptide	No resistance	0	
089Cs-CMPN001x12_260114_LH00793_B23GCKKLT3	bleomycin	glycopeptide	No resistance	0	
089Cs-CMPN001x12_260114_LH00793_B23GCKKLT3	lincomycin	lincosamide	Resistant	3	erm(B) (erm(B)_U86375)
089Cs-CMPN001x12_260114_LH00793_B23GCKKLT3	clindamycin	lincosamide	Resistant	3	erm(B) (erm(B)_U86375)
089Cs-CMPN001x12_260114_LH00793_B23GCKKLT3	dalfopristin	streptogramin a	No resistance	0	
089Cs-CMPN001x12_260114_LH00793_B23GCKKLT3	pristinamycin iia	streptogramin a	No resistance	0	
089Cs-CMPN001x12_260114_LH00793_B23GCKKLT3	virginiamycin m	streptogramin a	No resistance	0	
089Cs-CMPN001x12_260114_LH00793_B23GCKKLT3	quinupristin+dalfopristin	streptogramin a	No resistance	0	
089Cs-CMPN001x12_260114_LH00793_B23GCKKLT3	tiamulin	pleuromutilin	No resistance	0	
089Cs-CMPN001x12_260114_LH00793_B23GCKKLT3	carbomycin	macrolide	No resistance	0	
089Cs-CMPN001x12_260114_LH00793_B23GCKKLT3	erythromycin	macrolide	Resistant	3	erm(B) (erm(B)_U86375)
089Cs-CMPN001x12_260114_LH00793_B23GCKKLT3	azithromycin	macrolide	No resistance	0	
089Cs-CMPN001x12_260114_LH00793_B23GCKKLT3	oleandomycin	macrolide	No resistance	0	
089Cs-CMPN001x12_260114_LH00793_B23GCKKLT3	spiramycin	macrolide	No resistance	0	
089Cs-CMPN001x12_260114_LH00793_B23GCKKLT3	tylosin	macrolide	No resistance	0	
089Cs-CMPN001x12_260114_LH00793_B23GCKKLT3	telithromycin	macrolide	No resistance	0	
089Cs-CMPN001x12_260114_LH00793_B23GCKKLT3	tetracycline	tetracycline	Resistant	3	tet(M) (tet(M)_AM990992)
089Cs-CMPN001x12_260114_LH00793_B23GCKKLT3	doxycycline	tetracycline	Resistant	3	tet(M) (tet(M)_AM990992)
089Cs-CMPN001x12_260114_LH00793_B23GCKKLT3	minocycline	tetracycline	Resistant	3	tet(M) (tet(M)_AM990992)
089Cs-CMPN001x12_260114_LH00793_B23GCKKLT3	tigecycline	tetracycline	No resistance	0	
089Cs-CMPN001x12_260114_LH00793_B23GCKKLT3	quinupristin	streptogramin b	Resistant	3	erm(B) (erm(B)_U86375)
089Cs-CMPN001x12_260114_LH00793_B23GCKKLT3	pristinamycin ia	streptogramin b	Resistant	3	erm(B) (erm(B)_U86375)
089Cs-CMPN001x12_260114_LH00793_B23GCKKLT3	virginiamycin s	streptogramin b	Resistant	3	erm(B) (erm(B)_U86375)
089Cs-CMPN001x12_260114_LH00793_B23GCKKLT3	linezolid	oxazolidinone	No resistance	0	
089Cs-CMPN001x12_260114_LH00793_B23GCKKLT3	chloramphenicol	amphenicol	No resistance	0	
089Cs-CMPN001x12_260114_LH00793_B23GCKKLT3	florfenicol	amphenicol	No resistance	0	
089Cs-CMPN001x12_260114_LH00793_B23GCKKLT3	colistin	polymyxin	No resistance	0	
089Cs-CMPN001x12_260114_LH00793_B23GCKKLT3	fusidic acid	steroid antibacterial	No resistance	0	
089Cs-CMPN001x12_260114_LH00793_B23GCKKLT3	mupirocin	pseudomonic acid	No resistance	0	
089Cs-CMPN001x12_260114_LH00793_B23GCKKLT3	rifampicin	rifamycin	No resistance	0	
089Cs-CMPN001x12_260114_LH00793_B23GCKKLT3	metronidazole	nitroimidazole	No resistance	0	
089Cs-CMPN001x12_260114_LH00793_B23GCKKLT3	narasin	ionophores	No resistance	0	
089Cs-CMPN001x12_260114_LH00793_B23GCKKLT3	salinomycin	ionophores	No resistance	0	
089Cs-CMPN001x12_260114_LH00793_B23GCKKLT3	maduramicin	ionophores	No resistance	0	
090Am-CMPN001x54_260114_LH00793_B23GCKKLT3	gentamicin	aminoglycoside	No resistance	0	
090Am-CMPN001x54_260114_LH00793_B23GCKKLT3	tobramycin	aminoglycoside	No resistance	0	
090Am-CMPN001x54_260114_LH00793_B23GCKKLT3	streptomycin	aminoglycoside	No resistance	0	
090Am-CMPN001x54_260114_LH00793_B23GCKKLT3	amikacin	aminoglycoside	No resistance	0	
090Am-CMPN001x54_260114_LH00793_B23GCKKLT3	isepamicin	aminoglycoside	No resistance	0	
090Am-CMPN001x54_260114_LH00793_B23GCKKLT3	dibekacin	aminoglycoside	No resistance	0	
090Am-CMPN001x54_260114_LH00793_B23GCKKLT3	kanamycin	aminoglycoside	No resistance	0	
090Am-CMPN001x54_260114_LH00793_B23GCKKLT3	neomycin	aminoglycoside	No resistance	0	
090Am-CMPN001x54_260114_LH00793_B23GCKKLT3	lividomycin	aminoglycoside	No resistance	0	
090Am-CMPN001x54_260114_LH00793_B23GCKKLT3	paromomycin	aminoglycoside	No resistance	0	
090Am-CMPN001x54_260114_LH00793_B23GCKKLT3	ribostamycin	aminoglycoside	No resistance	0	
090Am-CMPN001x54_260114_LH00793_B23GCKKLT3	unknown aminoglycoside	aminoglycoside	No resistance	0	
090Am-CMPN001x54_260114_LH00793_B23GCKKLT3	butiromycin	aminoglycoside	No resistance	0	
090Am-CMPN001x54_260114_LH00793_B23GCKKLT3	butirosin	aminoglycoside	No resistance	0	
090Am-CMPN001x54_260114_LH00793_B23GCKKLT3	hygromycin	aminoglycoside	No resistance	0	
090Am-CMPN001x54_260114_LH00793_B23GCKKLT3	netilmicin	aminoglycoside	No resistance	0	
090Am-CMPN001x54_260114_LH00793_B23GCKKLT3	apramycin	aminoglycoside	No resistance	0	
090Am-CMPN001x54_260114_LH00793_B23GCKKLT3	sisomicin	aminoglycoside	No resistance	0	
090Am-CMPN001x54_260114_LH00793_B23GCKKLT3	arbekacin	aminoglycoside	No resistance	0	
090Am-CMPN001x54_260114_LH00793_B23GCKKLT3	kasugamycin	aminoglycoside	No resistance	0	
090Am-CMPN001x54_260114_LH00793_B23GCKKLT3	astromicin	aminoglycoside	No resistance	0	
090Am-CMPN001x54_260114_LH00793_B23GCKKLT3	fortimicin	aminoglycoside	No resistance	0	
090Am-CMPN001x54_260114_LH00793_B23GCKKLT3	spectinomycin	aminocyclitol	No resistance	0	
090Am-CMPN001x54_260114_LH00793_B23GCKKLT3	fluoroquinolone	quinolone	No resistance	0	
090Am-CMPN001x54_260114_LH00793_B23GCKKLT3	ciprofloxacin	quinolone	No resistance	0	
090Am-CMPN001x54_260114_LH00793_B23GCKKLT3	unknown quinolone	quinolone	No resistance	0	
090Am-CMPN001x54_260114_LH00793_B23GCKKLT3	nalidixic acid	quinolone	No resistance	0	
090Am-CMPN001x54_260114_LH00793_B23GCKKLT3	amoxicillin	beta-lactam	No resistance	0	
090Am-CMPN001x54_260114_LH00793_B23GCKKLT3	amoxicillin+clavulanic acid	beta-lactam	No resistance	0	
090Am-CMPN001x54_260114_LH00793_B23GCKKLT3	ampicillin	beta-lactam	No resistance	0	
090Am-CMPN001x54_260114_LH00793_B23GCKKLT3	ampicillin+clavulanic acid	beta-lactam	No resistance	0	
090Am-CMPN001x54_260114_LH00793_B23GCKKLT3	cefepime	beta-lactam	No resistance	0	
090Am-CMPN001x54_260114_LH00793_B23GCKKLT3	cefixime	beta-lactam	No resistance	0	
090Am-CMPN001x54_260114_LH00793_B23GCKKLT3	cefotaxime	beta-lactam	No resistance	0	
090Am-CMPN001x54_260114_LH00793_B23GCKKLT3	cefoxitin	beta-lactam	No resistance	0	
090Am-CMPN001x54_260114_LH00793_B23GCKKLT3	ceftazidime	beta-lactam	No resistance	0	
090Am-CMPN001x54_260114_LH00793_B23GCKKLT3	ertapenem	beta-lactam	No resistance	0	
090Am-CMPN001x54_260114_LH00793_B23GCKKLT3	imipenem	beta-lactam	No resistance	0	
090Am-CMPN001x54_260114_LH00793_B23GCKKLT3	meropenem	beta-lactam	No resistance	0	
090Am-CMPN001x54_260114_LH00793_B23GCKKLT3	piperacillin	beta-lactam	No resistance	0	
090Am-CMPN001x54_260114_LH00793_B23GCKKLT3	piperacillin+tazobactam	beta-lactam	No resistance	0	
090Am-CMPN001x54_260114_LH00793_B23GCKKLT3	unknown beta-lactam	beta-lactam	No resistance	0	
090Am-CMPN001x54_260114_LH00793_B23GCKKLT3	aztreonam	beta-lactam	No resistance	0	
090Am-CMPN001x54_260114_LH00793_B23GCKKLT3	cefotaxime+clavulanic acid	beta-lactam	No resistance	0	
090Am-CMPN001x54_260114_LH00793_B23GCKKLT3	temocillin	beta-lactam	No resistance	0	
090Am-CMPN001x54_260114_LH00793_B23GCKKLT3	ticarcillin	beta-lactam	No resistance	0	
090Am-CMPN001x54_260114_LH00793_B23GCKKLT3	ceftazidime+avibactam	beta-lactam	No resistance	0	
090Am-CMPN001x54_260114_LH00793_B23GCKKLT3	penicillin	beta-lactam	No resistance	0	
090Am-CMPN001x54_260114_LH00793_B23GCKKLT3	ceftriaxone	beta-lactam	No resistance	0	
090Am-CMPN001x54_260114_LH00793_B23GCKKLT3	ticarcillin+clavulanic acid	beta-lactam	No resistance	0	
090Am-CMPN001x54_260114_LH00793_B23GCKKLT3	cephalothin	beta-lactam	No resistance	0	
090Am-CMPN001x54_260114_LH00793_B23GCKKLT3	piperacillin+clavulanic acid	beta-lactam	No resistance	0	
090Am-CMPN001x54_260114_LH00793_B23GCKKLT3	ceftiofur	under_development	No resistance	0	
090Am-CMPN001x54_260114_LH00793_B23GCKKLT3	sulfamethoxazole	folate pathway antagonist	No resistance	0	
090Am-CMPN001x54_260114_LH00793_B23GCKKLT3	trimethoprim	folate pathway antagonist	No resistance	0	
090Am-CMPN001x54_260114_LH00793_B23GCKKLT3	fosfomycin	fosfomycin	No resistance	0	
090Am-CMPN001x54_260114_LH00793_B23GCKKLT3	vancomycin	glycopeptide	No resistance	0	
090Am-CMPN001x54_260114_LH00793_B23GCKKLT3	teicoplanin	glycopeptide	No resistance	0	
090Am-CMPN001x54_260114_LH00793_B23GCKKLT3	bleomycin	glycopeptide	No resistance	0	
090Am-CMPN001x54_260114_LH00793_B23GCKKLT3	lincomycin	lincosamide	No resistance	0	
090Am-CMPN001x54_260114_LH00793_B23GCKKLT3	clindamycin	lincosamide	No resistance	0	
090Am-CMPN001x54_260114_LH00793_B23GCKKLT3	dalfopristin	streptogramin a	No resistance	0	
090Am-CMPN001x54_260114_LH00793_B23GCKKLT3	pristinamycin iia	streptogramin a	No resistance	0	
090Am-CMPN001x54_260114_LH00793_B23GCKKLT3	virginiamycin m	streptogramin a	No resistance	0	
090Am-CMPN001x54_260114_LH00793_B23GCKKLT3	quinupristin+dalfopristin	streptogramin a	No resistance	0	
090Am-CMPN001x54_260114_LH00793_B23GCKKLT3	tiamulin	pleuromutilin	No resistance	0	
090Am-CMPN001x54_260114_LH00793_B23GCKKLT3	carbomycin	macrolide	No resistance	0	
090Am-CMPN001x54_260114_LH00793_B23GCKKLT3	erythromycin	macrolide	No resistance	0	
090Am-CMPN001x54_260114_LH00793_B23GCKKLT3	azithromycin	macrolide	No resistance	0	
090Am-CMPN001x54_260114_LH00793_B23GCKKLT3	oleandomycin	macrolide	No resistance	0	
090Am-CMPN001x54_260114_LH00793_B23GCKKLT3	spiramycin	macrolide	No resistance	0	
090Am-CMPN001x54_260114_LH00793_B23GCKKLT3	tylosin	macrolide	No resistance	0	
090Am-CMPN001x54_260114_LH00793_B23GCKKLT3	telithromycin	macrolide	No resistance	0	
090Am-CMPN001x54_260114_LH00793_B23GCKKLT3	tetracycline	tetracycline	No resistance	0	
090Am-CMPN001x54_260114_LH00793_B23GCKKLT3	doxycycline	tetracycline	No resistance	0	
090Am-CMPN001x54_260114_LH00793_B23GCKKLT3	minocycline	tetracycline	No resistance	0	
090Am-CMPN001x54_260114_LH00793_B23GCKKLT3	tigecycline	tetracycline	No resistance	0	
090Am-CMPN001x54_260114_LH00793_B23GCKKLT3	quinupristin	streptogramin b	No resistance	0	
090Am-CMPN001x54_260114_LH00793_B23GCKKLT3	pristinamycin ia	streptogramin b	No resistance	0	
090Am-CMPN001x54_260114_LH00793_B23GCKKLT3	virginiamycin s	streptogramin b	No resistance	0	
090Am-CMPN001x54_260114_LH00793_B23GCKKLT3	linezolid	oxazolidinone	No resistance	0	
090Am-CMPN001x54_260114_LH00793_B23GCKKLT3	chloramphenicol	amphenicol	No resistance	0	
090Am-CMPN001x54_260114_LH00793_B23GCKKLT3	florfenicol	amphenicol	No resistance	0	
090Am-CMPN001x54_260114_LH00793_B23GCKKLT3	colistin	polymyxin	No resistance	0	
090Am-CMPN001x54_260114_LH00793_B23GCKKLT3	fusidic acid	steroid antibacterial	No resistance	0	
090Am-CMPN001x54_260114_LH00793_B23GCKKLT3	mupirocin	pseudomonic acid	No resistance	0	
090Am-CMPN001x54_260114_LH00793_B23GCKKLT3	rifampicin	rifamycin	No resistance	0	
090Am-CMPN001x54_260114_LH00793_B23GCKKLT3	metronidazole	nitroimidazole	No resistance	0	
090Am-CMPN001x54_260114_LH00793_B23GCKKLT3	narasin	ionophores	No resistance	0	
090Am-CMPN001x54_260114_LH00793_B23GCKKLT3	salinomycin	ionophores	No resistance	0	
090Am-CMPN001x54_260114_LH00793_B23GCKKLT3	maduramicin	ionophores	No resistance	0	
092Cs-CMPN001x14_260114_LH00793_B23GCKKLT3	gentamicin	aminoglycoside	No resistance	0	
092Cs-CMPN001x14_260114_LH00793_B23GCKKLT3	tobramycin	aminoglycoside	No resistance	0	
092Cs-CMPN001x14_260114_LH00793_B23GCKKLT3	streptomycin	aminoglycoside	No resistance	0	
092Cs-CMPN001x14_260114_LH00793_B23GCKKLT3	amikacin	aminoglycoside	No resistance	0	
092Cs-CMPN001x14_260114_LH00793_B23GCKKLT3	isepamicin	aminoglycoside	No resistance	0	
092Cs-CMPN001x14_260114_LH00793_B23GCKKLT3	dibekacin	aminoglycoside	No resistance	0	
092Cs-CMPN001x14_260114_LH00793_B23GCKKLT3	kanamycin	aminoglycoside	No resistance	0	
092Cs-CMPN001x14_260114_LH00793_B23GCKKLT3	neomycin	aminoglycoside	No resistance	0	
092Cs-CMPN001x14_260114_LH00793_B23GCKKLT3	lividomycin	aminoglycoside	No resistance	0	
092Cs-CMPN001x14_260114_LH00793_B23GCKKLT3	paromomycin	aminoglycoside	No resistance	0	
092Cs-CMPN001x14_260114_LH00793_B23GCKKLT3	ribostamycin	aminoglycoside	No resistance	0	
092Cs-CMPN001x14_260114_LH00793_B23GCKKLT3	unknown aminoglycoside	aminoglycoside	No resistance	0	
092Cs-CMPN001x14_260114_LH00793_B23GCKKLT3	butiromycin	aminoglycoside	No resistance	0	
092Cs-CMPN001x14_260114_LH00793_B23GCKKLT3	butirosin	aminoglycoside	No resistance	0	
092Cs-CMPN001x14_260114_LH00793_B23GCKKLT3	hygromycin	aminoglycoside	No resistance	0	
092Cs-CMPN001x14_260114_LH00793_B23GCKKLT3	netilmicin	aminoglycoside	No resistance	0	
092Cs-CMPN001x14_260114_LH00793_B23GCKKLT3	apramycin	aminoglycoside	No resistance	0	
092Cs-CMPN001x14_260114_LH00793_B23GCKKLT3	sisomicin	aminoglycoside	No resistance	0	
092Cs-CMPN001x14_260114_LH00793_B23GCKKLT3	arbekacin	aminoglycoside	No resistance	0	
092Cs-CMPN001x14_260114_LH00793_B23GCKKLT3	kasugamycin	aminoglycoside	No resistance	0	
092Cs-CMPN001x14_260114_LH00793_B23GCKKLT3	astromicin	aminoglycoside	No resistance	0	
092Cs-CMPN001x14_260114_LH00793_B23GCKKLT3	fortimicin	aminoglycoside	No resistance	0	
092Cs-CMPN001x14_260114_LH00793_B23GCKKLT3	spectinomycin	aminocyclitol	No resistance	0	
092Cs-CMPN001x14_260114_LH00793_B23GCKKLT3	fluoroquinolone	quinolone	No resistance	0	
092Cs-CMPN001x14_260114_LH00793_B23GCKKLT3	ciprofloxacin	quinolone	No resistance	0	
092Cs-CMPN001x14_260114_LH00793_B23GCKKLT3	unknown quinolone	quinolone	No resistance	0	
092Cs-CMPN001x14_260114_LH00793_B23GCKKLT3	nalidixic acid	quinolone	No resistance	0	
092Cs-CMPN001x14_260114_LH00793_B23GCKKLT3	amoxicillin	beta-lactam	No resistance	0	
092Cs-CMPN001x14_260114_LH00793_B23GCKKLT3	amoxicillin+clavulanic acid	beta-lactam	No resistance	0	
092Cs-CMPN001x14_260114_LH00793_B23GCKKLT3	ampicillin	beta-lactam	No resistance	0	
092Cs-CMPN001x14_260114_LH00793_B23GCKKLT3	ampicillin+clavulanic acid	beta-lactam	No resistance	0	
092Cs-CMPN001x14_260114_LH00793_B23GCKKLT3	cefepime	beta-lactam	No resistance	0	
092Cs-CMPN001x14_260114_LH00793_B23GCKKLT3	cefixime	beta-lactam	No resistance	0	
092Cs-CMPN001x14_260114_LH00793_B23GCKKLT3	cefotaxime	beta-lactam	No resistance	0	
092Cs-CMPN001x14_260114_LH00793_B23GCKKLT3	cefoxitin	beta-lactam	No resistance	0	
092Cs-CMPN001x14_260114_LH00793_B23GCKKLT3	ceftazidime	beta-lactam	No resistance	0	
092Cs-CMPN001x14_260114_LH00793_B23GCKKLT3	ertapenem	beta-lactam	No resistance	0	
092Cs-CMPN001x14_260114_LH00793_B23GCKKLT3	imipenem	beta-lactam	No resistance	0	
092Cs-CMPN001x14_260114_LH00793_B23GCKKLT3	meropenem	beta-lactam	No resistance	0	
092Cs-CMPN001x14_260114_LH00793_B23GCKKLT3	piperacillin	beta-lactam	No resistance	0	
092Cs-CMPN001x14_260114_LH00793_B23GCKKLT3	piperacillin+tazobactam	beta-lactam	No resistance	0	
092Cs-CMPN001x14_260114_LH00793_B23GCKKLT3	unknown beta-lactam	beta-lactam	No resistance	0	
092Cs-CMPN001x14_260114_LH00793_B23GCKKLT3	aztreonam	beta-lactam	No resistance	0	
092Cs-CMPN001x14_260114_LH00793_B23GCKKLT3	cefotaxime+clavulanic acid	beta-lactam	No resistance	0	
092Cs-CMPN001x14_260114_LH00793_B23GCKKLT3	temocillin	beta-lactam	No resistance	0	
092Cs-CMPN001x14_260114_LH00793_B23GCKKLT3	ticarcillin	beta-lactam	No resistance	0	
092Cs-CMPN001x14_260114_LH00793_B23GCKKLT3	ceftazidime+avibactam	beta-lactam	No resistance	0	
092Cs-CMPN001x14_260114_LH00793_B23GCKKLT3	penicillin	beta-lactam	No resistance	0	
092Cs-CMPN001x14_260114_LH00793_B23GCKKLT3	ceftriaxone	beta-lactam	No resistance	0	
092Cs-CMPN001x14_260114_LH00793_B23GCKKLT3	ticarcillin+clavulanic acid	beta-lactam	No resistance	0	
092Cs-CMPN001x14_260114_LH00793_B23GCKKLT3	cephalothin	beta-lactam	No resistance	0	
092Cs-CMPN001x14_260114_LH00793_B23GCKKLT3	piperacillin+clavulanic acid	beta-lactam	No resistance	0	
092Cs-CMPN001x14_260114_LH00793_B23GCKKLT3	ceftiofur	under_development	No resistance	0	
092Cs-CMPN001x14_260114_LH00793_B23GCKKLT3	sulfamethoxazole	folate pathway antagonist	No resistance	0	
092Cs-CMPN001x14_260114_LH00793_B23GCKKLT3	trimethoprim	folate pathway antagonist	No resistance	0	
092Cs-CMPN001x14_260114_LH00793_B23GCKKLT3	fosfomycin	fosfomycin	No resistance	0	
092Cs-CMPN001x14_260114_LH00793_B23GCKKLT3	vancomycin	glycopeptide	No resistance	0	
092Cs-CMPN001x14_260114_LH00793_B23GCKKLT3	teicoplanin	glycopeptide	No resistance	0	
092Cs-CMPN001x14_260114_LH00793_B23GCKKLT3	bleomycin	glycopeptide	No resistance	0	
092Cs-CMPN001x14_260114_LH00793_B23GCKKLT3	lincomycin	lincosamide	Resistant	2	erm(B) (erm(B)_JN899585)
092Cs-CMPN001x14_260114_LH00793_B23GCKKLT3	clindamycin	lincosamide	Resistant	2	erm(B) (erm(B)_JN899585)
092Cs-CMPN001x14_260114_LH00793_B23GCKKLT3	dalfopristin	streptogramin a	No resistance	0	
092Cs-CMPN001x14_260114_LH00793_B23GCKKLT3	pristinamycin iia	streptogramin a	No resistance	0	
092Cs-CMPN001x14_260114_LH00793_B23GCKKLT3	virginiamycin m	streptogramin a	No resistance	0	
092Cs-CMPN001x14_260114_LH00793_B23GCKKLT3	quinupristin+dalfopristin	streptogramin a	No resistance	0	
092Cs-CMPN001x14_260114_LH00793_B23GCKKLT3	tiamulin	pleuromutilin	No resistance	0	
092Cs-CMPN001x14_260114_LH00793_B23GCKKLT3	carbomycin	macrolide	No resistance	0	
092Cs-CMPN001x14_260114_LH00793_B23GCKKLT3	erythromycin	macrolide	Resistant	3	msr(D) (msr(D)_AF274302), mef(A) (mef(A)_U83667), erm(B) (erm(B)_JN899585)
092Cs-CMPN001x14_260114_LH00793_B23GCKKLT3	azithromycin	macrolide	Resistant	3	msr(D) (msr(D)_AF274302), mef(A) (mef(A)_U83667)
092Cs-CMPN001x14_260114_LH00793_B23GCKKLT3	oleandomycin	macrolide	No resistance	0	
092Cs-CMPN001x14_260114_LH00793_B23GCKKLT3	spiramycin	macrolide	No resistance	0	
092Cs-CMPN001x14_260114_LH00793_B23GCKKLT3	tylosin	macrolide	No resistance	0	
092Cs-CMPN001x14_260114_LH00793_B23GCKKLT3	telithromycin	macrolide	Resistant	3	msr(D) (msr(D)_AF274302)
092Cs-CMPN001x14_260114_LH00793_B23GCKKLT3	tetracycline	tetracycline	Resistant	2	tet(M) (tet(M)_X90939)
092Cs-CMPN001x14_260114_LH00793_B23GCKKLT3	doxycycline	tetracycline	Resistant	2	tet(M) (tet(M)_X90939)
092Cs-CMPN001x14_260114_LH00793_B23GCKKLT3	minocycline	tetracycline	Resistant	2	tet(M) (tet(M)_X90939)
092Cs-CMPN001x14_260114_LH00793_B23GCKKLT3	tigecycline	tetracycline	No resistance	0	
092Cs-CMPN001x14_260114_LH00793_B23GCKKLT3	quinupristin	streptogramin b	Resistant	3	msr(D) (msr(D)_AF274302), erm(B) (erm(B)_JN899585)
092Cs-CMPN001x14_260114_LH00793_B23GCKKLT3	pristinamycin ia	streptogramin b	Resistant	3	msr(D) (msr(D)_AF274302), erm(B) (erm(B)_JN899585)
092Cs-CMPN001x14_260114_LH00793_B23GCKKLT3	virginiamycin s	streptogramin b	Resistant	3	msr(D) (msr(D)_AF274302), erm(B) (erm(B)_JN899585)
092Cs-CMPN001x14_260114_LH00793_B23GCKKLT3	linezolid	oxazolidinone	No resistance	0	
092Cs-CMPN001x14_260114_LH00793_B23GCKKLT3	chloramphenicol	amphenicol	No resistance	0	
092Cs-CMPN001x14_260114_LH00793_B23GCKKLT3	florfenicol	amphenicol	No resistance	0	
092Cs-CMPN001x14_260114_LH00793_B23GCKKLT3	colistin	polymyxin	No resistance	0	
092Cs-CMPN001x14_260114_LH00793_B23GCKKLT3	fusidic acid	steroid antibacterial	No resistance	0	
092Cs-CMPN001x14_260114_LH00793_B23GCKKLT3	mupirocin	pseudomonic acid	No resistance	0	
092Cs-CMPN001x14_260114_LH00793_B23GCKKLT3	rifampicin	rifamycin	No resistance	0	
092Cs-CMPN001x14_260114_LH00793_B23GCKKLT3	metronidazole	nitroimidazole	No resistance	0	
092Cs-CMPN001x14_260114_LH00793_B23GCKKLT3	narasin	ionophores	No resistance	0	
092Cs-CMPN001x14_260114_LH00793_B23GCKKLT3	salinomycin	ionophores	No resistance	0	
092Cs-CMPN001x14_260114_LH00793_B23GCKKLT3	maduramicin	ionophores	No resistance	0	
092Cv-CMPN001x15_260114_LH00793_B23GCKKLT3	gentamicin	aminoglycoside	No resistance	0	
092Cv-CMPN001x15_260114_LH00793_B23GCKKLT3	tobramycin	aminoglycoside	No resistance	0	
092Cv-CMPN001x15_260114_LH00793_B23GCKKLT3	streptomycin	aminoglycoside	No resistance	0	
092Cv-CMPN001x15_260114_LH00793_B23GCKKLT3	amikacin	aminoglycoside	No resistance	0	
092Cv-CMPN001x15_260114_LH00793_B23GCKKLT3	isepamicin	aminoglycoside	No resistance	0	
092Cv-CMPN001x15_260114_LH00793_B23GCKKLT3	dibekacin	aminoglycoside	No resistance	0	
092Cv-CMPN001x15_260114_LH00793_B23GCKKLT3	kanamycin	aminoglycoside	No resistance	0	
092Cv-CMPN001x15_260114_LH00793_B23GCKKLT3	neomycin	aminoglycoside	No resistance	0	
092Cv-CMPN001x15_260114_LH00793_B23GCKKLT3	lividomycin	aminoglycoside	No resistance	0	
092Cv-CMPN001x15_260114_LH00793_B23GCKKLT3	paromomycin	aminoglycoside	No resistance	0	
092Cv-CMPN001x15_260114_LH00793_B23GCKKLT3	ribostamycin	aminoglycoside	No resistance	0	
092Cv-CMPN001x15_260114_LH00793_B23GCKKLT3	unknown aminoglycoside	aminoglycoside	No resistance	0	
092Cv-CMPN001x15_260114_LH00793_B23GCKKLT3	butiromycin	aminoglycoside	No resistance	0	
092Cv-CMPN001x15_260114_LH00793_B23GCKKLT3	butirosin	aminoglycoside	No resistance	0	
092Cv-CMPN001x15_260114_LH00793_B23GCKKLT3	hygromycin	aminoglycoside	No resistance	0	
092Cv-CMPN001x15_260114_LH00793_B23GCKKLT3	netilmicin	aminoglycoside	No resistance	0	
092Cv-CMPN001x15_260114_LH00793_B23GCKKLT3	apramycin	aminoglycoside	No resistance	0	
092Cv-CMPN001x15_260114_LH00793_B23GCKKLT3	sisomicin	aminoglycoside	No resistance	0	
092Cv-CMPN001x15_260114_LH00793_B23GCKKLT3	arbekacin	aminoglycoside	No resistance	0	
092Cv-CMPN001x15_260114_LH00793_B23GCKKLT3	kasugamycin	aminoglycoside	No resistance	0	
092Cv-CMPN001x15_260114_LH00793_B23GCKKLT3	astromicin	aminoglycoside	No resistance	0	
092Cv-CMPN001x15_260114_LH00793_B23GCKKLT3	fortimicin	aminoglycoside	No resistance	0	
092Cv-CMPN001x15_260114_LH00793_B23GCKKLT3	spectinomycin	aminocyclitol	No resistance	0	
092Cv-CMPN001x15_260114_LH00793_B23GCKKLT3	fluoroquinolone	quinolone	No resistance	0	
092Cv-CMPN001x15_260114_LH00793_B23GCKKLT3	ciprofloxacin	quinolone	No resistance	0	
092Cv-CMPN001x15_260114_LH00793_B23GCKKLT3	unknown quinolone	quinolone	No resistance	0	
092Cv-CMPN001x15_260114_LH00793_B23GCKKLT3	nalidixic acid	quinolone	No resistance	0	
092Cv-CMPN001x15_260114_LH00793_B23GCKKLT3	amoxicillin	beta-lactam	No resistance	0	
092Cv-CMPN001x15_260114_LH00793_B23GCKKLT3	amoxicillin+clavulanic acid	beta-lactam	No resistance	0	
092Cv-CMPN001x15_260114_LH00793_B23GCKKLT3	ampicillin	beta-lactam	No resistance	0	
092Cv-CMPN001x15_260114_LH00793_B23GCKKLT3	ampicillin+clavulanic acid	beta-lactam	No resistance	0	
092Cv-CMPN001x15_260114_LH00793_B23GCKKLT3	cefepime	beta-lactam	No resistance	0	
092Cv-CMPN001x15_260114_LH00793_B23GCKKLT3	cefixime	beta-lactam	No resistance	0	
092Cv-CMPN001x15_260114_LH00793_B23GCKKLT3	cefotaxime	beta-lactam	No resistance	0	
092Cv-CMPN001x15_260114_LH00793_B23GCKKLT3	cefoxitin	beta-lactam	No resistance	0	
092Cv-CMPN001x15_260114_LH00793_B23GCKKLT3	ceftazidime	beta-lactam	No resistance	0	
092Cv-CMPN001x15_260114_LH00793_B23GCKKLT3	ertapenem	beta-lactam	No resistance	0	
092Cv-CMPN001x15_260114_LH00793_B23GCKKLT3	imipenem	beta-lactam	No resistance	0	
092Cv-CMPN001x15_260114_LH00793_B23GCKKLT3	meropenem	beta-lactam	No resistance	0	
092Cv-CMPN001x15_260114_LH00793_B23GCKKLT3	piperacillin	beta-lactam	No resistance	0	
092Cv-CMPN001x15_260114_LH00793_B23GCKKLT3	piperacillin+tazobactam	beta-lactam	No resistance	0	
092Cv-CMPN001x15_260114_LH00793_B23GCKKLT3	unknown beta-lactam	beta-lactam	No resistance	0	
092Cv-CMPN001x15_260114_LH00793_B23GCKKLT3	aztreonam	beta-lactam	No resistance	0	
092Cv-CMPN001x15_260114_LH00793_B23GCKKLT3	cefotaxime+clavulanic acid	beta-lactam	No resistance	0	
092Cv-CMPN001x15_260114_LH00793_B23GCKKLT3	temocillin	beta-lactam	No resistance	0	
092Cv-CMPN001x15_260114_LH00793_B23GCKKLT3	ticarcillin	beta-lactam	No resistance	0	
092Cv-CMPN001x15_260114_LH00793_B23GCKKLT3	ceftazidime+avibactam	beta-lactam	No resistance	0	
092Cv-CMPN001x15_260114_LH00793_B23GCKKLT3	penicillin	beta-lactam	No resistance	0	
092Cv-CMPN001x15_260114_LH00793_B23GCKKLT3	ceftriaxone	beta-lactam	No resistance	0	
092Cv-CMPN001x15_260114_LH00793_B23GCKKLT3	ticarcillin+clavulanic acid	beta-lactam	No resistance	0	
092Cv-CMPN001x15_260114_LH00793_B23GCKKLT3	cephalothin	beta-lactam	No resistance	0	
092Cv-CMPN001x15_260114_LH00793_B23GCKKLT3	piperacillin+clavulanic acid	beta-lactam	No resistance	0	
092Cv-CMPN001x15_260114_LH00793_B23GCKKLT3	ceftiofur	under_development	No resistance	0	
092Cv-CMPN001x15_260114_LH00793_B23GCKKLT3	sulfamethoxazole	folate pathway antagonist	No resistance	0	
092Cv-CMPN001x15_260114_LH00793_B23GCKKLT3	trimethoprim	folate pathway antagonist	No resistance	0	
092Cv-CMPN001x15_260114_LH00793_B23GCKKLT3	fosfomycin	fosfomycin	No resistance	0	
092Cv-CMPN001x15_260114_LH00793_B23GCKKLT3	vancomycin	glycopeptide	No resistance	0	
092Cv-CMPN001x15_260114_LH00793_B23GCKKLT3	teicoplanin	glycopeptide	No resistance	0	
092Cv-CMPN001x15_260114_LH00793_B23GCKKLT3	bleomycin	glycopeptide	No resistance	0	
092Cv-CMPN001x15_260114_LH00793_B23GCKKLT3	lincomycin	lincosamide	Resistant	3	lsa(C) (lsa(C)_HM990671), erm(B) (erm(B)_U86375)
092Cv-CMPN001x15_260114_LH00793_B23GCKKLT3	clindamycin	lincosamide	Resistant	3	lsa(C) (lsa(C)_HM990671), erm(B) (erm(B)_U86375)
092Cv-CMPN001x15_260114_LH00793_B23GCKKLT3	dalfopristin	streptogramin a	Resistant	2	lsa(C) (lsa(C)_HM990671)
092Cv-CMPN001x15_260114_LH00793_B23GCKKLT3	pristinamycin iia	streptogramin a	Resistant	2	lsa(C) (lsa(C)_HM990671)
092Cv-CMPN001x15_260114_LH00793_B23GCKKLT3	virginiamycin m	streptogramin a	Resistant	2	lsa(C) (lsa(C)_HM990671)
092Cv-CMPN001x15_260114_LH00793_B23GCKKLT3	quinupristin+dalfopristin	streptogramin a	No resistance	0	
092Cv-CMPN001x15_260114_LH00793_B23GCKKLT3	tiamulin	pleuromutilin	Resistant	2	lsa(C) (lsa(C)_HM990671)
092Cv-CMPN001x15_260114_LH00793_B23GCKKLT3	carbomycin	macrolide	No resistance	0	
092Cv-CMPN001x15_260114_LH00793_B23GCKKLT3	erythromycin	macrolide	Resistant	3	msr(D) (msr(D)_AF274302), mef(A) (mef(A)_U83667), erm(B) (erm(B)_U86375)
092Cv-CMPN001x15_260114_LH00793_B23GCKKLT3	azithromycin	macrolide	Resistant	3	msr(D) (msr(D)_AF274302), mef(A) (mef(A)_U83667)
092Cv-CMPN001x15_260114_LH00793_B23GCKKLT3	oleandomycin	macrolide	No resistance	0	
092Cv-CMPN001x15_260114_LH00793_B23GCKKLT3	spiramycin	macrolide	No resistance	0	
092Cv-CMPN001x15_260114_LH00793_B23GCKKLT3	tylosin	macrolide	No resistance	0	
092Cv-CMPN001x15_260114_LH00793_B23GCKKLT3	telithromycin	macrolide	Resistant	2	msr(D) (msr(D)_AF274302)
092Cv-CMPN001x15_260114_LH00793_B23GCKKLT3	tetracycline	tetracycline	Resistant	2	tet(M) (tet(M)_X75073)
092Cv-CMPN001x15_260114_LH00793_B23GCKKLT3	doxycycline	tetracycline	Resistant	2	tet(M) (tet(M)_X75073)
092Cv-CMPN001x15_260114_LH00793_B23GCKKLT3	minocycline	tetracycline	Resistant	2	tet(M) (tet(M)_X75073)
092Cv-CMPN001x15_260114_LH00793_B23GCKKLT3	tigecycline	tetracycline	No resistance	0	
092Cv-CMPN001x15_260114_LH00793_B23GCKKLT3	quinupristin	streptogramin b	Resistant	3	msr(D) (msr(D)_AF274302), erm(B) (erm(B)_U86375)
092Cv-CMPN001x15_260114_LH00793_B23GCKKLT3	pristinamycin ia	streptogramin b	Resistant	3	msr(D) (msr(D)_AF274302), erm(B) (erm(B)_U86375)
092Cv-CMPN001x15_260114_LH00793_B23GCKKLT3	virginiamycin s	streptogramin b	Resistant	3	msr(D) (msr(D)_AF274302), erm(B) (erm(B)_U86375)
092Cv-CMPN001x15_260114_LH00793_B23GCKKLT3	linezolid	oxazolidinone	No resistance	0	
092Cv-CMPN001x15_260114_LH00793_B23GCKKLT3	chloramphenicol	amphenicol	No resistance	0	
092Cv-CMPN001x15_260114_LH00793_B23GCKKLT3	florfenicol	amphenicol	No resistance	0	
092Cv-CMPN001x15_260114_LH00793_B23GCKKLT3	colistin	polymyxin	No resistance	0	
092Cv-CMPN001x15_260114_LH00793_B23GCKKLT3	fusidic acid	steroid antibacterial	No resistance	0	
092Cv-CMPN001x15_260114_LH00793_B23GCKKLT3	mupirocin	pseudomonic acid	No resistance	0	
092Cv-CMPN001x15_260114_LH00793_B23GCKKLT3	rifampicin	rifamycin	No resistance	0	
092Cv-CMPN001x15_260114_LH00793_B23GCKKLT3	metronidazole	nitroimidazole	No resistance	0	
092Cv-CMPN001x15_260114_LH00793_B23GCKKLT3	narasin	ionophores	No resistance	0	
092Cv-CMPN001x15_260114_LH00793_B23GCKKLT3	salinomycin	ionophores	No resistance	0	
092Cv-CMPN001x15_260114_LH00793_B23GCKKLT3	maduramicin	ionophores	No resistance	0	
094Cm-CMPN001x16_260114_LH00793_B23GCKKLT3	gentamicin	aminoglycoside	No resistance	0	
094Cm-CMPN001x16_260114_LH00793_B23GCKKLT3	tobramycin	aminoglycoside	No resistance	0	
094Cm-CMPN001x16_260114_LH00793_B23GCKKLT3	streptomycin	aminoglycoside	No resistance	0	
094Cm-CMPN001x16_260114_LH00793_B23GCKKLT3	amikacin	aminoglycoside	No resistance	0	
094Cm-CMPN001x16_260114_LH00793_B23GCKKLT3	isepamicin	aminoglycoside	No resistance	0	
094Cm-CMPN001x16_260114_LH00793_B23GCKKLT3	dibekacin	aminoglycoside	No resistance	0	
094Cm-CMPN001x16_260114_LH00793_B23GCKKLT3	kanamycin	aminoglycoside	No resistance	0	
094Cm-CMPN001x16_260114_LH00793_B23GCKKLT3	neomycin	aminoglycoside	No resistance	0	
094Cm-CMPN001x16_260114_LH00793_B23GCKKLT3	lividomycin	aminoglycoside	No resistance	0	
094Cm-CMPN001x16_260114_LH00793_B23GCKKLT3	paromomycin	aminoglycoside	No resistance	0	
094Cm-CMPN001x16_260114_LH00793_B23GCKKLT3	ribostamycin	aminoglycoside	No resistance	0	
094Cm-CMPN001x16_260114_LH00793_B23GCKKLT3	unknown aminoglycoside	aminoglycoside	No resistance	0	
094Cm-CMPN001x16_260114_LH00793_B23GCKKLT3	butiromycin	aminoglycoside	No resistance	0	
094Cm-CMPN001x16_260114_LH00793_B23GCKKLT3	butirosin	aminoglycoside	No resistance	0	
094Cm-CMPN001x16_260114_LH00793_B23GCKKLT3	hygromycin	aminoglycoside	No resistance	0	
094Cm-CMPN001x16_260114_LH00793_B23GCKKLT3	netilmicin	aminoglycoside	No resistance	0	
094Cm-CMPN001x16_260114_LH00793_B23GCKKLT3	apramycin	aminoglycoside	No resistance	0	
094Cm-CMPN001x16_260114_LH00793_B23GCKKLT3	sisomicin	aminoglycoside	No resistance	0	
094Cm-CMPN001x16_260114_LH00793_B23GCKKLT3	arbekacin	aminoglycoside	No resistance	0	
094Cm-CMPN001x16_260114_LH00793_B23GCKKLT3	kasugamycin	aminoglycoside	No resistance	0	
094Cm-CMPN001x16_260114_LH00793_B23GCKKLT3	astromicin	aminoglycoside	No resistance	0	
094Cm-CMPN001x16_260114_LH00793_B23GCKKLT3	fortimicin	aminoglycoside	No resistance	0	
094Cm-CMPN001x16_260114_LH00793_B23GCKKLT3	spectinomycin	aminocyclitol	No resistance	0	
094Cm-CMPN001x16_260114_LH00793_B23GCKKLT3	fluoroquinolone	quinolone	No resistance	0	
094Cm-CMPN001x16_260114_LH00793_B23GCKKLT3	ciprofloxacin	quinolone	No resistance	0	
094Cm-CMPN001x16_260114_LH00793_B23GCKKLT3	unknown quinolone	quinolone	No resistance	0	
094Cm-CMPN001x16_260114_LH00793_B23GCKKLT3	nalidixic acid	quinolone	No resistance	0	
094Cm-CMPN001x16_260114_LH00793_B23GCKKLT3	amoxicillin	beta-lactam	No resistance	0	
094Cm-CMPN001x16_260114_LH00793_B23GCKKLT3	amoxicillin+clavulanic acid	beta-lactam	No resistance	0	
094Cm-CMPN001x16_260114_LH00793_B23GCKKLT3	ampicillin	beta-lactam	No resistance	0	
094Cm-CMPN001x16_260114_LH00793_B23GCKKLT3	ampicillin+clavulanic acid	beta-lactam	No resistance	0	
094Cm-CMPN001x16_260114_LH00793_B23GCKKLT3	cefepime	beta-lactam	No resistance	0	
094Cm-CMPN001x16_260114_LH00793_B23GCKKLT3	cefixime	beta-lactam	No resistance	0	
094Cm-CMPN001x16_260114_LH00793_B23GCKKLT3	cefotaxime	beta-lactam	No resistance	0	
094Cm-CMPN001x16_260114_LH00793_B23GCKKLT3	cefoxitin	beta-lactam	No resistance	0	
094Cm-CMPN001x16_260114_LH00793_B23GCKKLT3	ceftazidime	beta-lactam	No resistance	0	
094Cm-CMPN001x16_260114_LH00793_B23GCKKLT3	ertapenem	beta-lactam	No resistance	0	
094Cm-CMPN001x16_260114_LH00793_B23GCKKLT3	imipenem	beta-lactam	No resistance	0	
094Cm-CMPN001x16_260114_LH00793_B23GCKKLT3	meropenem	beta-lactam	No resistance	0	
094Cm-CMPN001x16_260114_LH00793_B23GCKKLT3	piperacillin	beta-lactam	No resistance	0	
094Cm-CMPN001x16_260114_LH00793_B23GCKKLT3	piperacillin+tazobactam	beta-lactam	No resistance	0	
094Cm-CMPN001x16_260114_LH00793_B23GCKKLT3	unknown beta-lactam	beta-lactam	No resistance	0	
094Cm-CMPN001x16_260114_LH00793_B23GCKKLT3	aztreonam	beta-lactam	No resistance	0	
094Cm-CMPN001x16_260114_LH00793_B23GCKKLT3	cefotaxime+clavulanic acid	beta-lactam	No resistance	0	
094Cm-CMPN001x16_260114_LH00793_B23GCKKLT3	temocillin	beta-lactam	No resistance	0	
094Cm-CMPN001x16_260114_LH00793_B23GCKKLT3	ticarcillin	beta-lactam	No resistance	0	
094Cm-CMPN001x16_260114_LH00793_B23GCKKLT3	ceftazidime+avibactam	beta-lactam	No resistance	0	
094Cm-CMPN001x16_260114_LH00793_B23GCKKLT3	penicillin	beta-lactam	No resistance	0	
094Cm-CMPN001x16_260114_LH00793_B23GCKKLT3	ceftriaxone	beta-lactam	No resistance	0	
094Cm-CMPN001x16_260114_LH00793_B23GCKKLT3	ticarcillin+clavulanic acid	beta-lactam	No resistance	0	
094Cm-CMPN001x16_260114_LH00793_B23GCKKLT3	cephalothin	beta-lactam	No resistance	0	
094Cm-CMPN001x16_260114_LH00793_B23GCKKLT3	piperacillin+clavulanic acid	beta-lactam	No resistance	0	
094Cm-CMPN001x16_260114_LH00793_B23GCKKLT3	ceftiofur	under_development	No resistance	0	
094Cm-CMPN001x16_260114_LH00793_B23GCKKLT3	sulfamethoxazole	folate pathway antagonist	No resistance	0	
094Cm-CMPN001x16_260114_LH00793_B23GCKKLT3	trimethoprim	folate pathway antagonist	No resistance	0	
094Cm-CMPN001x16_260114_LH00793_B23GCKKLT3	fosfomycin	fosfomycin	No resistance	0	
094Cm-CMPN001x16_260114_LH00793_B23GCKKLT3	vancomycin	glycopeptide	No resistance	0	
094Cm-CMPN001x16_260114_LH00793_B23GCKKLT3	teicoplanin	glycopeptide	No resistance	0	
094Cm-CMPN001x16_260114_LH00793_B23GCKKLT3	bleomycin	glycopeptide	No resistance	0	
094Cm-CMPN001x16_260114_LH00793_B23GCKKLT3	lincomycin	lincosamide	Resistant	1	lsa(C) (lsa(C)_HM990671)
094Cm-CMPN001x16_260114_LH00793_B23GCKKLT3	clindamycin	lincosamide	Resistant	1	lsa(C) (lsa(C)_HM990671)
094Cm-CMPN001x16_260114_LH00793_B23GCKKLT3	dalfopristin	streptogramin a	Resistant	1	lsa(C) (lsa(C)_HM990671)
094Cm-CMPN001x16_260114_LH00793_B23GCKKLT3	pristinamycin iia	streptogramin a	Resistant	1	lsa(C) (lsa(C)_HM990671)
094Cm-CMPN001x16_260114_LH00793_B23GCKKLT3	virginiamycin m	streptogramin a	Resistant	1	lsa(C) (lsa(C)_HM990671)
094Cm-CMPN001x16_260114_LH00793_B23GCKKLT3	quinupristin+dalfopristin	streptogramin a	No resistance	0	
094Cm-CMPN001x16_260114_LH00793_B23GCKKLT3	tiamulin	pleuromutilin	Resistant	1	lsa(C) (lsa(C)_HM990671)
094Cm-CMPN001x16_260114_LH00793_B23GCKKLT3	carbomycin	macrolide	No resistance	0	
094Cm-CMPN001x16_260114_LH00793_B23GCKKLT3	erythromycin	macrolide	Resistant	3	msr(D) (msr(D)_AF274302), mef(A) (mef(A)_U83667)
094Cm-CMPN001x16_260114_LH00793_B23GCKKLT3	azithromycin	macrolide	Resistant	3	msr(D) (msr(D)_AF274302), mef(A) (mef(A)_U83667)
094Cm-CMPN001x16_260114_LH00793_B23GCKKLT3	oleandomycin	macrolide	No resistance	0	
094Cm-CMPN001x16_260114_LH00793_B23GCKKLT3	spiramycin	macrolide	No resistance	0	
094Cm-CMPN001x16_260114_LH00793_B23GCKKLT3	tylosin	macrolide	No resistance	0	
094Cm-CMPN001x16_260114_LH00793_B23GCKKLT3	telithromycin	macrolide	Resistant	3	msr(D) (msr(D)_AF274302)
094Cm-CMPN001x16_260114_LH00793_B23GCKKLT3	tetracycline	tetracycline	Resistant	2	tet(M) (tet(M)_FR671418)
094Cm-CMPN001x16_260114_LH00793_B23GCKKLT3	doxycycline	tetracycline	Resistant	2	tet(M) (tet(M)_FR671418)
094Cm-CMPN001x16_260114_LH00793_B23GCKKLT3	minocycline	tetracycline	Resistant	2	tet(M) (tet(M)_FR671418)
094Cm-CMPN001x16_260114_LH00793_B23GCKKLT3	tigecycline	tetracycline	No resistance	0	
094Cm-CMPN001x16_260114_LH00793_B23GCKKLT3	quinupristin	streptogramin b	Resistant	3	msr(D) (msr(D)_AF274302)
094Cm-CMPN001x16_260114_LH00793_B23GCKKLT3	pristinamycin ia	streptogramin b	Resistant	3	msr(D) (msr(D)_AF274302)
094Cm-CMPN001x16_260114_LH00793_B23GCKKLT3	virginiamycin s	streptogramin b	Resistant	3	msr(D) (msr(D)_AF274302)
094Cm-CMPN001x16_260114_LH00793_B23GCKKLT3	linezolid	oxazolidinone	No resistance	0	
094Cm-CMPN001x16_260114_LH00793_B23GCKKLT3	chloramphenicol	amphenicol	No resistance	0	
094Cm-CMPN001x16_260114_LH00793_B23GCKKLT3	florfenicol	amphenicol	No resistance	0	
094Cm-CMPN001x16_260114_LH00793_B23GCKKLT3	colistin	polymyxin	No resistance	0	
094Cm-CMPN001x16_260114_LH00793_B23GCKKLT3	fusidic acid	steroid antibacterial	No resistance	0	
094Cm-CMPN001x16_260114_LH00793_B23GCKKLT3	mupirocin	pseudomonic acid	No resistance	0	
094Cm-CMPN001x16_260114_LH00793_B23GCKKLT3	rifampicin	rifamycin	No resistance	0	
094Cm-CMPN001x16_260114_LH00793_B23GCKKLT3	metronidazole	nitroimidazole	No resistance	0	
094Cm-CMPN001x16_260114_LH00793_B23GCKKLT3	narasin	ionophores	No resistance	0	
094Cm-CMPN001x16_260114_LH00793_B23GCKKLT3	salinomycin	ionophores	No resistance	0	
094Cm-CMPN001x16_260114_LH00793_B23GCKKLT3	maduramicin	ionophores	No resistance	0	
098Cp-CMPN001x18_260114_LH00793_B23GCKKLT3	gentamicin	aminoglycoside	No resistance	0	
098Cp-CMPN001x18_260114_LH00793_B23GCKKLT3	tobramycin	aminoglycoside	No resistance	0	
098Cp-CMPN001x18_260114_LH00793_B23GCKKLT3	streptomycin	aminoglycoside	No resistance	0	
098Cp-CMPN001x18_260114_LH00793_B23GCKKLT3	amikacin	aminoglycoside	No resistance	0	
098Cp-CMPN001x18_260114_LH00793_B23GCKKLT3	isepamicin	aminoglycoside	No resistance	0	
098Cp-CMPN001x18_260114_LH00793_B23GCKKLT3	dibekacin	aminoglycoside	No resistance	0	
098Cp-CMPN001x18_260114_LH00793_B23GCKKLT3	kanamycin	aminoglycoside	No resistance	0	
098Cp-CMPN001x18_260114_LH00793_B23GCKKLT3	neomycin	aminoglycoside	No resistance	0	
098Cp-CMPN001x18_260114_LH00793_B23GCKKLT3	lividomycin	aminoglycoside	No resistance	0	
098Cp-CMPN001x18_260114_LH00793_B23GCKKLT3	paromomycin	aminoglycoside	No resistance	0	
098Cp-CMPN001x18_260114_LH00793_B23GCKKLT3	ribostamycin	aminoglycoside	No resistance	0	
098Cp-CMPN001x18_260114_LH00793_B23GCKKLT3	unknown aminoglycoside	aminoglycoside	No resistance	0	
098Cp-CMPN001x18_260114_LH00793_B23GCKKLT3	butiromycin	aminoglycoside	No resistance	0	
098Cp-CMPN001x18_260114_LH00793_B23GCKKLT3	butirosin	aminoglycoside	No resistance	0	
098Cp-CMPN001x18_260114_LH00793_B23GCKKLT3	hygromycin	aminoglycoside	No resistance	0	
098Cp-CMPN001x18_260114_LH00793_B23GCKKLT3	netilmicin	aminoglycoside	No resistance	0	
098Cp-CMPN001x18_260114_LH00793_B23GCKKLT3	apramycin	aminoglycoside	No resistance	0	
098Cp-CMPN001x18_260114_LH00793_B23GCKKLT3	sisomicin	aminoglycoside	No resistance	0	
098Cp-CMPN001x18_260114_LH00793_B23GCKKLT3	arbekacin	aminoglycoside	No resistance	0	
098Cp-CMPN001x18_260114_LH00793_B23GCKKLT3	kasugamycin	aminoglycoside	No resistance	0	
098Cp-CMPN001x18_260114_LH00793_B23GCKKLT3	astromicin	aminoglycoside	No resistance	0	
098Cp-CMPN001x18_260114_LH00793_B23GCKKLT3	fortimicin	aminoglycoside	No resistance	0	
098Cp-CMPN001x18_260114_LH00793_B23GCKKLT3	spectinomycin	aminocyclitol	No resistance	0	
098Cp-CMPN001x18_260114_LH00793_B23GCKKLT3	fluoroquinolone	quinolone	No resistance	0	
098Cp-CMPN001x18_260114_LH00793_B23GCKKLT3	ciprofloxacin	quinolone	No resistance	0	
098Cp-CMPN001x18_260114_LH00793_B23GCKKLT3	unknown quinolone	quinolone	No resistance	0	
098Cp-CMPN001x18_260114_LH00793_B23GCKKLT3	nalidixic acid	quinolone	No resistance	0	
098Cp-CMPN001x18_260114_LH00793_B23GCKKLT3	amoxicillin	beta-lactam	No resistance	0	
098Cp-CMPN001x18_260114_LH00793_B23GCKKLT3	amoxicillin+clavulanic acid	beta-lactam	No resistance	0	
098Cp-CMPN001x18_260114_LH00793_B23GCKKLT3	ampicillin	beta-lactam	No resistance	0	
098Cp-CMPN001x18_260114_LH00793_B23GCKKLT3	ampicillin+clavulanic acid	beta-lactam	No resistance	0	
098Cp-CMPN001x18_260114_LH00793_B23GCKKLT3	cefepime	beta-lactam	No resistance	0	
098Cp-CMPN001x18_260114_LH00793_B23GCKKLT3	cefixime	beta-lactam	No resistance	0	
098Cp-CMPN001x18_260114_LH00793_B23GCKKLT3	cefotaxime	beta-lactam	No resistance	0	
098Cp-CMPN001x18_260114_LH00793_B23GCKKLT3	cefoxitin	beta-lactam	No resistance	0	
098Cp-CMPN001x18_260114_LH00793_B23GCKKLT3	ceftazidime	beta-lactam	No resistance	0	
098Cp-CMPN001x18_260114_LH00793_B23GCKKLT3	ertapenem	beta-lactam	No resistance	0	
098Cp-CMPN001x18_260114_LH00793_B23GCKKLT3	imipenem	beta-lactam	No resistance	0	
098Cp-CMPN001x18_260114_LH00793_B23GCKKLT3	meropenem	beta-lactam	No resistance	0	
098Cp-CMPN001x18_260114_LH00793_B23GCKKLT3	piperacillin	beta-lactam	No resistance	0	
098Cp-CMPN001x18_260114_LH00793_B23GCKKLT3	piperacillin+tazobactam	beta-lactam	No resistance	0	
098Cp-CMPN001x18_260114_LH00793_B23GCKKLT3	unknown beta-lactam	beta-lactam	No resistance	0	
098Cp-CMPN001x18_260114_LH00793_B23GCKKLT3	aztreonam	beta-lactam	No resistance	0	
098Cp-CMPN001x18_260114_LH00793_B23GCKKLT3	cefotaxime+clavulanic acid	beta-lactam	No resistance	0	
098Cp-CMPN001x18_260114_LH00793_B23GCKKLT3	temocillin	beta-lactam	No resistance	0	
098Cp-CMPN001x18_260114_LH00793_B23GCKKLT3	ticarcillin	beta-lactam	No resistance	0	
098Cp-CMPN001x18_260114_LH00793_B23GCKKLT3	ceftazidime+avibactam	beta-lactam	No resistance	0	
098Cp-CMPN001x18_260114_LH00793_B23GCKKLT3	penicillin	beta-lactam	No resistance	0	
098Cp-CMPN001x18_260114_LH00793_B23GCKKLT3	ceftriaxone	beta-lactam	No resistance	0	
098Cp-CMPN001x18_260114_LH00793_B23GCKKLT3	ticarcillin+clavulanic acid	beta-lactam	No resistance	0	
098Cp-CMPN001x18_260114_LH00793_B23GCKKLT3	cephalothin	beta-lactam	No resistance	0	
098Cp-CMPN001x18_260114_LH00793_B23GCKKLT3	piperacillin+clavulanic acid	beta-lactam	No resistance	0	
098Cp-CMPN001x18_260114_LH00793_B23GCKKLT3	ceftiofur	under_development	No resistance	0	
098Cp-CMPN001x18_260114_LH00793_B23GCKKLT3	sulfamethoxazole	folate pathway antagonist	No resistance	0	
098Cp-CMPN001x18_260114_LH00793_B23GCKKLT3	trimethoprim	folate pathway antagonist	No resistance	0	
098Cp-CMPN001x18_260114_LH00793_B23GCKKLT3	fosfomycin	fosfomycin	No resistance	0	
098Cp-CMPN001x18_260114_LH00793_B23GCKKLT3	vancomycin	glycopeptide	No resistance	0	
098Cp-CMPN001x18_260114_LH00793_B23GCKKLT3	teicoplanin	glycopeptide	No resistance	0	
098Cp-CMPN001x18_260114_LH00793_B23GCKKLT3	bleomycin	glycopeptide	No resistance	0	
098Cp-CMPN001x18_260114_LH00793_B23GCKKLT3	lincomycin	lincosamide	Resistant	2	erm(B) (erm(B)_X72021), erm(B) (erm(B)_JN899585)
098Cp-CMPN001x18_260114_LH00793_B23GCKKLT3	clindamycin	lincosamide	Resistant	2	erm(B) (erm(B)_X72021), erm(B) (erm(B)_JN899585)
098Cp-CMPN001x18_260114_LH00793_B23GCKKLT3	dalfopristin	streptogramin a	No resistance	0	
098Cp-CMPN001x18_260114_LH00793_B23GCKKLT3	pristinamycin iia	streptogramin a	No resistance	0	
098Cp-CMPN001x18_260114_LH00793_B23GCKKLT3	virginiamycin m	streptogramin a	No resistance	0	
098Cp-CMPN001x18_260114_LH00793_B23GCKKLT3	quinupristin+dalfopristin	streptogramin a	No resistance	0	
098Cp-CMPN001x18_260114_LH00793_B23GCKKLT3	tiamulin	pleuromutilin	No resistance	0	
098Cp-CMPN001x18_260114_LH00793_B23GCKKLT3	carbomycin	macrolide	No resistance	0	
098Cp-CMPN001x18_260114_LH00793_B23GCKKLT3	erythromycin	macrolide	Resistant	3	msr(D) (msr(D)_AF274302), mef(A) (mef(A)_U83667), erm(B) (erm(B)_X72021), erm(B) (erm(B)_JN899585)
098Cp-CMPN001x18_260114_LH00793_B23GCKKLT3	azithromycin	macrolide	Resistant	3	msr(D) (msr(D)_AF274302), mef(A) (mef(A)_U83667)
098Cp-CMPN001x18_260114_LH00793_B23GCKKLT3	oleandomycin	macrolide	No resistance	0	
098Cp-CMPN001x18_260114_LH00793_B23GCKKLT3	spiramycin	macrolide	No resistance	0	
098Cp-CMPN001x18_260114_LH00793_B23GCKKLT3	tylosin	macrolide	No resistance	0	
098Cp-CMPN001x18_260114_LH00793_B23GCKKLT3	telithromycin	macrolide	Resistant	3	msr(D) (msr(D)_AF274302)
098Cp-CMPN001x18_260114_LH00793_B23GCKKLT3	tetracycline	tetracycline	Resistant	2	tet(M) (tet(M)_FR671418), tetA(46) (tetA(46)_HQ652506), tetB(46) (tetB(46)_HQ652506)
098Cp-CMPN001x18_260114_LH00793_B23GCKKLT3	doxycycline	tetracycline	Resistant	2	tet(M) (tet(M)_FR671418), tetA(46) (tetA(46)_HQ652506), tetB(46) (tetB(46)_HQ652506)
098Cp-CMPN001x18_260114_LH00793_B23GCKKLT3	minocycline	tetracycline	Resistant	2	tet(M) (tet(M)_FR671418)
098Cp-CMPN001x18_260114_LH00793_B23GCKKLT3	tigecycline	tetracycline	Resistant	2	tetA(46) (tetA(46)_HQ652506), tetB(46) (tetB(46)_HQ652506)
098Cp-CMPN001x18_260114_LH00793_B23GCKKLT3	quinupristin	streptogramin b	Resistant	3	msr(D) (msr(D)_AF274302), erm(B) (erm(B)_X72021), erm(B) (erm(B)_JN899585)
098Cp-CMPN001x18_260114_LH00793_B23GCKKLT3	pristinamycin ia	streptogramin b	Resistant	3	msr(D) (msr(D)_AF274302), erm(B) (erm(B)_X72021), erm(B) (erm(B)_JN899585)
098Cp-CMPN001x18_260114_LH00793_B23GCKKLT3	virginiamycin s	streptogramin b	Resistant	3	msr(D) (msr(D)_AF274302), erm(B) (erm(B)_X72021), erm(B) (erm(B)_JN899585)
098Cp-CMPN001x18_260114_LH00793_B23GCKKLT3	linezolid	oxazolidinone	No resistance	0	
098Cp-CMPN001x18_260114_LH00793_B23GCKKLT3	chloramphenicol	amphenicol	No resistance	0	
098Cp-CMPN001x18_260114_LH00793_B23GCKKLT3	florfenicol	amphenicol	No resistance	0	
098Cp-CMPN001x18_260114_LH00793_B23GCKKLT3	colistin	polymyxin	No resistance	0	
098Cp-CMPN001x18_260114_LH00793_B23GCKKLT3	fusidic acid	steroid antibacterial	No resistance	0	
098Cp-CMPN001x18_260114_LH00793_B23GCKKLT3	mupirocin	pseudomonic acid	No resistance	0	
098Cp-CMPN001x18_260114_LH00793_B23GCKKLT3	rifampicin	rifamycin	No resistance	0	
098Cp-CMPN001x18_260114_LH00793_B23GCKKLT3	metronidazole	nitroimidazole	No resistance	0	
098Cp-CMPN001x18_260114_LH00793_B23GCKKLT3	narasin	ionophores	No resistance	0	
098Cp-CMPN001x18_260114_LH00793_B23GCKKLT3	salinomycin	ionophores	No resistance	0	
098Cp-CMPN001x18_260114_LH00793_B23GCKKLT3	maduramicin	ionophores	No resistance	0	
100Cs-CMPN001x20_260114_LH00793_B23GCKKLT3	gentamicin	aminoglycoside	No resistance	0	
100Cs-CMPN001x20_260114_LH00793_B23GCKKLT3	tobramycin	aminoglycoside	No resistance	0	
100Cs-CMPN001x20_260114_LH00793_B23GCKKLT3	streptomycin	aminoglycoside	No resistance	0	
100Cs-CMPN001x20_260114_LH00793_B23GCKKLT3	amikacin	aminoglycoside	No resistance	0	
100Cs-CMPN001x20_260114_LH00793_B23GCKKLT3	isepamicin	aminoglycoside	No resistance	0	
100Cs-CMPN001x20_260114_LH00793_B23GCKKLT3	dibekacin	aminoglycoside	No resistance	0	
100Cs-CMPN001x20_260114_LH00793_B23GCKKLT3	kanamycin	aminoglycoside	No resistance	0	
100Cs-CMPN001x20_260114_LH00793_B23GCKKLT3	neomycin	aminoglycoside	No resistance	0	
100Cs-CMPN001x20_260114_LH00793_B23GCKKLT3	lividomycin	aminoglycoside	No resistance	0	
100Cs-CMPN001x20_260114_LH00793_B23GCKKLT3	paromomycin	aminoglycoside	No resistance	0	
100Cs-CMPN001x20_260114_LH00793_B23GCKKLT3	ribostamycin	aminoglycoside	No resistance	0	
100Cs-CMPN001x20_260114_LH00793_B23GCKKLT3	unknown aminoglycoside	aminoglycoside	No resistance	0	
100Cs-CMPN001x20_260114_LH00793_B23GCKKLT3	butiromycin	aminoglycoside	No resistance	0	
100Cs-CMPN001x20_260114_LH00793_B23GCKKLT3	butirosin	aminoglycoside	No resistance	0	
100Cs-CMPN001x20_260114_LH00793_B23GCKKLT3	hygromycin	aminoglycoside	No resistance	0	
100Cs-CMPN001x20_260114_LH00793_B23GCKKLT3	netilmicin	aminoglycoside	No resistance	0	
100Cs-CMPN001x20_260114_LH00793_B23GCKKLT3	apramycin	aminoglycoside	No resistance	0	
100Cs-CMPN001x20_260114_LH00793_B23GCKKLT3	sisomicin	aminoglycoside	No resistance	0	
100Cs-CMPN001x20_260114_LH00793_B23GCKKLT3	arbekacin	aminoglycoside	No resistance	0	
100Cs-CMPN001x20_260114_LH00793_B23GCKKLT3	kasugamycin	aminoglycoside	No resistance	0	
100Cs-CMPN001x20_260114_LH00793_B23GCKKLT3	astromicin	aminoglycoside	No resistance	0	
100Cs-CMPN001x20_260114_LH00793_B23GCKKLT3	fortimicin	aminoglycoside	No resistance	0	
100Cs-CMPN001x20_260114_LH00793_B23GCKKLT3	spectinomycin	aminocyclitol	No resistance	0	
100Cs-CMPN001x20_260114_LH00793_B23GCKKLT3	fluoroquinolone	quinolone	No resistance	0	
100Cs-CMPN001x20_260114_LH00793_B23GCKKLT3	ciprofloxacin	quinolone	No resistance	0	
100Cs-CMPN001x20_260114_LH00793_B23GCKKLT3	unknown quinolone	quinolone	No resistance	0	
100Cs-CMPN001x20_260114_LH00793_B23GCKKLT3	nalidixic acid	quinolone	No resistance	0	
100Cs-CMPN001x20_260114_LH00793_B23GCKKLT3	amoxicillin	beta-lactam	No resistance	0	
100Cs-CMPN001x20_260114_LH00793_B23GCKKLT3	amoxicillin+clavulanic acid	beta-lactam	No resistance	0	
100Cs-CMPN001x20_260114_LH00793_B23GCKKLT3	ampicillin	beta-lactam	No resistance	0	
100Cs-CMPN001x20_260114_LH00793_B23GCKKLT3	ampicillin+clavulanic acid	beta-lactam	No resistance	0	
100Cs-CMPN001x20_260114_LH00793_B23GCKKLT3	cefepime	beta-lactam	No resistance	0	
100Cs-CMPN001x20_260114_LH00793_B23GCKKLT3	cefixime	beta-lactam	No resistance	0	
100Cs-CMPN001x20_260114_LH00793_B23GCKKLT3	cefotaxime	beta-lactam	No resistance	0	
100Cs-CMPN001x20_260114_LH00793_B23GCKKLT3	cefoxitin	beta-lactam	No resistance	0	
100Cs-CMPN001x20_260114_LH00793_B23GCKKLT3	ceftazidime	beta-lactam	No resistance	0	
100Cs-CMPN001x20_260114_LH00793_B23GCKKLT3	ertapenem	beta-lactam	No resistance	0	
100Cs-CMPN001x20_260114_LH00793_B23GCKKLT3	imipenem	beta-lactam	No resistance	0	
100Cs-CMPN001x20_260114_LH00793_B23GCKKLT3	meropenem	beta-lactam	No resistance	0	
100Cs-CMPN001x20_260114_LH00793_B23GCKKLT3	piperacillin	beta-lactam	No resistance	0	
100Cs-CMPN001x20_260114_LH00793_B23GCKKLT3	piperacillin+tazobactam	beta-lactam	No resistance	0	
100Cs-CMPN001x20_260114_LH00793_B23GCKKLT3	unknown beta-lactam	beta-lactam	No resistance	0	
100Cs-CMPN001x20_260114_LH00793_B23GCKKLT3	aztreonam	beta-lactam	No resistance	0	
100Cs-CMPN001x20_260114_LH00793_B23GCKKLT3	cefotaxime+clavulanic acid	beta-lactam	No resistance	0	
100Cs-CMPN001x20_260114_LH00793_B23GCKKLT3	temocillin	beta-lactam	No resistance	0	
100Cs-CMPN001x20_260114_LH00793_B23GCKKLT3	ticarcillin	beta-lactam	No resistance	0	
100Cs-CMPN001x20_260114_LH00793_B23GCKKLT3	ceftazidime+avibactam	beta-lactam	No resistance	0	
100Cs-CMPN001x20_260114_LH00793_B23GCKKLT3	penicillin	beta-lactam	No resistance	0	
100Cs-CMPN001x20_260114_LH00793_B23GCKKLT3	ceftriaxone	beta-lactam	No resistance	0	
100Cs-CMPN001x20_260114_LH00793_B23GCKKLT3	ticarcillin+clavulanic acid	beta-lactam	No resistance	0	
100Cs-CMPN001x20_260114_LH00793_B23GCKKLT3	cephalothin	beta-lactam	No resistance	0	
100Cs-CMPN001x20_260114_LH00793_B23GCKKLT3	piperacillin+clavulanic acid	beta-lactam	No resistance	0	
100Cs-CMPN001x20_260114_LH00793_B23GCKKLT3	ceftiofur	under_development	No resistance	0	
100Cs-CMPN001x20_260114_LH00793_B23GCKKLT3	sulfamethoxazole	folate pathway antagonist	No resistance	0	
100Cs-CMPN001x20_260114_LH00793_B23GCKKLT3	trimethoprim	folate pathway antagonist	No resistance	0	
100Cs-CMPN001x20_260114_LH00793_B23GCKKLT3	fosfomycin	fosfomycin	No resistance	0	
100Cs-CMPN001x20_260114_LH00793_B23GCKKLT3	vancomycin	glycopeptide	No resistance	0	
100Cs-CMPN001x20_260114_LH00793_B23GCKKLT3	teicoplanin	glycopeptide	No resistance	0	
100Cs-CMPN001x20_260114_LH00793_B23GCKKLT3	bleomycin	glycopeptide	No resistance	0	
100Cs-CMPN001x20_260114_LH00793_B23GCKKLT3	lincomycin	lincosamide	Resistant	3	erm(B) (erm(B)_X72021)
100Cs-CMPN001x20_260114_LH00793_B23GCKKLT3	clindamycin	lincosamide	Resistant	3	erm(B) (erm(B)_X72021)
100Cs-CMPN001x20_260114_LH00793_B23GCKKLT3	dalfopristin	streptogramin a	No resistance	0	
100Cs-CMPN001x20_260114_LH00793_B23GCKKLT3	pristinamycin iia	streptogramin a	No resistance	0	
100Cs-CMPN001x20_260114_LH00793_B23GCKKLT3	virginiamycin m	streptogramin a	No resistance	0	
100Cs-CMPN001x20_260114_LH00793_B23GCKKLT3	quinupristin+dalfopristin	streptogramin a	No resistance	0	
100Cs-CMPN001x20_260114_LH00793_B23GCKKLT3	tiamulin	pleuromutilin	No resistance	0	
100Cs-CMPN001x20_260114_LH00793_B23GCKKLT3	carbomycin	macrolide	No resistance	0	
100Cs-CMPN001x20_260114_LH00793_B23GCKKLT3	erythromycin	macrolide	Resistant	3	erm(B) (erm(B)_X72021)
100Cs-CMPN001x20_260114_LH00793_B23GCKKLT3	azithromycin	macrolide	No resistance	0	
100Cs-CMPN001x20_260114_LH00793_B23GCKKLT3	oleandomycin	macrolide	No resistance	0	
100Cs-CMPN001x20_260114_LH00793_B23GCKKLT3	spiramycin	macrolide	No resistance	0	
100Cs-CMPN001x20_260114_LH00793_B23GCKKLT3	tylosin	macrolide	No resistance	0	
100Cs-CMPN001x20_260114_LH00793_B23GCKKLT3	telithromycin	macrolide	No resistance	0	
100Cs-CMPN001x20_260114_LH00793_B23GCKKLT3	tetracycline	tetracycline	Resistant	2	tet(M) (tet(M)_FR671418)
100Cs-CMPN001x20_260114_LH00793_B23GCKKLT3	doxycycline	tetracycline	Resistant	2	tet(M) (tet(M)_FR671418)
100Cs-CMPN001x20_260114_LH00793_B23GCKKLT3	minocycline	tetracycline	Resistant	2	tet(M) (tet(M)_FR671418)
100Cs-CMPN001x20_260114_LH00793_B23GCKKLT3	tigecycline	tetracycline	No resistance	0	
100Cs-CMPN001x20_260114_LH00793_B23GCKKLT3	quinupristin	streptogramin b	Resistant	3	erm(B) (erm(B)_X72021)
100Cs-CMPN001x20_260114_LH00793_B23GCKKLT3	pristinamycin ia	streptogramin b	Resistant	3	erm(B) (erm(B)_X72021)
100Cs-CMPN001x20_260114_LH00793_B23GCKKLT3	virginiamycin s	streptogramin b	Resistant	3	erm(B) (erm(B)_X72021)
100Cs-CMPN001x20_260114_LH00793_B23GCKKLT3	linezolid	oxazolidinone	No resistance	0	
100Cs-CMPN001x20_260114_LH00793_B23GCKKLT3	chloramphenicol	amphenicol	No resistance	0	
100Cs-CMPN001x20_260114_LH00793_B23GCKKLT3	florfenicol	amphenicol	No resistance	0	
100Cs-CMPN001x20_260114_LH00793_B23GCKKLT3	colistin	polymyxin	No resistance	0	
100Cs-CMPN001x20_260114_LH00793_B23GCKKLT3	fusidic acid	steroid antibacterial	No resistance	0	
100Cs-CMPN001x20_260114_LH00793_B23GCKKLT3	mupirocin	pseudomonic acid	No resistance	0	
100Cs-CMPN001x20_260114_LH00793_B23GCKKLT3	rifampicin	rifamycin	No resistance	0	
100Cs-CMPN001x20_260114_LH00793_B23GCKKLT3	metronidazole	nitroimidazole	No resistance	0	
100Cs-CMPN001x20_260114_LH00793_B23GCKKLT3	narasin	ionophores	No resistance	0	
100Cs-CMPN001x20_260114_LH00793_B23GCKKLT3	salinomycin	ionophores	No resistance	0	
100Cs-CMPN001x20_260114_LH00793_B23GCKKLT3	maduramicin	ionophores	No resistance	0	
103Cs-CMPN001x21_260114_LH00793_B23GCKKLT3	gentamicin	aminoglycoside	No resistance	0	
103Cs-CMPN001x21_260114_LH00793_B23GCKKLT3	tobramycin	aminoglycoside	No resistance	0	
103Cs-CMPN001x21_260114_LH00793_B23GCKKLT3	streptomycin	aminoglycoside	No resistance	0	
103Cs-CMPN001x21_260114_LH00793_B23GCKKLT3	amikacin	aminoglycoside	No resistance	0	
103Cs-CMPN001x21_260114_LH00793_B23GCKKLT3	isepamicin	aminoglycoside	No resistance	0	
103Cs-CMPN001x21_260114_LH00793_B23GCKKLT3	dibekacin	aminoglycoside	No resistance	0	
103Cs-CMPN001x21_260114_LH00793_B23GCKKLT3	kanamycin	aminoglycoside	No resistance	0	
103Cs-CMPN001x21_260114_LH00793_B23GCKKLT3	neomycin	aminoglycoside	No resistance	0	
103Cs-CMPN001x21_260114_LH00793_B23GCKKLT3	lividomycin	aminoglycoside	No resistance	0	
103Cs-CMPN001x21_260114_LH00793_B23GCKKLT3	paromomycin	aminoglycoside	No resistance	0	
103Cs-CMPN001x21_260114_LH00793_B23GCKKLT3	ribostamycin	aminoglycoside	No resistance	0	
103Cs-CMPN001x21_260114_LH00793_B23GCKKLT3	unknown aminoglycoside	aminoglycoside	No resistance	0	
103Cs-CMPN001x21_260114_LH00793_B23GCKKLT3	butiromycin	aminoglycoside	No resistance	0	
103Cs-CMPN001x21_260114_LH00793_B23GCKKLT3	butirosin	aminoglycoside	No resistance	0	
103Cs-CMPN001x21_260114_LH00793_B23GCKKLT3	hygromycin	aminoglycoside	No resistance	0	
103Cs-CMPN001x21_260114_LH00793_B23GCKKLT3	netilmicin	aminoglycoside	No resistance	0	
103Cs-CMPN001x21_260114_LH00793_B23GCKKLT3	apramycin	aminoglycoside	No resistance	0	
103Cs-CMPN001x21_260114_LH00793_B23GCKKLT3	sisomicin	aminoglycoside	No resistance	0	
103Cs-CMPN001x21_260114_LH00793_B23GCKKLT3	arbekacin	aminoglycoside	No resistance	0	
103Cs-CMPN001x21_260114_LH00793_B23GCKKLT3	kasugamycin	aminoglycoside	No resistance	0	
103Cs-CMPN001x21_260114_LH00793_B23GCKKLT3	astromicin	aminoglycoside	No resistance	0	
103Cs-CMPN001x21_260114_LH00793_B23GCKKLT3	fortimicin	aminoglycoside	No resistance	0	
103Cs-CMPN001x21_260114_LH00793_B23GCKKLT3	spectinomycin	aminocyclitol	No resistance	0	
103Cs-CMPN001x21_260114_LH00793_B23GCKKLT3	fluoroquinolone	quinolone	No resistance	0	
103Cs-CMPN001x21_260114_LH00793_B23GCKKLT3	ciprofloxacin	quinolone	No resistance	0	
103Cs-CMPN001x21_260114_LH00793_B23GCKKLT3	unknown quinolone	quinolone	No resistance	0	
103Cs-CMPN001x21_260114_LH00793_B23GCKKLT3	nalidixic acid	quinolone	No resistance	0	
103Cs-CMPN001x21_260114_LH00793_B23GCKKLT3	amoxicillin	beta-lactam	No resistance	0	
103Cs-CMPN001x21_260114_LH00793_B23GCKKLT3	amoxicillin+clavulanic acid	beta-lactam	No resistance	0	
103Cs-CMPN001x21_260114_LH00793_B23GCKKLT3	ampicillin	beta-lactam	No resistance	0	
103Cs-CMPN001x21_260114_LH00793_B23GCKKLT3	ampicillin+clavulanic acid	beta-lactam	No resistance	0	
103Cs-CMPN001x21_260114_LH00793_B23GCKKLT3	cefepime	beta-lactam	No resistance	0	
103Cs-CMPN001x21_260114_LH00793_B23GCKKLT3	cefixime	beta-lactam	No resistance	0	
103Cs-CMPN001x21_260114_LH00793_B23GCKKLT3	cefotaxime	beta-lactam	No resistance	0	
103Cs-CMPN001x21_260114_LH00793_B23GCKKLT3	cefoxitin	beta-lactam	No resistance	0	
103Cs-CMPN001x21_260114_LH00793_B23GCKKLT3	ceftazidime	beta-lactam	No resistance	0	
103Cs-CMPN001x21_260114_LH00793_B23GCKKLT3	ertapenem	beta-lactam	No resistance	0	
103Cs-CMPN001x21_260114_LH00793_B23GCKKLT3	imipenem	beta-lactam	No resistance	0	
103Cs-CMPN001x21_260114_LH00793_B23GCKKLT3	meropenem	beta-lactam	No resistance	0	
103Cs-CMPN001x21_260114_LH00793_B23GCKKLT3	piperacillin	beta-lactam	No resistance	0	
103Cs-CMPN001x21_260114_LH00793_B23GCKKLT3	piperacillin+tazobactam	beta-lactam	No resistance	0	
103Cs-CMPN001x21_260114_LH00793_B23GCKKLT3	unknown beta-lactam	beta-lactam	No resistance	0	
103Cs-CMPN001x21_260114_LH00793_B23GCKKLT3	aztreonam	beta-lactam	No resistance	0	
103Cs-CMPN001x21_260114_LH00793_B23GCKKLT3	cefotaxime+clavulanic acid	beta-lactam	No resistance	0	
103Cs-CMPN001x21_260114_LH00793_B23GCKKLT3	temocillin	beta-lactam	No resistance	0	
103Cs-CMPN001x21_260114_LH00793_B23GCKKLT3	ticarcillin	beta-lactam	No resistance	0	
103Cs-CMPN001x21_260114_LH00793_B23GCKKLT3	ceftazidime+avibactam	beta-lactam	No resistance	0	
103Cs-CMPN001x21_260114_LH00793_B23GCKKLT3	penicillin	beta-lactam	No resistance	0	
103Cs-CMPN001x21_260114_LH00793_B23GCKKLT3	ceftriaxone	beta-lactam	No resistance	0	
103Cs-CMPN001x21_260114_LH00793_B23GCKKLT3	ticarcillin+clavulanic acid	beta-lactam	No resistance	0	
103Cs-CMPN001x21_260114_LH00793_B23GCKKLT3	cephalothin	beta-lactam	No resistance	0	
103Cs-CMPN001x21_260114_LH00793_B23GCKKLT3	piperacillin+clavulanic acid	beta-lactam	No resistance	0	
103Cs-CMPN001x21_260114_LH00793_B23GCKKLT3	ceftiofur	under_development	No resistance	0	
103Cs-CMPN001x21_260114_LH00793_B23GCKKLT3	sulfamethoxazole	folate pathway antagonist	No resistance	0	
103Cs-CMPN001x21_260114_LH00793_B23GCKKLT3	trimethoprim	folate pathway antagonist	No resistance	0	
103Cs-CMPN001x21_260114_LH00793_B23GCKKLT3	fosfomycin	fosfomycin	No resistance	0	
103Cs-CMPN001x21_260114_LH00793_B23GCKKLT3	vancomycin	glycopeptide	No resistance	0	
103Cs-CMPN001x21_260114_LH00793_B23GCKKLT3	teicoplanin	glycopeptide	No resistance	0	
103Cs-CMPN001x21_260114_LH00793_B23GCKKLT3	bleomycin	glycopeptide	No resistance	0	
103Cs-CMPN001x21_260114_LH00793_B23GCKKLT3	lincomycin	lincosamide	Resistant	2	lsa(C) (lsa(C)_HM990671)
103Cs-CMPN001x21_260114_LH00793_B23GCKKLT3	clindamycin	lincosamide	Resistant	2	lsa(C) (lsa(C)_HM990671)
103Cs-CMPN001x21_260114_LH00793_B23GCKKLT3	dalfopristin	streptogramin a	Resistant	2	lsa(C) (lsa(C)_HM990671)
103Cs-CMPN001x21_260114_LH00793_B23GCKKLT3	pristinamycin iia	streptogramin a	Resistant	2	lsa(C) (lsa(C)_HM990671)
103Cs-CMPN001x21_260114_LH00793_B23GCKKLT3	virginiamycin m	streptogramin a	Resistant	2	lsa(C) (lsa(C)_HM990671)
103Cs-CMPN001x21_260114_LH00793_B23GCKKLT3	quinupristin+dalfopristin	streptogramin a	No resistance	0	
103Cs-CMPN001x21_260114_LH00793_B23GCKKLT3	tiamulin	pleuromutilin	Resistant	2	lsa(C) (lsa(C)_HM990671)
103Cs-CMPN001x21_260114_LH00793_B23GCKKLT3	carbomycin	macrolide	No resistance	0	
103Cs-CMPN001x21_260114_LH00793_B23GCKKLT3	erythromycin	macrolide	No resistance	0	
103Cs-CMPN001x21_260114_LH00793_B23GCKKLT3	azithromycin	macrolide	No resistance	0	
103Cs-CMPN001x21_260114_LH00793_B23GCKKLT3	oleandomycin	macrolide	No resistance	0	
103Cs-CMPN001x21_260114_LH00793_B23GCKKLT3	spiramycin	macrolide	No resistance	0	
103Cs-CMPN001x21_260114_LH00793_B23GCKKLT3	tylosin	macrolide	No resistance	0	
103Cs-CMPN001x21_260114_LH00793_B23GCKKLT3	telithromycin	macrolide	No resistance	0	
103Cs-CMPN001x21_260114_LH00793_B23GCKKLT3	tetracycline	tetracycline	No resistance	0	
103Cs-CMPN001x21_260114_LH00793_B23GCKKLT3	doxycycline	tetracycline	No resistance	0	
103Cs-CMPN001x21_260114_LH00793_B23GCKKLT3	minocycline	tetracycline	No resistance	0	
103Cs-CMPN001x21_260114_LH00793_B23GCKKLT3	tigecycline	tetracycline	No resistance	0	
103Cs-CMPN001x21_260114_LH00793_B23GCKKLT3	quinupristin	streptogramin b	No resistance	0	
103Cs-CMPN001x21_260114_LH00793_B23GCKKLT3	pristinamycin ia	streptogramin b	No resistance	0	
103Cs-CMPN001x21_260114_LH00793_B23GCKKLT3	virginiamycin s	streptogramin b	No resistance	0	
103Cs-CMPN001x21_260114_LH00793_B23GCKKLT3	linezolid	oxazolidinone	No resistance	0	
103Cs-CMPN001x21_260114_LH00793_B23GCKKLT3	chloramphenicol	amphenicol	No resistance	0	
103Cs-CMPN001x21_260114_LH00793_B23GCKKLT3	florfenicol	amphenicol	No resistance	0	
103Cs-CMPN001x21_260114_LH00793_B23GCKKLT3	colistin	polymyxin	No resistance	0	
103Cs-CMPN001x21_260114_LH00793_B23GCKKLT3	fusidic acid	steroid antibacterial	No resistance	0	
103Cs-CMPN001x21_260114_LH00793_B23GCKKLT3	mupirocin	pseudomonic acid	No resistance	0	
103Cs-CMPN001x21_260114_LH00793_B23GCKKLT3	rifampicin	rifamycin	No resistance	0	
103Cs-CMPN001x21_260114_LH00793_B23GCKKLT3	metronidazole	nitroimidazole	No resistance	0	
103Cs-CMPN001x21_260114_LH00793_B23GCKKLT3	narasin	ionophores	No resistance	0	
103Cs-CMPN001x21_260114_LH00793_B23GCKKLT3	salinomycin	ionophores	No resistance	0	
103Cs-CMPN001x21_260114_LH00793_B23GCKKLT3	maduramicin	ionophores	No resistance	0	
104Ap-CMPN001x55_260114_LH00793_B23GCKKLT3	gentamicin	aminoglycoside	No resistance	0	
104Ap-CMPN001x55_260114_LH00793_B23GCKKLT3	tobramycin	aminoglycoside	No resistance	0	
104Ap-CMPN001x55_260114_LH00793_B23GCKKLT3	streptomycin	aminoglycoside	No resistance	0	
104Ap-CMPN001x55_260114_LH00793_B23GCKKLT3	amikacin	aminoglycoside	No resistance	0	
104Ap-CMPN001x55_260114_LH00793_B23GCKKLT3	isepamicin	aminoglycoside	No resistance	0	
104Ap-CMPN001x55_260114_LH00793_B23GCKKLT3	dibekacin	aminoglycoside	No resistance	0	
104Ap-CMPN001x55_260114_LH00793_B23GCKKLT3	kanamycin	aminoglycoside	No resistance	0	
104Ap-CMPN001x55_260114_LH00793_B23GCKKLT3	neomycin	aminoglycoside	No resistance	0	
104Ap-CMPN001x55_260114_LH00793_B23GCKKLT3	lividomycin	aminoglycoside	No resistance	0	
104Ap-CMPN001x55_260114_LH00793_B23GCKKLT3	paromomycin	aminoglycoside	No resistance	0	
104Ap-CMPN001x55_260114_LH00793_B23GCKKLT3	ribostamycin	aminoglycoside	No resistance	0	
104Ap-CMPN001x55_260114_LH00793_B23GCKKLT3	unknown aminoglycoside	aminoglycoside	No resistance	0	
104Ap-CMPN001x55_260114_LH00793_B23GCKKLT3	butiromycin	aminoglycoside	No resistance	0	
104Ap-CMPN001x55_260114_LH00793_B23GCKKLT3	butirosin	aminoglycoside	No resistance	0	
104Ap-CMPN001x55_260114_LH00793_B23GCKKLT3	hygromycin	aminoglycoside	No resistance	0	
104Ap-CMPN001x55_260114_LH00793_B23GCKKLT3	netilmicin	aminoglycoside	No resistance	0	
104Ap-CMPN001x55_260114_LH00793_B23GCKKLT3	apramycin	aminoglycoside	No resistance	0	
104Ap-CMPN001x55_260114_LH00793_B23GCKKLT3	sisomicin	aminoglycoside	No resistance	0	
104Ap-CMPN001x55_260114_LH00793_B23GCKKLT3	arbekacin	aminoglycoside	No resistance	0	
104Ap-CMPN001x55_260114_LH00793_B23GCKKLT3	kasugamycin	aminoglycoside	No resistance	0	
104Ap-CMPN001x55_260114_LH00793_B23GCKKLT3	astromicin	aminoglycoside	No resistance	0	
104Ap-CMPN001x55_260114_LH00793_B23GCKKLT3	fortimicin	aminoglycoside	No resistance	0	
104Ap-CMPN001x55_260114_LH00793_B23GCKKLT3	spectinomycin	aminocyclitol	No resistance	0	
104Ap-CMPN001x55_260114_LH00793_B23GCKKLT3	fluoroquinolone	quinolone	No resistance	0	
104Ap-CMPN001x55_260114_LH00793_B23GCKKLT3	ciprofloxacin	quinolone	No resistance	0	
104Ap-CMPN001x55_260114_LH00793_B23GCKKLT3	unknown quinolone	quinolone	No resistance	0	
104Ap-CMPN001x55_260114_LH00793_B23GCKKLT3	nalidixic acid	quinolone	No resistance	0	
104Ap-CMPN001x55_260114_LH00793_B23GCKKLT3	amoxicillin	beta-lactam	No resistance	0	
104Ap-CMPN001x55_260114_LH00793_B23GCKKLT3	amoxicillin+clavulanic acid	beta-lactam	No resistance	0	
104Ap-CMPN001x55_260114_LH00793_B23GCKKLT3	ampicillin	beta-lactam	No resistance	0	
104Ap-CMPN001x55_260114_LH00793_B23GCKKLT3	ampicillin+clavulanic acid	beta-lactam	No resistance	0	
104Ap-CMPN001x55_260114_LH00793_B23GCKKLT3	cefepime	beta-lactam	No resistance	0	
104Ap-CMPN001x55_260114_LH00793_B23GCKKLT3	cefixime	beta-lactam	No resistance	0	
104Ap-CMPN001x55_260114_LH00793_B23GCKKLT3	cefotaxime	beta-lactam	No resistance	0	
104Ap-CMPN001x55_260114_LH00793_B23GCKKLT3	cefoxitin	beta-lactam	No resistance	0	
104Ap-CMPN001x55_260114_LH00793_B23GCKKLT3	ceftazidime	beta-lactam	No resistance	0	
104Ap-CMPN001x55_260114_LH00793_B23GCKKLT3	ertapenem	beta-lactam	No resistance	0	
104Ap-CMPN001x55_260114_LH00793_B23GCKKLT3	imipenem	beta-lactam	No resistance	0	
104Ap-CMPN001x55_260114_LH00793_B23GCKKLT3	meropenem	beta-lactam	No resistance	0	
104Ap-CMPN001x55_260114_LH00793_B23GCKKLT3	piperacillin	beta-lactam	No resistance	0	
104Ap-CMPN001x55_260114_LH00793_B23GCKKLT3	piperacillin+tazobactam	beta-lactam	No resistance	0	
104Ap-CMPN001x55_260114_LH00793_B23GCKKLT3	unknown beta-lactam	beta-lactam	No resistance	0	
104Ap-CMPN001x55_260114_LH00793_B23GCKKLT3	aztreonam	beta-lactam	No resistance	0	
104Ap-CMPN001x55_260114_LH00793_B23GCKKLT3	cefotaxime+clavulanic acid	beta-lactam	No resistance	0	
104Ap-CMPN001x55_260114_LH00793_B23GCKKLT3	temocillin	beta-lactam	No resistance	0	
104Ap-CMPN001x55_260114_LH00793_B23GCKKLT3	ticarcillin	beta-lactam	No resistance	0	
104Ap-CMPN001x55_260114_LH00793_B23GCKKLT3	ceftazidime+avibactam	beta-lactam	No resistance	0	
104Ap-CMPN001x55_260114_LH00793_B23GCKKLT3	penicillin	beta-lactam	No resistance	0	
104Ap-CMPN001x55_260114_LH00793_B23GCKKLT3	ceftriaxone	beta-lactam	No resistance	0	
104Ap-CMPN001x55_260114_LH00793_B23GCKKLT3	ticarcillin+clavulanic acid	beta-lactam	No resistance	0	
104Ap-CMPN001x55_260114_LH00793_B23GCKKLT3	cephalothin	beta-lactam	No resistance	0	
104Ap-CMPN001x55_260114_LH00793_B23GCKKLT3	piperacillin+clavulanic acid	beta-lactam	No resistance	0	
104Ap-CMPN001x55_260114_LH00793_B23GCKKLT3	ceftiofur	under_development	No resistance	0	
104Ap-CMPN001x55_260114_LH00793_B23GCKKLT3	sulfamethoxazole	folate pathway antagonist	No resistance	0	
104Ap-CMPN001x55_260114_LH00793_B23GCKKLT3	trimethoprim	folate pathway antagonist	No resistance	0	
104Ap-CMPN001x55_260114_LH00793_B23GCKKLT3	fosfomycin	fosfomycin	No resistance	0	
104Ap-CMPN001x55_260114_LH00793_B23GCKKLT3	vancomycin	glycopeptide	No resistance	0	
104Ap-CMPN001x55_260114_LH00793_B23GCKKLT3	teicoplanin	glycopeptide	No resistance	0	
104Ap-CMPN001x55_260114_LH00793_B23GCKKLT3	bleomycin	glycopeptide	No resistance	0	
104Ap-CMPN001x55_260114_LH00793_B23GCKKLT3	lincomycin	lincosamide	No resistance	0	
104Ap-CMPN001x55_260114_LH00793_B23GCKKLT3	clindamycin	lincosamide	No resistance	0	
104Ap-CMPN001x55_260114_LH00793_B23GCKKLT3	dalfopristin	streptogramin a	No resistance	0	
104Ap-CMPN001x55_260114_LH00793_B23GCKKLT3	pristinamycin iia	streptogramin a	No resistance	0	
104Ap-CMPN001x55_260114_LH00793_B23GCKKLT3	virginiamycin m	streptogramin a	No resistance	0	
104Ap-CMPN001x55_260114_LH00793_B23GCKKLT3	quinupristin+dalfopristin	streptogramin a	No resistance	0	
104Ap-CMPN001x55_260114_LH00793_B23GCKKLT3	tiamulin	pleuromutilin	No resistance	0	
104Ap-CMPN001x55_260114_LH00793_B23GCKKLT3	carbomycin	macrolide	No resistance	0	
104Ap-CMPN001x55_260114_LH00793_B23GCKKLT3	erythromycin	macrolide	Resistant	3	msr(D) (msr(D)_AF274302), mef(A) (mef(A)_U83667)
104Ap-CMPN001x55_260114_LH00793_B23GCKKLT3	azithromycin	macrolide	Resistant	3	msr(D) (msr(D)_AF274302), mef(A) (mef(A)_U83667)
104Ap-CMPN001x55_260114_LH00793_B23GCKKLT3	oleandomycin	macrolide	No resistance	0	
104Ap-CMPN001x55_260114_LH00793_B23GCKKLT3	spiramycin	macrolide	No resistance	0	
104Ap-CMPN001x55_260114_LH00793_B23GCKKLT3	tylosin	macrolide	No resistance	0	
104Ap-CMPN001x55_260114_LH00793_B23GCKKLT3	telithromycin	macrolide	Resistant	3	msr(D) (msr(D)_AF274302)
104Ap-CMPN001x55_260114_LH00793_B23GCKKLT3	tetracycline	tetracycline	Resistant	2	tetA(46) (tetA(46)_HQ652506), tetB(46) (tetB(46)_HQ652506), tet(O) (tet(O)_M18896)
104Ap-CMPN001x55_260114_LH00793_B23GCKKLT3	doxycycline	tetracycline	Resistant	2	tetA(46) (tetA(46)_HQ652506), tetB(46) (tetB(46)_HQ652506), tet(O) (tet(O)_M18896)
104Ap-CMPN001x55_260114_LH00793_B23GCKKLT3	minocycline	tetracycline	Resistant	2	tet(O) (tet(O)_M18896)
104Ap-CMPN001x55_260114_LH00793_B23GCKKLT3	tigecycline	tetracycline	Resistant	2	tetA(46) (tetA(46)_HQ652506), tetB(46) (tetB(46)_HQ652506)
104Ap-CMPN001x55_260114_LH00793_B23GCKKLT3	quinupristin	streptogramin b	Resistant	3	msr(D) (msr(D)_AF274302)
104Ap-CMPN001x55_260114_LH00793_B23GCKKLT3	pristinamycin ia	streptogramin b	Resistant	3	msr(D) (msr(D)_AF274302)
104Ap-CMPN001x55_260114_LH00793_B23GCKKLT3	virginiamycin s	streptogramin b	Resistant	3	msr(D) (msr(D)_AF274302)
104Ap-CMPN001x55_260114_LH00793_B23GCKKLT3	linezolid	oxazolidinone	No resistance	0	
104Ap-CMPN001x55_260114_LH00793_B23GCKKLT3	chloramphenicol	amphenicol	No resistance	0	
104Ap-CMPN001x55_260114_LH00793_B23GCKKLT3	florfenicol	amphenicol	No resistance	0	
104Ap-CMPN001x55_260114_LH00793_B23GCKKLT3	colistin	polymyxin	No resistance	0	
104Ap-CMPN001x55_260114_LH00793_B23GCKKLT3	fusidic acid	steroid antibacterial	No resistance	0	
104Ap-CMPN001x55_260114_LH00793_B23GCKKLT3	mupirocin	pseudomonic acid	No resistance	0	
104Ap-CMPN001x55_260114_LH00793_B23GCKKLT3	rifampicin	rifamycin	No resistance	0	
104Ap-CMPN001x55_260114_LH00793_B23GCKKLT3	metronidazole	nitroimidazole	No resistance	0	
104Ap-CMPN001x55_260114_LH00793_B23GCKKLT3	narasin	ionophores	No resistance	0	
104Ap-CMPN001x55_260114_LH00793_B23GCKKLT3	salinomycin	ionophores	No resistance	0	
104Ap-CMPN001x55_260114_LH00793_B23GCKKLT3	maduramicin	ionophores	No resistance	0	
104Csv-CMPN001x22_260114_LH00793_B23GCKKLT3	gentamicin	aminoglycoside	No resistance	0	
104Csv-CMPN001x22_260114_LH00793_B23GCKKLT3	tobramycin	aminoglycoside	No resistance	0	
104Csv-CMPN001x22_260114_LH00793_B23GCKKLT3	streptomycin	aminoglycoside	No resistance	0	
104Csv-CMPN001x22_260114_LH00793_B23GCKKLT3	amikacin	aminoglycoside	No resistance	0	
104Csv-CMPN001x22_260114_LH00793_B23GCKKLT3	isepamicin	aminoglycoside	No resistance	0	
104Csv-CMPN001x22_260114_LH00793_B23GCKKLT3	dibekacin	aminoglycoside	No resistance	0	
104Csv-CMPN001x22_260114_LH00793_B23GCKKLT3	kanamycin	aminoglycoside	No resistance	0	
104Csv-CMPN001x22_260114_LH00793_B23GCKKLT3	neomycin	aminoglycoside	No resistance	0	
104Csv-CMPN001x22_260114_LH00793_B23GCKKLT3	lividomycin	aminoglycoside	No resistance	0	
104Csv-CMPN001x22_260114_LH00793_B23GCKKLT3	paromomycin	aminoglycoside	No resistance	0	
104Csv-CMPN001x22_260114_LH00793_B23GCKKLT3	ribostamycin	aminoglycoside	No resistance	0	
104Csv-CMPN001x22_260114_LH00793_B23GCKKLT3	unknown aminoglycoside	aminoglycoside	No resistance	0	
104Csv-CMPN001x22_260114_LH00793_B23GCKKLT3	butiromycin	aminoglycoside	No resistance	0	
104Csv-CMPN001x22_260114_LH00793_B23GCKKLT3	butirosin	aminoglycoside	No resistance	0	
104Csv-CMPN001x22_260114_LH00793_B23GCKKLT3	hygromycin	aminoglycoside	No resistance	0	
104Csv-CMPN001x22_260114_LH00793_B23GCKKLT3	netilmicin	aminoglycoside	No resistance	0	
104Csv-CMPN001x22_260114_LH00793_B23GCKKLT3	apramycin	aminoglycoside	No resistance	0	
104Csv-CMPN001x22_260114_LH00793_B23GCKKLT3	sisomicin	aminoglycoside	No resistance	0	
104Csv-CMPN001x22_260114_LH00793_B23GCKKLT3	arbekacin	aminoglycoside	No resistance	0	
104Csv-CMPN001x22_260114_LH00793_B23GCKKLT3	kasugamycin	aminoglycoside	No resistance	0	
104Csv-CMPN001x22_260114_LH00793_B23GCKKLT3	astromicin	aminoglycoside	No resistance	0	
104Csv-CMPN001x22_260114_LH00793_B23GCKKLT3	fortimicin	aminoglycoside	No resistance	0	
104Csv-CMPN001x22_260114_LH00793_B23GCKKLT3	spectinomycin	aminocyclitol	No resistance	0	
104Csv-CMPN001x22_260114_LH00793_B23GCKKLT3	fluoroquinolone	quinolone	No resistance	0	
104Csv-CMPN001x22_260114_LH00793_B23GCKKLT3	ciprofloxacin	quinolone	No resistance	0	
104Csv-CMPN001x22_260114_LH00793_B23GCKKLT3	unknown quinolone	quinolone	No resistance	0	
104Csv-CMPN001x22_260114_LH00793_B23GCKKLT3	nalidixic acid	quinolone	No resistance	0	
104Csv-CMPN001x22_260114_LH00793_B23GCKKLT3	amoxicillin	beta-lactam	No resistance	0	
104Csv-CMPN001x22_260114_LH00793_B23GCKKLT3	amoxicillin+clavulanic acid	beta-lactam	No resistance	0	
104Csv-CMPN001x22_260114_LH00793_B23GCKKLT3	ampicillin	beta-lactam	No resistance	0	
104Csv-CMPN001x22_260114_LH00793_B23GCKKLT3	ampicillin+clavulanic acid	beta-lactam	No resistance	0	
104Csv-CMPN001x22_260114_LH00793_B23GCKKLT3	cefepime	beta-lactam	No resistance	0	
104Csv-CMPN001x22_260114_LH00793_B23GCKKLT3	cefixime	beta-lactam	No resistance	0	
104Csv-CMPN001x22_260114_LH00793_B23GCKKLT3	cefotaxime	beta-lactam	No resistance	0	
104Csv-CMPN001x22_260114_LH00793_B23GCKKLT3	cefoxitin	beta-lactam	No resistance	0	
104Csv-CMPN001x22_260114_LH00793_B23GCKKLT3	ceftazidime	beta-lactam	No resistance	0	
104Csv-CMPN001x22_260114_LH00793_B23GCKKLT3	ertapenem	beta-lactam	No resistance	0	
104Csv-CMPN001x22_260114_LH00793_B23GCKKLT3	imipenem	beta-lactam	No resistance	0	
104Csv-CMPN001x22_260114_LH00793_B23GCKKLT3	meropenem	beta-lactam	No resistance	0	
104Csv-CMPN001x22_260114_LH00793_B23GCKKLT3	piperacillin	beta-lactam	No resistance	0	
104Csv-CMPN001x22_260114_LH00793_B23GCKKLT3	piperacillin+tazobactam	beta-lactam	No resistance	0	
104Csv-CMPN001x22_260114_LH00793_B23GCKKLT3	unknown beta-lactam	beta-lactam	No resistance	0	
104Csv-CMPN001x22_260114_LH00793_B23GCKKLT3	aztreonam	beta-lactam	No resistance	0	
104Csv-CMPN001x22_260114_LH00793_B23GCKKLT3	cefotaxime+clavulanic acid	beta-lactam	No resistance	0	
104Csv-CMPN001x22_260114_LH00793_B23GCKKLT3	temocillin	beta-lactam	No resistance	0	
104Csv-CMPN001x22_260114_LH00793_B23GCKKLT3	ticarcillin	beta-lactam	No resistance	0	
104Csv-CMPN001x22_260114_LH00793_B23GCKKLT3	ceftazidime+avibactam	beta-lactam	No resistance	0	
104Csv-CMPN001x22_260114_LH00793_B23GCKKLT3	penicillin	beta-lactam	No resistance	0	
104Csv-CMPN001x22_260114_LH00793_B23GCKKLT3	ceftriaxone	beta-lactam	No resistance	0	
104Csv-CMPN001x22_260114_LH00793_B23GCKKLT3	ticarcillin+clavulanic acid	beta-lactam	No resistance	0	
104Csv-CMPN001x22_260114_LH00793_B23GCKKLT3	cephalothin	beta-lactam	No resistance	0	
104Csv-CMPN001x22_260114_LH00793_B23GCKKLT3	piperacillin+clavulanic acid	beta-lactam	No resistance	0	
104Csv-CMPN001x22_260114_LH00793_B23GCKKLT3	ceftiofur	under_development	No resistance	0	
104Csv-CMPN001x22_260114_LH00793_B23GCKKLT3	sulfamethoxazole	folate pathway antagonist	No resistance	0	
104Csv-CMPN001x22_260114_LH00793_B23GCKKLT3	trimethoprim	folate pathway antagonist	No resistance	0	
104Csv-CMPN001x22_260114_LH00793_B23GCKKLT3	fosfomycin	fosfomycin	No resistance	0	
104Csv-CMPN001x22_260114_LH00793_B23GCKKLT3	vancomycin	glycopeptide	No resistance	0	
104Csv-CMPN001x22_260114_LH00793_B23GCKKLT3	teicoplanin	glycopeptide	No resistance	0	
104Csv-CMPN001x22_260114_LH00793_B23GCKKLT3	bleomycin	glycopeptide	No resistance	0	
104Csv-CMPN001x22_260114_LH00793_B23GCKKLT3	lincomycin	lincosamide	Resistant	2	erm(B) (erm(B)_X72021), erm(B) (erm(B)_JN899585)
104Csv-CMPN001x22_260114_LH00793_B23GCKKLT3	clindamycin	lincosamide	Resistant	2	erm(B) (erm(B)_X72021), erm(B) (erm(B)_JN899585)
104Csv-CMPN001x22_260114_LH00793_B23GCKKLT3	dalfopristin	streptogramin a	No resistance	0	
104Csv-CMPN001x22_260114_LH00793_B23GCKKLT3	pristinamycin iia	streptogramin a	No resistance	0	
104Csv-CMPN001x22_260114_LH00793_B23GCKKLT3	virginiamycin m	streptogramin a	No resistance	0	
104Csv-CMPN001x22_260114_LH00793_B23GCKKLT3	quinupristin+dalfopristin	streptogramin a	No resistance	0	
104Csv-CMPN001x22_260114_LH00793_B23GCKKLT3	tiamulin	pleuromutilin	No resistance	0	
104Csv-CMPN001x22_260114_LH00793_B23GCKKLT3	carbomycin	macrolide	No resistance	0	
104Csv-CMPN001x22_260114_LH00793_B23GCKKLT3	erythromycin	macrolide	Resistant	2	erm(B) (erm(B)_X72021), erm(B) (erm(B)_JN899585)
104Csv-CMPN001x22_260114_LH00793_B23GCKKLT3	azithromycin	macrolide	No resistance	0	
104Csv-CMPN001x22_260114_LH00793_B23GCKKLT3	oleandomycin	macrolide	No resistance	0	
104Csv-CMPN001x22_260114_LH00793_B23GCKKLT3	spiramycin	macrolide	No resistance	0	
104Csv-CMPN001x22_260114_LH00793_B23GCKKLT3	tylosin	macrolide	No resistance	0	
104Csv-CMPN001x22_260114_LH00793_B23GCKKLT3	telithromycin	macrolide	No resistance	0	
104Csv-CMPN001x22_260114_LH00793_B23GCKKLT3	tetracycline	tetracycline	Resistant	3	tet(M) (tet(M)_X04388)
104Csv-CMPN001x22_260114_LH00793_B23GCKKLT3	doxycycline	tetracycline	Resistant	3	tet(M) (tet(M)_X04388)
104Csv-CMPN001x22_260114_LH00793_B23GCKKLT3	minocycline	tetracycline	Resistant	3	tet(M) (tet(M)_X04388)
104Csv-CMPN001x22_260114_LH00793_B23GCKKLT3	tigecycline	tetracycline	No resistance	0	
104Csv-CMPN001x22_260114_LH00793_B23GCKKLT3	quinupristin	streptogramin b	Resistant	2	erm(B) (erm(B)_X72021), erm(B) (erm(B)_JN899585)
104Csv-CMPN001x22_260114_LH00793_B23GCKKLT3	pristinamycin ia	streptogramin b	Resistant	2	erm(B) (erm(B)_X72021), erm(B) (erm(B)_JN899585)
104Csv-CMPN001x22_260114_LH00793_B23GCKKLT3	virginiamycin s	streptogramin b	Resistant	2	erm(B) (erm(B)_X72021), erm(B) (erm(B)_JN899585)
104Csv-CMPN001x22_260114_LH00793_B23GCKKLT3	linezolid	oxazolidinone	No resistance	0	
104Csv-CMPN001x22_260114_LH00793_B23GCKKLT3	chloramphenicol	amphenicol	No resistance	0	
104Csv-CMPN001x22_260114_LH00793_B23GCKKLT3	florfenicol	amphenicol	No resistance	0	
104Csv-CMPN001x22_260114_LH00793_B23GCKKLT3	colistin	polymyxin	No resistance	0	
104Csv-CMPN001x22_260114_LH00793_B23GCKKLT3	fusidic acid	steroid antibacterial	No resistance	0	
104Csv-CMPN001x22_260114_LH00793_B23GCKKLT3	mupirocin	pseudomonic acid	No resistance	0	
104Csv-CMPN001x22_260114_LH00793_B23GCKKLT3	rifampicin	rifamycin	No resistance	0	
104Csv-CMPN001x22_260114_LH00793_B23GCKKLT3	metronidazole	nitroimidazole	No resistance	0	
104Csv-CMPN001x22_260114_LH00793_B23GCKKLT3	narasin	ionophores	No resistance	0	
104Csv-CMPN001x22_260114_LH00793_B23GCKKLT3	salinomycin	ionophores	No resistance	0	
104Csv-CMPN001x22_260114_LH00793_B23GCKKLT3	maduramicin	ionophores	No resistance	0	
105Cc-CMPN001x23_260114_LH00793_B23GCKKLT3	gentamicin	aminoglycoside	No resistance	0	
105Cc-CMPN001x23_260114_LH00793_B23GCKKLT3	tobramycin	aminoglycoside	No resistance	0	
105Cc-CMPN001x23_260114_LH00793_B23GCKKLT3	streptomycin	aminoglycoside	No resistance	0	
105Cc-CMPN001x23_260114_LH00793_B23GCKKLT3	amikacin	aminoglycoside	No resistance	0	
105Cc-CMPN001x23_260114_LH00793_B23GCKKLT3	isepamicin	aminoglycoside	No resistance	0	
105Cc-CMPN001x23_260114_LH00793_B23GCKKLT3	dibekacin	aminoglycoside	No resistance	0	
105Cc-CMPN001x23_260114_LH00793_B23GCKKLT3	kanamycin	aminoglycoside	No resistance	0	
105Cc-CMPN001x23_260114_LH00793_B23GCKKLT3	neomycin	aminoglycoside	No resistance	0	
105Cc-CMPN001x23_260114_LH00793_B23GCKKLT3	lividomycin	aminoglycoside	No resistance	0	
105Cc-CMPN001x23_260114_LH00793_B23GCKKLT3	paromomycin	aminoglycoside	No resistance	0	
105Cc-CMPN001x23_260114_LH00793_B23GCKKLT3	ribostamycin	aminoglycoside	No resistance	0	
105Cc-CMPN001x23_260114_LH00793_B23GCKKLT3	unknown aminoglycoside	aminoglycoside	No resistance	0	
105Cc-CMPN001x23_260114_LH00793_B23GCKKLT3	butiromycin	aminoglycoside	No resistance	0	
105Cc-CMPN001x23_260114_LH00793_B23GCKKLT3	butirosin	aminoglycoside	No resistance	0	
105Cc-CMPN001x23_260114_LH00793_B23GCKKLT3	hygromycin	aminoglycoside	No resistance	0	
105Cc-CMPN001x23_260114_LH00793_B23GCKKLT3	netilmicin	aminoglycoside	No resistance	0	
105Cc-CMPN001x23_260114_LH00793_B23GCKKLT3	apramycin	aminoglycoside	No resistance	0	
105Cc-CMPN001x23_260114_LH00793_B23GCKKLT3	sisomicin	aminoglycoside	No resistance	0	
105Cc-CMPN001x23_260114_LH00793_B23GCKKLT3	arbekacin	aminoglycoside	No resistance	0	
105Cc-CMPN001x23_260114_LH00793_B23GCKKLT3	kasugamycin	aminoglycoside	No resistance	0	
105Cc-CMPN001x23_260114_LH00793_B23GCKKLT3	astromicin	aminoglycoside	No resistance	0	
105Cc-CMPN001x23_260114_LH00793_B23GCKKLT3	fortimicin	aminoglycoside	No resistance	0	
105Cc-CMPN001x23_260114_LH00793_B23GCKKLT3	spectinomycin	aminocyclitol	No resistance	0	
105Cc-CMPN001x23_260114_LH00793_B23GCKKLT3	fluoroquinolone	quinolone	No resistance	0	
105Cc-CMPN001x23_260114_LH00793_B23GCKKLT3	ciprofloxacin	quinolone	No resistance	0	
105Cc-CMPN001x23_260114_LH00793_B23GCKKLT3	unknown quinolone	quinolone	No resistance	0	
105Cc-CMPN001x23_260114_LH00793_B23GCKKLT3	nalidixic acid	quinolone	No resistance	0	
105Cc-CMPN001x23_260114_LH00793_B23GCKKLT3	amoxicillin	beta-lactam	No resistance	0	
105Cc-CMPN001x23_260114_LH00793_B23GCKKLT3	amoxicillin+clavulanic acid	beta-lactam	No resistance	0	
105Cc-CMPN001x23_260114_LH00793_B23GCKKLT3	ampicillin	beta-lactam	No resistance	0	
105Cc-CMPN001x23_260114_LH00793_B23GCKKLT3	ampicillin+clavulanic acid	beta-lactam	No resistance	0	
105Cc-CMPN001x23_260114_LH00793_B23GCKKLT3	cefepime	beta-lactam	No resistance	0	
105Cc-CMPN001x23_260114_LH00793_B23GCKKLT3	cefixime	beta-lactam	No resistance	0	
105Cc-CMPN001x23_260114_LH00793_B23GCKKLT3	cefotaxime	beta-lactam	No resistance	0	
105Cc-CMPN001x23_260114_LH00793_B23GCKKLT3	cefoxitin	beta-lactam	No resistance	0	
105Cc-CMPN001x23_260114_LH00793_B23GCKKLT3	ceftazidime	beta-lactam	No resistance	0	
105Cc-CMPN001x23_260114_LH00793_B23GCKKLT3	ertapenem	beta-lactam	No resistance	0	
105Cc-CMPN001x23_260114_LH00793_B23GCKKLT3	imipenem	beta-lactam	No resistance	0	
105Cc-CMPN001x23_260114_LH00793_B23GCKKLT3	meropenem	beta-lactam	No resistance	0	
105Cc-CMPN001x23_260114_LH00793_B23GCKKLT3	piperacillin	beta-lactam	No resistance	0	
105Cc-CMPN001x23_260114_LH00793_B23GCKKLT3	piperacillin+tazobactam	beta-lactam	No resistance	0	
105Cc-CMPN001x23_260114_LH00793_B23GCKKLT3	unknown beta-lactam	beta-lactam	No resistance	0	
105Cc-CMPN001x23_260114_LH00793_B23GCKKLT3	aztreonam	beta-lactam	No resistance	0	
105Cc-CMPN001x23_260114_LH00793_B23GCKKLT3	cefotaxime+clavulanic acid	beta-lactam	No resistance	0	
105Cc-CMPN001x23_260114_LH00793_B23GCKKLT3	temocillin	beta-lactam	No resistance	0	
105Cc-CMPN001x23_260114_LH00793_B23GCKKLT3	ticarcillin	beta-lactam	No resistance	0	
105Cc-CMPN001x23_260114_LH00793_B23GCKKLT3	ceftazidime+avibactam	beta-lactam	No resistance	0	
105Cc-CMPN001x23_260114_LH00793_B23GCKKLT3	penicillin	beta-lactam	No resistance	0	
105Cc-CMPN001x23_260114_LH00793_B23GCKKLT3	ceftriaxone	beta-lactam	No resistance	0	
105Cc-CMPN001x23_260114_LH00793_B23GCKKLT3	ticarcillin+clavulanic acid	beta-lactam	No resistance	0	
105Cc-CMPN001x23_260114_LH00793_B23GCKKLT3	cephalothin	beta-lactam	No resistance	0	
105Cc-CMPN001x23_260114_LH00793_B23GCKKLT3	piperacillin+clavulanic acid	beta-lactam	No resistance	0	
105Cc-CMPN001x23_260114_LH00793_B23GCKKLT3	ceftiofur	under_development	No resistance	0	
105Cc-CMPN001x23_260114_LH00793_B23GCKKLT3	sulfamethoxazole	folate pathway antagonist	No resistance	0	
105Cc-CMPN001x23_260114_LH00793_B23GCKKLT3	trimethoprim	folate pathway antagonist	No resistance	0	
105Cc-CMPN001x23_260114_LH00793_B23GCKKLT3	fosfomycin	fosfomycin	No resistance	0	
105Cc-CMPN001x23_260114_LH00793_B23GCKKLT3	vancomycin	glycopeptide	No resistance	0	
105Cc-CMPN001x23_260114_LH00793_B23GCKKLT3	teicoplanin	glycopeptide	No resistance	0	
105Cc-CMPN001x23_260114_LH00793_B23GCKKLT3	bleomycin	glycopeptide	No resistance	0	
105Cc-CMPN001x23_260114_LH00793_B23GCKKLT3	lincomycin	lincosamide	Resistant	3	erm(B) (erm(B)_X72021)
105Cc-CMPN001x23_260114_LH00793_B23GCKKLT3	clindamycin	lincosamide	Resistant	3	erm(B) (erm(B)_X72021)
105Cc-CMPN001x23_260114_LH00793_B23GCKKLT3	dalfopristin	streptogramin a	No resistance	0	
105Cc-CMPN001x23_260114_LH00793_B23GCKKLT3	pristinamycin iia	streptogramin a	No resistance	0	
105Cc-CMPN001x23_260114_LH00793_B23GCKKLT3	virginiamycin m	streptogramin a	No resistance	0	
105Cc-CMPN001x23_260114_LH00793_B23GCKKLT3	quinupristin+dalfopristin	streptogramin a	No resistance	0	
105Cc-CMPN001x23_260114_LH00793_B23GCKKLT3	tiamulin	pleuromutilin	No resistance	0	
105Cc-CMPN001x23_260114_LH00793_B23GCKKLT3	carbomycin	macrolide	No resistance	0	
105Cc-CMPN001x23_260114_LH00793_B23GCKKLT3	erythromycin	macrolide	Resistant	3	erm(B) (erm(B)_X72021)
105Cc-CMPN001x23_260114_LH00793_B23GCKKLT3	azithromycin	macrolide	No resistance	0	
105Cc-CMPN001x23_260114_LH00793_B23GCKKLT3	oleandomycin	macrolide	No resistance	0	
105Cc-CMPN001x23_260114_LH00793_B23GCKKLT3	spiramycin	macrolide	No resistance	0	
105Cc-CMPN001x23_260114_LH00793_B23GCKKLT3	tylosin	macrolide	No resistance	0	
105Cc-CMPN001x23_260114_LH00793_B23GCKKLT3	telithromycin	macrolide	No resistance	0	
105Cc-CMPN001x23_260114_LH00793_B23GCKKLT3	tetracycline	tetracycline	Resistant	2	tet(M) (tet(M)_X90939)
105Cc-CMPN001x23_260114_LH00793_B23GCKKLT3	doxycycline	tetracycline	Resistant	2	tet(M) (tet(M)_X90939)
105Cc-CMPN001x23_260114_LH00793_B23GCKKLT3	minocycline	tetracycline	Resistant	2	tet(M) (tet(M)_X90939)
105Cc-CMPN001x23_260114_LH00793_B23GCKKLT3	tigecycline	tetracycline	No resistance	0	
105Cc-CMPN001x23_260114_LH00793_B23GCKKLT3	quinupristin	streptogramin b	Resistant	3	erm(B) (erm(B)_X72021)
105Cc-CMPN001x23_260114_LH00793_B23GCKKLT3	pristinamycin ia	streptogramin b	Resistant	3	erm(B) (erm(B)_X72021)
105Cc-CMPN001x23_260114_LH00793_B23GCKKLT3	virginiamycin s	streptogramin b	Resistant	3	erm(B) (erm(B)_X72021)
105Cc-CMPN001x23_260114_LH00793_B23GCKKLT3	linezolid	oxazolidinone	No resistance	0	
105Cc-CMPN001x23_260114_LH00793_B23GCKKLT3	chloramphenicol	amphenicol	No resistance	0	
105Cc-CMPN001x23_260114_LH00793_B23GCKKLT3	florfenicol	amphenicol	No resistance	0	
105Cc-CMPN001x23_260114_LH00793_B23GCKKLT3	colistin	polymyxin	No resistance	0	
105Cc-CMPN001x23_260114_LH00793_B23GCKKLT3	fusidic acid	steroid antibacterial	No resistance	0	
105Cc-CMPN001x23_260114_LH00793_B23GCKKLT3	mupirocin	pseudomonic acid	No resistance	0	
105Cc-CMPN001x23_260114_LH00793_B23GCKKLT3	rifampicin	rifamycin	No resistance	0	
105Cc-CMPN001x23_260114_LH00793_B23GCKKLT3	metronidazole	nitroimidazole	No resistance	0	
105Cc-CMPN001x23_260114_LH00793_B23GCKKLT3	narasin	ionophores	No resistance	0	
105Cc-CMPN001x23_260114_LH00793_B23GCKKLT3	salinomycin	ionophores	No resistance	0	
105Cc-CMPN001x23_260114_LH00793_B23GCKKLT3	maduramicin	ionophores	No resistance	0	
108Cap-CMPN001x24_260114_LH00793_B23GCKKLT3	gentamicin	aminoglycoside	No resistance	0	
108Cap-CMPN001x24_260114_LH00793_B23GCKKLT3	tobramycin	aminoglycoside	No resistance	0	
108Cap-CMPN001x24_260114_LH00793_B23GCKKLT3	streptomycin	aminoglycoside	No resistance	0	
108Cap-CMPN001x24_260114_LH00793_B23GCKKLT3	amikacin	aminoglycoside	No resistance	0	
108Cap-CMPN001x24_260114_LH00793_B23GCKKLT3	isepamicin	aminoglycoside	No resistance	0	
108Cap-CMPN001x24_260114_LH00793_B23GCKKLT3	dibekacin	aminoglycoside	No resistance	0	
108Cap-CMPN001x24_260114_LH00793_B23GCKKLT3	kanamycin	aminoglycoside	No resistance	0	
108Cap-CMPN001x24_260114_LH00793_B23GCKKLT3	neomycin	aminoglycoside	No resistance	0	
108Cap-CMPN001x24_260114_LH00793_B23GCKKLT3	lividomycin	aminoglycoside	No resistance	0	
108Cap-CMPN001x24_260114_LH00793_B23GCKKLT3	paromomycin	aminoglycoside	No resistance	0	
108Cap-CMPN001x24_260114_LH00793_B23GCKKLT3	ribostamycin	aminoglycoside	No resistance	0	
108Cap-CMPN001x24_260114_LH00793_B23GCKKLT3	unknown aminoglycoside	aminoglycoside	No resistance	0	
108Cap-CMPN001x24_260114_LH00793_B23GCKKLT3	butiromycin	aminoglycoside	No resistance	0	
108Cap-CMPN001x24_260114_LH00793_B23GCKKLT3	butirosin	aminoglycoside	No resistance	0	
108Cap-CMPN001x24_260114_LH00793_B23GCKKLT3	hygromycin	aminoglycoside	No resistance	0	
108Cap-CMPN001x24_260114_LH00793_B23GCKKLT3	netilmicin	aminoglycoside	No resistance	0	
108Cap-CMPN001x24_260114_LH00793_B23GCKKLT3	apramycin	aminoglycoside	No resistance	0	
108Cap-CMPN001x24_260114_LH00793_B23GCKKLT3	sisomicin	aminoglycoside	No resistance	0	
108Cap-CMPN001x24_260114_LH00793_B23GCKKLT3	arbekacin	aminoglycoside	No resistance	0	
108Cap-CMPN001x24_260114_LH00793_B23GCKKLT3	kasugamycin	aminoglycoside	No resistance	0	
108Cap-CMPN001x24_260114_LH00793_B23GCKKLT3	astromicin	aminoglycoside	No resistance	0	
108Cap-CMPN001x24_260114_LH00793_B23GCKKLT3	fortimicin	aminoglycoside	No resistance	0	
108Cap-CMPN001x24_260114_LH00793_B23GCKKLT3	spectinomycin	aminocyclitol	No resistance	0	
108Cap-CMPN001x24_260114_LH00793_B23GCKKLT3	fluoroquinolone	quinolone	No resistance	0	
108Cap-CMPN001x24_260114_LH00793_B23GCKKLT3	ciprofloxacin	quinolone	No resistance	0	
108Cap-CMPN001x24_260114_LH00793_B23GCKKLT3	unknown quinolone	quinolone	No resistance	0	
108Cap-CMPN001x24_260114_LH00793_B23GCKKLT3	nalidixic acid	quinolone	No resistance	0	
108Cap-CMPN001x24_260114_LH00793_B23GCKKLT3	amoxicillin	beta-lactam	No resistance	0	
108Cap-CMPN001x24_260114_LH00793_B23GCKKLT3	amoxicillin+clavulanic acid	beta-lactam	No resistance	0	
108Cap-CMPN001x24_260114_LH00793_B23GCKKLT3	ampicillin	beta-lactam	No resistance	0	
108Cap-CMPN001x24_260114_LH00793_B23GCKKLT3	ampicillin+clavulanic acid	beta-lactam	No resistance	0	
108Cap-CMPN001x24_260114_LH00793_B23GCKKLT3	cefepime	beta-lactam	No resistance	0	
108Cap-CMPN001x24_260114_LH00793_B23GCKKLT3	cefixime	beta-lactam	No resistance	0	
108Cap-CMPN001x24_260114_LH00793_B23GCKKLT3	cefotaxime	beta-lactam	No resistance	0	
108Cap-CMPN001x24_260114_LH00793_B23GCKKLT3	cefoxitin	beta-lactam	No resistance	0	
108Cap-CMPN001x24_260114_LH00793_B23GCKKLT3	ceftazidime	beta-lactam	No resistance	0	
108Cap-CMPN001x24_260114_LH00793_B23GCKKLT3	ertapenem	beta-lactam	No resistance	0	
108Cap-CMPN001x24_260114_LH00793_B23GCKKLT3	imipenem	beta-lactam	No resistance	0	
108Cap-CMPN001x24_260114_LH00793_B23GCKKLT3	meropenem	beta-lactam	No resistance	0	
108Cap-CMPN001x24_260114_LH00793_B23GCKKLT3	piperacillin	beta-lactam	No resistance	0	
108Cap-CMPN001x24_260114_LH00793_B23GCKKLT3	piperacillin+tazobactam	beta-lactam	No resistance	0	
108Cap-CMPN001x24_260114_LH00793_B23GCKKLT3	unknown beta-lactam	beta-lactam	No resistance	0	
108Cap-CMPN001x24_260114_LH00793_B23GCKKLT3	aztreonam	beta-lactam	No resistance	0	
108Cap-CMPN001x24_260114_LH00793_B23GCKKLT3	cefotaxime+clavulanic acid	beta-lactam	No resistance	0	
108Cap-CMPN001x24_260114_LH00793_B23GCKKLT3	temocillin	beta-lactam	No resistance	0	
108Cap-CMPN001x24_260114_LH00793_B23GCKKLT3	ticarcillin	beta-lactam	No resistance	0	
108Cap-CMPN001x24_260114_LH00793_B23GCKKLT3	ceftazidime+avibactam	beta-lactam	No resistance	0	
108Cap-CMPN001x24_260114_LH00793_B23GCKKLT3	penicillin	beta-lactam	No resistance	0	
108Cap-CMPN001x24_260114_LH00793_B23GCKKLT3	ceftriaxone	beta-lactam	No resistance	0	
108Cap-CMPN001x24_260114_LH00793_B23GCKKLT3	ticarcillin+clavulanic acid	beta-lactam	No resistance	0	
108Cap-CMPN001x24_260114_LH00793_B23GCKKLT3	cephalothin	beta-lactam	No resistance	0	
108Cap-CMPN001x24_260114_LH00793_B23GCKKLT3	piperacillin+clavulanic acid	beta-lactam	No resistance	0	
108Cap-CMPN001x24_260114_LH00793_B23GCKKLT3	ceftiofur	under_development	No resistance	0	
108Cap-CMPN001x24_260114_LH00793_B23GCKKLT3	sulfamethoxazole	folate pathway antagonist	No resistance	0	
108Cap-CMPN001x24_260114_LH00793_B23GCKKLT3	trimethoprim	folate pathway antagonist	No resistance	0	
108Cap-CMPN001x24_260114_LH00793_B23GCKKLT3	fosfomycin	fosfomycin	No resistance	0	
108Cap-CMPN001x24_260114_LH00793_B23GCKKLT3	vancomycin	glycopeptide	No resistance	0	
108Cap-CMPN001x24_260114_LH00793_B23GCKKLT3	teicoplanin	glycopeptide	No resistance	0	
108Cap-CMPN001x24_260114_LH00793_B23GCKKLT3	bleomycin	glycopeptide	No resistance	0	
108Cap-CMPN001x24_260114_LH00793_B23GCKKLT3	lincomycin	lincosamide	Resistant	3	erm(B) (erm(B)_X72021)
108Cap-CMPN001x24_260114_LH00793_B23GCKKLT3	clindamycin	lincosamide	Resistant	3	erm(B) (erm(B)_X72021)
108Cap-CMPN001x24_260114_LH00793_B23GCKKLT3	dalfopristin	streptogramin a	No resistance	0	
108Cap-CMPN001x24_260114_LH00793_B23GCKKLT3	pristinamycin iia	streptogramin a	No resistance	0	
108Cap-CMPN001x24_260114_LH00793_B23GCKKLT3	virginiamycin m	streptogramin a	No resistance	0	
108Cap-CMPN001x24_260114_LH00793_B23GCKKLT3	quinupristin+dalfopristin	streptogramin a	No resistance	0	
108Cap-CMPN001x24_260114_LH00793_B23GCKKLT3	tiamulin	pleuromutilin	No resistance	0	
108Cap-CMPN001x24_260114_LH00793_B23GCKKLT3	carbomycin	macrolide	No resistance	0	
108Cap-CMPN001x24_260114_LH00793_B23GCKKLT3	erythromycin	macrolide	Resistant	3	erm(B) (erm(B)_X72021)
108Cap-CMPN001x24_260114_LH00793_B23GCKKLT3	azithromycin	macrolide	No resistance	0	
108Cap-CMPN001x24_260114_LH00793_B23GCKKLT3	oleandomycin	macrolide	No resistance	0	
108Cap-CMPN001x24_260114_LH00793_B23GCKKLT3	spiramycin	macrolide	No resistance	0	
108Cap-CMPN001x24_260114_LH00793_B23GCKKLT3	tylosin	macrolide	No resistance	0	
108Cap-CMPN001x24_260114_LH00793_B23GCKKLT3	telithromycin	macrolide	No resistance	0	
108Cap-CMPN001x24_260114_LH00793_B23GCKKLT3	tetracycline	tetracycline	Resistant	2	tet(M) (tet(M)_FR671418)
108Cap-CMPN001x24_260114_LH00793_B23GCKKLT3	doxycycline	tetracycline	Resistant	2	tet(M) (tet(M)_FR671418)
108Cap-CMPN001x24_260114_LH00793_B23GCKKLT3	minocycline	tetracycline	Resistant	2	tet(M) (tet(M)_FR671418)
108Cap-CMPN001x24_260114_LH00793_B23GCKKLT3	tigecycline	tetracycline	No resistance	0	
108Cap-CMPN001x24_260114_LH00793_B23GCKKLT3	quinupristin	streptogramin b	Resistant	3	erm(B) (erm(B)_X72021)
108Cap-CMPN001x24_260114_LH00793_B23GCKKLT3	pristinamycin ia	streptogramin b	Resistant	3	erm(B) (erm(B)_X72021)
108Cap-CMPN001x24_260114_LH00793_B23GCKKLT3	virginiamycin s	streptogramin b	Resistant	3	erm(B) (erm(B)_X72021)
108Cap-CMPN001x24_260114_LH00793_B23GCKKLT3	linezolid	oxazolidinone	No resistance	0	
108Cap-CMPN001x24_260114_LH00793_B23GCKKLT3	chloramphenicol	amphenicol	No resistance	0	
108Cap-CMPN001x24_260114_LH00793_B23GCKKLT3	florfenicol	amphenicol	No resistance	0	
108Cap-CMPN001x24_260114_LH00793_B23GCKKLT3	colistin	polymyxin	No resistance	0	
108Cap-CMPN001x24_260114_LH00793_B23GCKKLT3	fusidic acid	steroid antibacterial	No resistance	0	
108Cap-CMPN001x24_260114_LH00793_B23GCKKLT3	mupirocin	pseudomonic acid	No resistance	0	
108Cap-CMPN001x24_260114_LH00793_B23GCKKLT3	rifampicin	rifamycin	No resistance	0	
108Cap-CMPN001x24_260114_LH00793_B23GCKKLT3	metronidazole	nitroimidazole	No resistance	0	
108Cap-CMPN001x24_260114_LH00793_B23GCKKLT3	narasin	ionophores	No resistance	0	
108Cap-CMPN001x24_260114_LH00793_B23GCKKLT3	salinomycin	ionophores	No resistance	0	
108Cap-CMPN001x24_260114_LH00793_B23GCKKLT3	maduramicin	ionophores	No resistance	0	
108Cv-CMPN001x25_260114_LH00793_B23GCKKLT3	gentamicin	aminoglycoside	No resistance	0	
108Cv-CMPN001x25_260114_LH00793_B23GCKKLT3	tobramycin	aminoglycoside	No resistance	0	
108Cv-CMPN001x25_260114_LH00793_B23GCKKLT3	streptomycin	aminoglycoside	No resistance	0	
108Cv-CMPN001x25_260114_LH00793_B23GCKKLT3	amikacin	aminoglycoside	No resistance	0	
108Cv-CMPN001x25_260114_LH00793_B23GCKKLT3	isepamicin	aminoglycoside	No resistance	0	
108Cv-CMPN001x25_260114_LH00793_B23GCKKLT3	dibekacin	aminoglycoside	No resistance	0	
108Cv-CMPN001x25_260114_LH00793_B23GCKKLT3	kanamycin	aminoglycoside	No resistance	0	
108Cv-CMPN001x25_260114_LH00793_B23GCKKLT3	neomycin	aminoglycoside	No resistance	0	
108Cv-CMPN001x25_260114_LH00793_B23GCKKLT3	lividomycin	aminoglycoside	No resistance	0	
108Cv-CMPN001x25_260114_LH00793_B23GCKKLT3	paromomycin	aminoglycoside	No resistance	0	
108Cv-CMPN001x25_260114_LH00793_B23GCKKLT3	ribostamycin	aminoglycoside	No resistance	0	
108Cv-CMPN001x25_260114_LH00793_B23GCKKLT3	unknown aminoglycoside	aminoglycoside	No resistance	0	
108Cv-CMPN001x25_260114_LH00793_B23GCKKLT3	butiromycin	aminoglycoside	No resistance	0	
108Cv-CMPN001x25_260114_LH00793_B23GCKKLT3	butirosin	aminoglycoside	No resistance	0	
108Cv-CMPN001x25_260114_LH00793_B23GCKKLT3	hygromycin	aminoglycoside	No resistance	0	
108Cv-CMPN001x25_260114_LH00793_B23GCKKLT3	netilmicin	aminoglycoside	No resistance	0	
108Cv-CMPN001x25_260114_LH00793_B23GCKKLT3	apramycin	aminoglycoside	No resistance	0	
108Cv-CMPN001x25_260114_LH00793_B23GCKKLT3	sisomicin	aminoglycoside	No resistance	0	
108Cv-CMPN001x25_260114_LH00793_B23GCKKLT3	arbekacin	aminoglycoside	No resistance	0	
108Cv-CMPN001x25_260114_LH00793_B23GCKKLT3	kasugamycin	aminoglycoside	No resistance	0	
108Cv-CMPN001x25_260114_LH00793_B23GCKKLT3	astromicin	aminoglycoside	No resistance	0	
108Cv-CMPN001x25_260114_LH00793_B23GCKKLT3	fortimicin	aminoglycoside	No resistance	0	
108Cv-CMPN001x25_260114_LH00793_B23GCKKLT3	spectinomycin	aminocyclitol	No resistance	0	
108Cv-CMPN001x25_260114_LH00793_B23GCKKLT3	fluoroquinolone	quinolone	No resistance	0	
108Cv-CMPN001x25_260114_LH00793_B23GCKKLT3	ciprofloxacin	quinolone	No resistance	0	
108Cv-CMPN001x25_260114_LH00793_B23GCKKLT3	unknown quinolone	quinolone	No resistance	0	
108Cv-CMPN001x25_260114_LH00793_B23GCKKLT3	nalidixic acid	quinolone	No resistance	0	
108Cv-CMPN001x25_260114_LH00793_B23GCKKLT3	amoxicillin	beta-lactam	No resistance	0	
108Cv-CMPN001x25_260114_LH00793_B23GCKKLT3	amoxicillin+clavulanic acid	beta-lactam	No resistance	0	
108Cv-CMPN001x25_260114_LH00793_B23GCKKLT3	ampicillin	beta-lactam	No resistance	0	
108Cv-CMPN001x25_260114_LH00793_B23GCKKLT3	ampicillin+clavulanic acid	beta-lactam	No resistance	0	
108Cv-CMPN001x25_260114_LH00793_B23GCKKLT3	cefepime	beta-lactam	No resistance	0	
108Cv-CMPN001x25_260114_LH00793_B23GCKKLT3	cefixime	beta-lactam	No resistance	0	
108Cv-CMPN001x25_260114_LH00793_B23GCKKLT3	cefotaxime	beta-lactam	No resistance	0	
108Cv-CMPN001x25_260114_LH00793_B23GCKKLT3	cefoxitin	beta-lactam	No resistance	0	
108Cv-CMPN001x25_260114_LH00793_B23GCKKLT3	ceftazidime	beta-lactam	No resistance	0	
108Cv-CMPN001x25_260114_LH00793_B23GCKKLT3	ertapenem	beta-lactam	No resistance	0	
108Cv-CMPN001x25_260114_LH00793_B23GCKKLT3	imipenem	beta-lactam	No resistance	0	
108Cv-CMPN001x25_260114_LH00793_B23GCKKLT3	meropenem	beta-lactam	No resistance	0	
108Cv-CMPN001x25_260114_LH00793_B23GCKKLT3	piperacillin	beta-lactam	No resistance	0	
108Cv-CMPN001x25_260114_LH00793_B23GCKKLT3	piperacillin+tazobactam	beta-lactam	No resistance	0	
108Cv-CMPN001x25_260114_LH00793_B23GCKKLT3	unknown beta-lactam	beta-lactam	No resistance	0	
108Cv-CMPN001x25_260114_LH00793_B23GCKKLT3	aztreonam	beta-lactam	No resistance	0	
108Cv-CMPN001x25_260114_LH00793_B23GCKKLT3	cefotaxime+clavulanic acid	beta-lactam	No resistance	0	
108Cv-CMPN001x25_260114_LH00793_B23GCKKLT3	temocillin	beta-lactam	No resistance	0	
108Cv-CMPN001x25_260114_LH00793_B23GCKKLT3	ticarcillin	beta-lactam	No resistance	0	
108Cv-CMPN001x25_260114_LH00793_B23GCKKLT3	ceftazidime+avibactam	beta-lactam	No resistance	0	
108Cv-CMPN001x25_260114_LH00793_B23GCKKLT3	penicillin	beta-lactam	No resistance	0	
108Cv-CMPN001x25_260114_LH00793_B23GCKKLT3	ceftriaxone	beta-lactam	No resistance	0	
108Cv-CMPN001x25_260114_LH00793_B23GCKKLT3	ticarcillin+clavulanic acid	beta-lactam	No resistance	0	
108Cv-CMPN001x25_260114_LH00793_B23GCKKLT3	cephalothin	beta-lactam	No resistance	0	
108Cv-CMPN001x25_260114_LH00793_B23GCKKLT3	piperacillin+clavulanic acid	beta-lactam	No resistance	0	
108Cv-CMPN001x25_260114_LH00793_B23GCKKLT3	ceftiofur	under_development	No resistance	0	
108Cv-CMPN001x25_260114_LH00793_B23GCKKLT3	sulfamethoxazole	folate pathway antagonist	No resistance	0	
108Cv-CMPN001x25_260114_LH00793_B23GCKKLT3	trimethoprim	folate pathway antagonist	No resistance	0	
108Cv-CMPN001x25_260114_LH00793_B23GCKKLT3	fosfomycin	fosfomycin	No resistance	0	
108Cv-CMPN001x25_260114_LH00793_B23GCKKLT3	vancomycin	glycopeptide	No resistance	0	
108Cv-CMPN001x25_260114_LH00793_B23GCKKLT3	teicoplanin	glycopeptide	No resistance	0	
108Cv-CMPN001x25_260114_LH00793_B23GCKKLT3	bleomycin	glycopeptide	No resistance	0	
108Cv-CMPN001x25_260114_LH00793_B23GCKKLT3	lincomycin	lincosamide	Resistant	3	erm(B) (erm(B)_U86375)
108Cv-CMPN001x25_260114_LH00793_B23GCKKLT3	clindamycin	lincosamide	Resistant	3	erm(B) (erm(B)_U86375)
108Cv-CMPN001x25_260114_LH00793_B23GCKKLT3	dalfopristin	streptogramin a	No resistance	0	
108Cv-CMPN001x25_260114_LH00793_B23GCKKLT3	pristinamycin iia	streptogramin a	No resistance	0	
108Cv-CMPN001x25_260114_LH00793_B23GCKKLT3	virginiamycin m	streptogramin a	No resistance	0	
108Cv-CMPN001x25_260114_LH00793_B23GCKKLT3	quinupristin+dalfopristin	streptogramin a	No resistance	0	
108Cv-CMPN001x25_260114_LH00793_B23GCKKLT3	tiamulin	pleuromutilin	No resistance	0	
108Cv-CMPN001x25_260114_LH00793_B23GCKKLT3	carbomycin	macrolide	No resistance	0	
108Cv-CMPN001x25_260114_LH00793_B23GCKKLT3	erythromycin	macrolide	Resistant	3	erm(B) (erm(B)_U86375)
108Cv-CMPN001x25_260114_LH00793_B23GCKKLT3	azithromycin	macrolide	No resistance	0	
108Cv-CMPN001x25_260114_LH00793_B23GCKKLT3	oleandomycin	macrolide	No resistance	0	
108Cv-CMPN001x25_260114_LH00793_B23GCKKLT3	spiramycin	macrolide	No resistance	0	
108Cv-CMPN001x25_260114_LH00793_B23GCKKLT3	tylosin	macrolide	No resistance	0	
108Cv-CMPN001x25_260114_LH00793_B23GCKKLT3	telithromycin	macrolide	No resistance	0	
108Cv-CMPN001x25_260114_LH00793_B23GCKKLT3	tetracycline	tetracycline	Resistant	2	tet(M) (tet(M)_X92947)
108Cv-CMPN001x25_260114_LH00793_B23GCKKLT3	doxycycline	tetracycline	Resistant	2	tet(M) (tet(M)_X92947)
108Cv-CMPN001x25_260114_LH00793_B23GCKKLT3	minocycline	tetracycline	Resistant	2	tet(M) (tet(M)_X92947)
108Cv-CMPN001x25_260114_LH00793_B23GCKKLT3	tigecycline	tetracycline	No resistance	0	
108Cv-CMPN001x25_260114_LH00793_B23GCKKLT3	quinupristin	streptogramin b	Resistant	3	erm(B) (erm(B)_U86375)
108Cv-CMPN001x25_260114_LH00793_B23GCKKLT3	pristinamycin ia	streptogramin b	Resistant	3	erm(B) (erm(B)_U86375)
108Cv-CMPN001x25_260114_LH00793_B23GCKKLT3	virginiamycin s	streptogramin b	Resistant	3	erm(B) (erm(B)_U86375)
108Cv-CMPN001x25_260114_LH00793_B23GCKKLT3	linezolid	oxazolidinone	No resistance	0	
108Cv-CMPN001x25_260114_LH00793_B23GCKKLT3	chloramphenicol	amphenicol	No resistance	0	
108Cv-CMPN001x25_260114_LH00793_B23GCKKLT3	florfenicol	amphenicol	No resistance	0	
108Cv-CMPN001x25_260114_LH00793_B23GCKKLT3	colistin	polymyxin	No resistance	0	
108Cv-CMPN001x25_260114_LH00793_B23GCKKLT3	fusidic acid	steroid antibacterial	No resistance	0	
108Cv-CMPN001x25_260114_LH00793_B23GCKKLT3	mupirocin	pseudomonic acid	No resistance	0	
108Cv-CMPN001x25_260114_LH00793_B23GCKKLT3	rifampicin	rifamycin	No resistance	0	
108Cv-CMPN001x25_260114_LH00793_B23GCKKLT3	metronidazole	nitroimidazole	No resistance	0	
108Cv-CMPN001x25_260114_LH00793_B23GCKKLT3	narasin	ionophores	No resistance	0	
108Cv-CMPN001x25_260114_LH00793_B23GCKKLT3	salinomycin	ionophores	No resistance	0	
108Cv-CMPN001x25_260114_LH00793_B23GCKKLT3	maduramicin	ionophores	No resistance	0	
110Am-CMPN001x56_260114_LH00793_B23GCKKLT3	gentamicin	aminoglycoside	No resistance	0	
110Am-CMPN001x56_260114_LH00793_B23GCKKLT3	tobramycin	aminoglycoside	No resistance	0	
110Am-CMPN001x56_260114_LH00793_B23GCKKLT3	streptomycin	aminoglycoside	No resistance	0	
110Am-CMPN001x56_260114_LH00793_B23GCKKLT3	amikacin	aminoglycoside	No resistance	0	
110Am-CMPN001x56_260114_LH00793_B23GCKKLT3	isepamicin	aminoglycoside	No resistance	0	
110Am-CMPN001x56_260114_LH00793_B23GCKKLT3	dibekacin	aminoglycoside	No resistance	0	
110Am-CMPN001x56_260114_LH00793_B23GCKKLT3	kanamycin	aminoglycoside	No resistance	0	
110Am-CMPN001x56_260114_LH00793_B23GCKKLT3	neomycin	aminoglycoside	No resistance	0	
110Am-CMPN001x56_260114_LH00793_B23GCKKLT3	lividomycin	aminoglycoside	No resistance	0	
110Am-CMPN001x56_260114_LH00793_B23GCKKLT3	paromomycin	aminoglycoside	No resistance	0	
110Am-CMPN001x56_260114_LH00793_B23GCKKLT3	ribostamycin	aminoglycoside	No resistance	0	
110Am-CMPN001x56_260114_LH00793_B23GCKKLT3	unknown aminoglycoside	aminoglycoside	No resistance	0	
110Am-CMPN001x56_260114_LH00793_B23GCKKLT3	butiromycin	aminoglycoside	No resistance	0	
110Am-CMPN001x56_260114_LH00793_B23GCKKLT3	butirosin	aminoglycoside	No resistance	0	
110Am-CMPN001x56_260114_LH00793_B23GCKKLT3	hygromycin	aminoglycoside	No resistance	0	
110Am-CMPN001x56_260114_LH00793_B23GCKKLT3	netilmicin	aminoglycoside	No resistance	0	
110Am-CMPN001x56_260114_LH00793_B23GCKKLT3	apramycin	aminoglycoside	No resistance	0	
110Am-CMPN001x56_260114_LH00793_B23GCKKLT3	sisomicin	aminoglycoside	No resistance	0	
110Am-CMPN001x56_260114_LH00793_B23GCKKLT3	arbekacin	aminoglycoside	No resistance	0	
110Am-CMPN001x56_260114_LH00793_B23GCKKLT3	kasugamycin	aminoglycoside	No resistance	0	
110Am-CMPN001x56_260114_LH00793_B23GCKKLT3	astromicin	aminoglycoside	No resistance	0	
110Am-CMPN001x56_260114_LH00793_B23GCKKLT3	fortimicin	aminoglycoside	No resistance	0	
110Am-CMPN001x56_260114_LH00793_B23GCKKLT3	spectinomycin	aminocyclitol	No resistance	0	
110Am-CMPN001x56_260114_LH00793_B23GCKKLT3	fluoroquinolone	quinolone	No resistance	0	
110Am-CMPN001x56_260114_LH00793_B23GCKKLT3	ciprofloxacin	quinolone	No resistance	0	
110Am-CMPN001x56_260114_LH00793_B23GCKKLT3	unknown quinolone	quinolone	No resistance	0	
110Am-CMPN001x56_260114_LH00793_B23GCKKLT3	nalidixic acid	quinolone	No resistance	0	
110Am-CMPN001x56_260114_LH00793_B23GCKKLT3	amoxicillin	beta-lactam	No resistance	0	
110Am-CMPN001x56_260114_LH00793_B23GCKKLT3	amoxicillin+clavulanic acid	beta-lactam	No resistance	0	
110Am-CMPN001x56_260114_LH00793_B23GCKKLT3	ampicillin	beta-lactam	No resistance	0	
110Am-CMPN001x56_260114_LH00793_B23GCKKLT3	ampicillin+clavulanic acid	beta-lactam	No resistance	0	
110Am-CMPN001x56_260114_LH00793_B23GCKKLT3	cefepime	beta-lactam	No resistance	0	
110Am-CMPN001x56_260114_LH00793_B23GCKKLT3	cefixime	beta-lactam	No resistance	0	
110Am-CMPN001x56_260114_LH00793_B23GCKKLT3	cefotaxime	beta-lactam	No resistance	0	
110Am-CMPN001x56_260114_LH00793_B23GCKKLT3	cefoxitin	beta-lactam	No resistance	0	
110Am-CMPN001x56_260114_LH00793_B23GCKKLT3	ceftazidime	beta-lactam	No resistance	0	
110Am-CMPN001x56_260114_LH00793_B23GCKKLT3	ertapenem	beta-lactam	No resistance	0	
110Am-CMPN001x56_260114_LH00793_B23GCKKLT3	imipenem	beta-lactam	No resistance	0	
110Am-CMPN001x56_260114_LH00793_B23GCKKLT3	meropenem	beta-lactam	No resistance	0	
110Am-CMPN001x56_260114_LH00793_B23GCKKLT3	piperacillin	beta-lactam	No resistance	0	
110Am-CMPN001x56_260114_LH00793_B23GCKKLT3	piperacillin+tazobactam	beta-lactam	No resistance	0	
110Am-CMPN001x56_260114_LH00793_B23GCKKLT3	unknown beta-lactam	beta-lactam	No resistance	0	
110Am-CMPN001x56_260114_LH00793_B23GCKKLT3	aztreonam	beta-lactam	No resistance	0	
110Am-CMPN001x56_260114_LH00793_B23GCKKLT3	cefotaxime+clavulanic acid	beta-lactam	No resistance	0	
110Am-CMPN001x56_260114_LH00793_B23GCKKLT3	temocillin	beta-lactam	No resistance	0	
110Am-CMPN001x56_260114_LH00793_B23GCKKLT3	ticarcillin	beta-lactam	No resistance	0	
110Am-CMPN001x56_260114_LH00793_B23GCKKLT3	ceftazidime+avibactam	beta-lactam	No resistance	0	
110Am-CMPN001x56_260114_LH00793_B23GCKKLT3	penicillin	beta-lactam	No resistance	0	
110Am-CMPN001x56_260114_LH00793_B23GCKKLT3	ceftriaxone	beta-lactam	No resistance	0	
110Am-CMPN001x56_260114_LH00793_B23GCKKLT3	ticarcillin+clavulanic acid	beta-lactam	No resistance	0	
110Am-CMPN001x56_260114_LH00793_B23GCKKLT3	cephalothin	beta-lactam	No resistance	0	
110Am-CMPN001x56_260114_LH00793_B23GCKKLT3	piperacillin+clavulanic acid	beta-lactam	No resistance	0	
110Am-CMPN001x56_260114_LH00793_B23GCKKLT3	ceftiofur	under_development	No resistance	0	
110Am-CMPN001x56_260114_LH00793_B23GCKKLT3	sulfamethoxazole	folate pathway antagonist	No resistance	0	
110Am-CMPN001x56_260114_LH00793_B23GCKKLT3	trimethoprim	folate pathway antagonist	No resistance	0	
110Am-CMPN001x56_260114_LH00793_B23GCKKLT3	fosfomycin	fosfomycin	No resistance	0	
110Am-CMPN001x56_260114_LH00793_B23GCKKLT3	vancomycin	glycopeptide	No resistance	0	
110Am-CMPN001x56_260114_LH00793_B23GCKKLT3	teicoplanin	glycopeptide	No resistance	0	
110Am-CMPN001x56_260114_LH00793_B23GCKKLT3	bleomycin	glycopeptide	No resistance	0	
110Am-CMPN001x56_260114_LH00793_B23GCKKLT3	lincomycin	lincosamide	No resistance	0	
110Am-CMPN001x56_260114_LH00793_B23GCKKLT3	clindamycin	lincosamide	No resistance	0	
110Am-CMPN001x56_260114_LH00793_B23GCKKLT3	dalfopristin	streptogramin a	No resistance	0	
110Am-CMPN001x56_260114_LH00793_B23GCKKLT3	pristinamycin iia	streptogramin a	No resistance	0	
110Am-CMPN001x56_260114_LH00793_B23GCKKLT3	virginiamycin m	streptogramin a	No resistance	0	
110Am-CMPN001x56_260114_LH00793_B23GCKKLT3	quinupristin+dalfopristin	streptogramin a	No resistance	0	
110Am-CMPN001x56_260114_LH00793_B23GCKKLT3	tiamulin	pleuromutilin	No resistance	0	
110Am-CMPN001x56_260114_LH00793_B23GCKKLT3	carbomycin	macrolide	No resistance	0	
110Am-CMPN001x56_260114_LH00793_B23GCKKLT3	erythromycin	macrolide	Resistant	3	msr(D) (msr(D)_AF274302), mef(A) (mef(A)_U83667)
110Am-CMPN001x56_260114_LH00793_B23GCKKLT3	azithromycin	macrolide	Resistant	3	msr(D) (msr(D)_AF274302), mef(A) (mef(A)_U83667)
110Am-CMPN001x56_260114_LH00793_B23GCKKLT3	oleandomycin	macrolide	No resistance	0	
110Am-CMPN001x56_260114_LH00793_B23GCKKLT3	spiramycin	macrolide	No resistance	0	
110Am-CMPN001x56_260114_LH00793_B23GCKKLT3	tylosin	macrolide	No resistance	0	
110Am-CMPN001x56_260114_LH00793_B23GCKKLT3	telithromycin	macrolide	Resistant	3	msr(D) (msr(D)_AF274302)
110Am-CMPN001x56_260114_LH00793_B23GCKKLT3	tetracycline	tetracycline	No resistance	0	
110Am-CMPN001x56_260114_LH00793_B23GCKKLT3	doxycycline	tetracycline	No resistance	0	
110Am-CMPN001x56_260114_LH00793_B23GCKKLT3	minocycline	tetracycline	No resistance	0	
110Am-CMPN001x56_260114_LH00793_B23GCKKLT3	tigecycline	tetracycline	No resistance	0	
110Am-CMPN001x56_260114_LH00793_B23GCKKLT3	quinupristin	streptogramin b	Resistant	3	msr(D) (msr(D)_AF274302)
110Am-CMPN001x56_260114_LH00793_B23GCKKLT3	pristinamycin ia	streptogramin b	Resistant	3	msr(D) (msr(D)_AF274302)
110Am-CMPN001x56_260114_LH00793_B23GCKKLT3	virginiamycin s	streptogramin b	Resistant	3	msr(D) (msr(D)_AF274302)
110Am-CMPN001x56_260114_LH00793_B23GCKKLT3	linezolid	oxazolidinone	No resistance	0	
110Am-CMPN001x56_260114_LH00793_B23GCKKLT3	chloramphenicol	amphenicol	No resistance	0	
110Am-CMPN001x56_260114_LH00793_B23GCKKLT3	florfenicol	amphenicol	No resistance	0	
110Am-CMPN001x56_260114_LH00793_B23GCKKLT3	colistin	polymyxin	No resistance	0	
110Am-CMPN001x56_260114_LH00793_B23GCKKLT3	fusidic acid	steroid antibacterial	No resistance	0	
110Am-CMPN001x56_260114_LH00793_B23GCKKLT3	mupirocin	pseudomonic acid	No resistance	0	
110Am-CMPN001x56_260114_LH00793_B23GCKKLT3	rifampicin	rifamycin	No resistance	0	
110Am-CMPN001x56_260114_LH00793_B23GCKKLT3	metronidazole	nitroimidazole	No resistance	0	
110Am-CMPN001x56_260114_LH00793_B23GCKKLT3	narasin	ionophores	No resistance	0	
110Am-CMPN001x56_260114_LH00793_B23GCKKLT3	salinomycin	ionophores	No resistance	0	
110Am-CMPN001x56_260114_LH00793_B23GCKKLT3	maduramicin	ionophores	No resistance	0	
110Av-CMPN001x57_260114_LH00793_B23GCKKLT3	gentamicin	aminoglycoside	No resistance	0	
110Av-CMPN001x57_260114_LH00793_B23GCKKLT3	tobramycin	aminoglycoside	No resistance	0	
110Av-CMPN001x57_260114_LH00793_B23GCKKLT3	streptomycin	aminoglycoside	No resistance	0	
110Av-CMPN001x57_260114_LH00793_B23GCKKLT3	amikacin	aminoglycoside	No resistance	0	
110Av-CMPN001x57_260114_LH00793_B23GCKKLT3	isepamicin	aminoglycoside	No resistance	0	
110Av-CMPN001x57_260114_LH00793_B23GCKKLT3	dibekacin	aminoglycoside	No resistance	0	
110Av-CMPN001x57_260114_LH00793_B23GCKKLT3	kanamycin	aminoglycoside	No resistance	0	
110Av-CMPN001x57_260114_LH00793_B23GCKKLT3	neomycin	aminoglycoside	No resistance	0	
110Av-CMPN001x57_260114_LH00793_B23GCKKLT3	lividomycin	aminoglycoside	No resistance	0	
110Av-CMPN001x57_260114_LH00793_B23GCKKLT3	paromomycin	aminoglycoside	No resistance	0	
110Av-CMPN001x57_260114_LH00793_B23GCKKLT3	ribostamycin	aminoglycoside	No resistance	0	
110Av-CMPN001x57_260114_LH00793_B23GCKKLT3	unknown aminoglycoside	aminoglycoside	No resistance	0	
110Av-CMPN001x57_260114_LH00793_B23GCKKLT3	butiromycin	aminoglycoside	No resistance	0	
110Av-CMPN001x57_260114_LH00793_B23GCKKLT3	butirosin	aminoglycoside	No resistance	0	
110Av-CMPN001x57_260114_LH00793_B23GCKKLT3	hygromycin	aminoglycoside	No resistance	0	
110Av-CMPN001x57_260114_LH00793_B23GCKKLT3	netilmicin	aminoglycoside	No resistance	0	
110Av-CMPN001x57_260114_LH00793_B23GCKKLT3	apramycin	aminoglycoside	No resistance	0	
110Av-CMPN001x57_260114_LH00793_B23GCKKLT3	sisomicin	aminoglycoside	No resistance	0	
110Av-CMPN001x57_260114_LH00793_B23GCKKLT3	arbekacin	aminoglycoside	No resistance	0	
110Av-CMPN001x57_260114_LH00793_B23GCKKLT3	kasugamycin	aminoglycoside	No resistance	0	
110Av-CMPN001x57_260114_LH00793_B23GCKKLT3	astromicin	aminoglycoside	No resistance	0	
110Av-CMPN001x57_260114_LH00793_B23GCKKLT3	fortimicin	aminoglycoside	No resistance	0	
110Av-CMPN001x57_260114_LH00793_B23GCKKLT3	spectinomycin	aminocyclitol	No resistance	0	
110Av-CMPN001x57_260114_LH00793_B23GCKKLT3	fluoroquinolone	quinolone	No resistance	0	
110Av-CMPN001x57_260114_LH00793_B23GCKKLT3	ciprofloxacin	quinolone	No resistance	0	
110Av-CMPN001x57_260114_LH00793_B23GCKKLT3	unknown quinolone	quinolone	No resistance	0	
110Av-CMPN001x57_260114_LH00793_B23GCKKLT3	nalidixic acid	quinolone	No resistance	0	
110Av-CMPN001x57_260114_LH00793_B23GCKKLT3	amoxicillin	beta-lactam	No resistance	0	
110Av-CMPN001x57_260114_LH00793_B23GCKKLT3	amoxicillin+clavulanic acid	beta-lactam	No resistance	0	
110Av-CMPN001x57_260114_LH00793_B23GCKKLT3	ampicillin	beta-lactam	No resistance	0	
110Av-CMPN001x57_260114_LH00793_B23GCKKLT3	ampicillin+clavulanic acid	beta-lactam	No resistance	0	
110Av-CMPN001x57_260114_LH00793_B23GCKKLT3	cefepime	beta-lactam	No resistance	0	
110Av-CMPN001x57_260114_LH00793_B23GCKKLT3	cefixime	beta-lactam	No resistance	0	
110Av-CMPN001x57_260114_LH00793_B23GCKKLT3	cefotaxime	beta-lactam	No resistance	0	
110Av-CMPN001x57_260114_LH00793_B23GCKKLT3	cefoxitin	beta-lactam	No resistance	0	
110Av-CMPN001x57_260114_LH00793_B23GCKKLT3	ceftazidime	beta-lactam	No resistance	0	
110Av-CMPN001x57_260114_LH00793_B23GCKKLT3	ertapenem	beta-lactam	No resistance	0	
110Av-CMPN001x57_260114_LH00793_B23GCKKLT3	imipenem	beta-lactam	No resistance	0	
110Av-CMPN001x57_260114_LH00793_B23GCKKLT3	meropenem	beta-lactam	No resistance	0	
110Av-CMPN001x57_260114_LH00793_B23GCKKLT3	piperacillin	beta-lactam	No resistance	0	
110Av-CMPN001x57_260114_LH00793_B23GCKKLT3	piperacillin+tazobactam	beta-lactam	No resistance	0	
110Av-CMPN001x57_260114_LH00793_B23GCKKLT3	unknown beta-lactam	beta-lactam	No resistance	0	
110Av-CMPN001x57_260114_LH00793_B23GCKKLT3	aztreonam	beta-lactam	No resistance	0	
110Av-CMPN001x57_260114_LH00793_B23GCKKLT3	cefotaxime+clavulanic acid	beta-lactam	No resistance	0	
110Av-CMPN001x57_260114_LH00793_B23GCKKLT3	temocillin	beta-lactam	No resistance	0	
110Av-CMPN001x57_260114_LH00793_B23GCKKLT3	ticarcillin	beta-lactam	No resistance	0	
110Av-CMPN001x57_260114_LH00793_B23GCKKLT3	ceftazidime+avibactam	beta-lactam	No resistance	0	
110Av-CMPN001x57_260114_LH00793_B23GCKKLT3	penicillin	beta-lactam	No resistance	0	
110Av-CMPN001x57_260114_LH00793_B23GCKKLT3	ceftriaxone	beta-lactam	No resistance	0	
110Av-CMPN001x57_260114_LH00793_B23GCKKLT3	ticarcillin+clavulanic acid	beta-lactam	No resistance	0	
110Av-CMPN001x57_260114_LH00793_B23GCKKLT3	cephalothin	beta-lactam	No resistance	0	
110Av-CMPN001x57_260114_LH00793_B23GCKKLT3	piperacillin+clavulanic acid	beta-lactam	No resistance	0	
110Av-CMPN001x57_260114_LH00793_B23GCKKLT3	ceftiofur	under_development	No resistance	0	
110Av-CMPN001x57_260114_LH00793_B23GCKKLT3	sulfamethoxazole	folate pathway antagonist	No resistance	0	
110Av-CMPN001x57_260114_LH00793_B23GCKKLT3	trimethoprim	folate pathway antagonist	No resistance	0	
110Av-CMPN001x57_260114_LH00793_B23GCKKLT3	fosfomycin	fosfomycin	No resistance	0	
110Av-CMPN001x57_260114_LH00793_B23GCKKLT3	vancomycin	glycopeptide	No resistance	0	
110Av-CMPN001x57_260114_LH00793_B23GCKKLT3	teicoplanin	glycopeptide	No resistance	0	
110Av-CMPN001x57_260114_LH00793_B23GCKKLT3	bleomycin	glycopeptide	No resistance	0	
110Av-CMPN001x57_260114_LH00793_B23GCKKLT3	lincomycin	lincosamide	No resistance	0	
110Av-CMPN001x57_260114_LH00793_B23GCKKLT3	clindamycin	lincosamide	No resistance	0	
110Av-CMPN001x57_260114_LH00793_B23GCKKLT3	dalfopristin	streptogramin a	No resistance	0	
110Av-CMPN001x57_260114_LH00793_B23GCKKLT3	pristinamycin iia	streptogramin a	No resistance	0	
110Av-CMPN001x57_260114_LH00793_B23GCKKLT3	virginiamycin m	streptogramin a	No resistance	0	
110Av-CMPN001x57_260114_LH00793_B23GCKKLT3	quinupristin+dalfopristin	streptogramin a	No resistance	0	
110Av-CMPN001x57_260114_LH00793_B23GCKKLT3	tiamulin	pleuromutilin	No resistance	0	
110Av-CMPN001x57_260114_LH00793_B23GCKKLT3	carbomycin	macrolide	No resistance	0	
110Av-CMPN001x57_260114_LH00793_B23GCKKLT3	erythromycin	macrolide	No resistance	0	
110Av-CMPN001x57_260114_LH00793_B23GCKKLT3	azithromycin	macrolide	No resistance	0	
110Av-CMPN001x57_260114_LH00793_B23GCKKLT3	oleandomycin	macrolide	No resistance	0	
110Av-CMPN001x57_260114_LH00793_B23GCKKLT3	spiramycin	macrolide	No resistance	0	
110Av-CMPN001x57_260114_LH00793_B23GCKKLT3	tylosin	macrolide	No resistance	0	
110Av-CMPN001x57_260114_LH00793_B23GCKKLT3	telithromycin	macrolide	No resistance	0	
110Av-CMPN001x57_260114_LH00793_B23GCKKLT3	tetracycline	tetracycline	No resistance	0	
110Av-CMPN001x57_260114_LH00793_B23GCKKLT3	doxycycline	tetracycline	No resistance	0	
110Av-CMPN001x57_260114_LH00793_B23GCKKLT3	minocycline	tetracycline	No resistance	0	
110Av-CMPN001x57_260114_LH00793_B23GCKKLT3	tigecycline	tetracycline	No resistance	0	
110Av-CMPN001x57_260114_LH00793_B23GCKKLT3	quinupristin	streptogramin b	No resistance	0	
110Av-CMPN001x57_260114_LH00793_B23GCKKLT3	pristinamycin ia	streptogramin b	No resistance	0	
110Av-CMPN001x57_260114_LH00793_B23GCKKLT3	virginiamycin s	streptogramin b	No resistance	0	
110Av-CMPN001x57_260114_LH00793_B23GCKKLT3	linezolid	oxazolidinone	No resistance	0	
110Av-CMPN001x57_260114_LH00793_B23GCKKLT3	chloramphenicol	amphenicol	No resistance	0	
110Av-CMPN001x57_260114_LH00793_B23GCKKLT3	florfenicol	amphenicol	No resistance	0	
110Av-CMPN001x57_260114_LH00793_B23GCKKLT3	colistin	polymyxin	No resistance	0	
110Av-CMPN001x57_260114_LH00793_B23GCKKLT3	fusidic acid	steroid antibacterial	No resistance	0	
110Av-CMPN001x57_260114_LH00793_B23GCKKLT3	mupirocin	pseudomonic acid	No resistance	0	
110Av-CMPN001x57_260114_LH00793_B23GCKKLT3	rifampicin	rifamycin	No resistance	0	
110Av-CMPN001x57_260114_LH00793_B23GCKKLT3	metronidazole	nitroimidazole	No resistance	0	
110Av-CMPN001x57_260114_LH00793_B23GCKKLT3	narasin	ionophores	No resistance	0	
110Av-CMPN001x57_260114_LH00793_B23GCKKLT3	salinomycin	ionophores	No resistance	0	
110Av-CMPN001x57_260114_LH00793_B23GCKKLT3	maduramicin	ionophores	No resistance	0	
110Ca-CMPN001x26_260114_LH00793_B23GCKKLT3	gentamicin	aminoglycoside	No resistance	0	
110Ca-CMPN001x26_260114_LH00793_B23GCKKLT3	tobramycin	aminoglycoside	No resistance	0	
110Ca-CMPN001x26_260114_LH00793_B23GCKKLT3	streptomycin	aminoglycoside	No resistance	0	
110Ca-CMPN001x26_260114_LH00793_B23GCKKLT3	amikacin	aminoglycoside	No resistance	0	
110Ca-CMPN001x26_260114_LH00793_B23GCKKLT3	isepamicin	aminoglycoside	No resistance	0	
110Ca-CMPN001x26_260114_LH00793_B23GCKKLT3	dibekacin	aminoglycoside	No resistance	0	
110Ca-CMPN001x26_260114_LH00793_B23GCKKLT3	kanamycin	aminoglycoside	No resistance	0	
110Ca-CMPN001x26_260114_LH00793_B23GCKKLT3	neomycin	aminoglycoside	No resistance	0	
110Ca-CMPN001x26_260114_LH00793_B23GCKKLT3	lividomycin	aminoglycoside	No resistance	0	
110Ca-CMPN001x26_260114_LH00793_B23GCKKLT3	paromomycin	aminoglycoside	No resistance	0	
110Ca-CMPN001x26_260114_LH00793_B23GCKKLT3	ribostamycin	aminoglycoside	No resistance	0	
110Ca-CMPN001x26_260114_LH00793_B23GCKKLT3	unknown aminoglycoside	aminoglycoside	No resistance	0	
110Ca-CMPN001x26_260114_LH00793_B23GCKKLT3	butiromycin	aminoglycoside	No resistance	0	
110Ca-CMPN001x26_260114_LH00793_B23GCKKLT3	butirosin	aminoglycoside	No resistance	0	
110Ca-CMPN001x26_260114_LH00793_B23GCKKLT3	hygromycin	aminoglycoside	No resistance	0	
110Ca-CMPN001x26_260114_LH00793_B23GCKKLT3	netilmicin	aminoglycoside	No resistance	0	
110Ca-CMPN001x26_260114_LH00793_B23GCKKLT3	apramycin	aminoglycoside	No resistance	0	
110Ca-CMPN001x26_260114_LH00793_B23GCKKLT3	sisomicin	aminoglycoside	No resistance	0	
110Ca-CMPN001x26_260114_LH00793_B23GCKKLT3	arbekacin	aminoglycoside	No resistance	0	
110Ca-CMPN001x26_260114_LH00793_B23GCKKLT3	kasugamycin	aminoglycoside	No resistance	0	
110Ca-CMPN001x26_260114_LH00793_B23GCKKLT3	astromicin	aminoglycoside	No resistance	0	
110Ca-CMPN001x26_260114_LH00793_B23GCKKLT3	fortimicin	aminoglycoside	No resistance	0	
110Ca-CMPN001x26_260114_LH00793_B23GCKKLT3	spectinomycin	aminocyclitol	No resistance	0	
110Ca-CMPN001x26_260114_LH00793_B23GCKKLT3	fluoroquinolone	quinolone	No resistance	0	
110Ca-CMPN001x26_260114_LH00793_B23GCKKLT3	ciprofloxacin	quinolone	No resistance	0	
110Ca-CMPN001x26_260114_LH00793_B23GCKKLT3	unknown quinolone	quinolone	No resistance	0	
110Ca-CMPN001x26_260114_LH00793_B23GCKKLT3	nalidixic acid	quinolone	No resistance	0	
110Ca-CMPN001x26_260114_LH00793_B23GCKKLT3	amoxicillin	beta-lactam	No resistance	0	
110Ca-CMPN001x26_260114_LH00793_B23GCKKLT3	amoxicillin+clavulanic acid	beta-lactam	No resistance	0	
110Ca-CMPN001x26_260114_LH00793_B23GCKKLT3	ampicillin	beta-lactam	No resistance	0	
110Ca-CMPN001x26_260114_LH00793_B23GCKKLT3	ampicillin+clavulanic acid	beta-lactam	No resistance	0	
110Ca-CMPN001x26_260114_LH00793_B23GCKKLT3	cefepime	beta-lactam	No resistance	0	
110Ca-CMPN001x26_260114_LH00793_B23GCKKLT3	cefixime	beta-lactam	No resistance	0	
110Ca-CMPN001x26_260114_LH00793_B23GCKKLT3	cefotaxime	beta-lactam	No resistance	0	
110Ca-CMPN001x26_260114_LH00793_B23GCKKLT3	cefoxitin	beta-lactam	No resistance	0	
110Ca-CMPN001x26_260114_LH00793_B23GCKKLT3	ceftazidime	beta-lactam	No resistance	0	
110Ca-CMPN001x26_260114_LH00793_B23GCKKLT3	ertapenem	beta-lactam	No resistance	0	
110Ca-CMPN001x26_260114_LH00793_B23GCKKLT3	imipenem	beta-lactam	No resistance	0	
110Ca-CMPN001x26_260114_LH00793_B23GCKKLT3	meropenem	beta-lactam	No resistance	0	
110Ca-CMPN001x26_260114_LH00793_B23GCKKLT3	piperacillin	beta-lactam	No resistance	0	
110Ca-CMPN001x26_260114_LH00793_B23GCKKLT3	piperacillin+tazobactam	beta-lactam	No resistance	0	
110Ca-CMPN001x26_260114_LH00793_B23GCKKLT3	unknown beta-lactam	beta-lactam	No resistance	0	
110Ca-CMPN001x26_260114_LH00793_B23GCKKLT3	aztreonam	beta-lactam	No resistance	0	
110Ca-CMPN001x26_260114_LH00793_B23GCKKLT3	cefotaxime+clavulanic acid	beta-lactam	No resistance	0	
110Ca-CMPN001x26_260114_LH00793_B23GCKKLT3	temocillin	beta-lactam	No resistance	0	
110Ca-CMPN001x26_260114_LH00793_B23GCKKLT3	ticarcillin	beta-lactam	No resistance	0	
110Ca-CMPN001x26_260114_LH00793_B23GCKKLT3	ceftazidime+avibactam	beta-lactam	No resistance	0	
110Ca-CMPN001x26_260114_LH00793_B23GCKKLT3	penicillin	beta-lactam	No resistance	0	
110Ca-CMPN001x26_260114_LH00793_B23GCKKLT3	ceftriaxone	beta-lactam	No resistance	0	
110Ca-CMPN001x26_260114_LH00793_B23GCKKLT3	ticarcillin+clavulanic acid	beta-lactam	No resistance	0	
110Ca-CMPN001x26_260114_LH00793_B23GCKKLT3	cephalothin	beta-lactam	No resistance	0	
110Ca-CMPN001x26_260114_LH00793_B23GCKKLT3	piperacillin+clavulanic acid	beta-lactam	No resistance	0	
110Ca-CMPN001x26_260114_LH00793_B23GCKKLT3	ceftiofur	under_development	No resistance	0	
110Ca-CMPN001x26_260114_LH00793_B23GCKKLT3	sulfamethoxazole	folate pathway antagonist	No resistance	0	
110Ca-CMPN001x26_260114_LH00793_B23GCKKLT3	trimethoprim	folate pathway antagonist	No resistance	0	
110Ca-CMPN001x26_260114_LH00793_B23GCKKLT3	fosfomycin	fosfomycin	No resistance	0	
110Ca-CMPN001x26_260114_LH00793_B23GCKKLT3	vancomycin	glycopeptide	No resistance	0	
110Ca-CMPN001x26_260114_LH00793_B23GCKKLT3	teicoplanin	glycopeptide	No resistance	0	
110Ca-CMPN001x26_260114_LH00793_B23GCKKLT3	bleomycin	glycopeptide	No resistance	0	
110Ca-CMPN001x26_260114_LH00793_B23GCKKLT3	lincomycin	lincosamide	Resistant	3	erm(B) (erm(B)_U86375)
110Ca-CMPN001x26_260114_LH00793_B23GCKKLT3	clindamycin	lincosamide	Resistant	3	erm(B) (erm(B)_U86375)
110Ca-CMPN001x26_260114_LH00793_B23GCKKLT3	dalfopristin	streptogramin a	No resistance	0	
110Ca-CMPN001x26_260114_LH00793_B23GCKKLT3	pristinamycin iia	streptogramin a	No resistance	0	
110Ca-CMPN001x26_260114_LH00793_B23GCKKLT3	virginiamycin m	streptogramin a	No resistance	0	
110Ca-CMPN001x26_260114_LH00793_B23GCKKLT3	quinupristin+dalfopristin	streptogramin a	No resistance	0	
110Ca-CMPN001x26_260114_LH00793_B23GCKKLT3	tiamulin	pleuromutilin	No resistance	0	
110Ca-CMPN001x26_260114_LH00793_B23GCKKLT3	carbomycin	macrolide	No resistance	0	
110Ca-CMPN001x26_260114_LH00793_B23GCKKLT3	erythromycin	macrolide	Resistant	3	erm(B) (erm(B)_U86375)
110Ca-CMPN001x26_260114_LH00793_B23GCKKLT3	azithromycin	macrolide	No resistance	0	
110Ca-CMPN001x26_260114_LH00793_B23GCKKLT3	oleandomycin	macrolide	No resistance	0	
110Ca-CMPN001x26_260114_LH00793_B23GCKKLT3	spiramycin	macrolide	No resistance	0	
110Ca-CMPN001x26_260114_LH00793_B23GCKKLT3	tylosin	macrolide	No resistance	0	
110Ca-CMPN001x26_260114_LH00793_B23GCKKLT3	telithromycin	macrolide	No resistance	0	
110Ca-CMPN001x26_260114_LH00793_B23GCKKLT3	tetracycline	tetracycline	Resistant	2	tet(M) (tet(M)_FR671418)
110Ca-CMPN001x26_260114_LH00793_B23GCKKLT3	doxycycline	tetracycline	Resistant	2	tet(M) (tet(M)_FR671418)
110Ca-CMPN001x26_260114_LH00793_B23GCKKLT3	minocycline	tetracycline	Resistant	2	tet(M) (tet(M)_FR671418)
110Ca-CMPN001x26_260114_LH00793_B23GCKKLT3	tigecycline	tetracycline	No resistance	0	
110Ca-CMPN001x26_260114_LH00793_B23GCKKLT3	quinupristin	streptogramin b	Resistant	3	erm(B) (erm(B)_U86375)
110Ca-CMPN001x26_260114_LH00793_B23GCKKLT3	pristinamycin ia	streptogramin b	Resistant	3	erm(B) (erm(B)_U86375)
110Ca-CMPN001x26_260114_LH00793_B23GCKKLT3	virginiamycin s	streptogramin b	Resistant	3	erm(B) (erm(B)_U86375)
110Ca-CMPN001x26_260114_LH00793_B23GCKKLT3	linezolid	oxazolidinone	No resistance	0	
110Ca-CMPN001x26_260114_LH00793_B23GCKKLT3	chloramphenicol	amphenicol	No resistance	0	
110Ca-CMPN001x26_260114_LH00793_B23GCKKLT3	florfenicol	amphenicol	No resistance	0	
110Ca-CMPN001x26_260114_LH00793_B23GCKKLT3	colistin	polymyxin	No resistance	0	
110Ca-CMPN001x26_260114_LH00793_B23GCKKLT3	fusidic acid	steroid antibacterial	No resistance	0	
110Ca-CMPN001x26_260114_LH00793_B23GCKKLT3	mupirocin	pseudomonic acid	No resistance	0	
110Ca-CMPN001x26_260114_LH00793_B23GCKKLT3	rifampicin	rifamycin	No resistance	0	
110Ca-CMPN001x26_260114_LH00793_B23GCKKLT3	metronidazole	nitroimidazole	No resistance	0	
110Ca-CMPN001x26_260114_LH00793_B23GCKKLT3	narasin	ionophores	No resistance	0	
110Ca-CMPN001x26_260114_LH00793_B23GCKKLT3	salinomycin	ionophores	No resistance	0	
110Ca-CMPN001x26_260114_LH00793_B23GCKKLT3	maduramicin	ionophores	No resistance	0	
110Cm-CMPN001x27_260114_LH00793_B23GCKKLT3	gentamicin	aminoglycoside	No resistance	0	
110Cm-CMPN001x27_260114_LH00793_B23GCKKLT3	tobramycin	aminoglycoside	No resistance	0	
110Cm-CMPN001x27_260114_LH00793_B23GCKKLT3	streptomycin	aminoglycoside	No resistance	0	
110Cm-CMPN001x27_260114_LH00793_B23GCKKLT3	amikacin	aminoglycoside	No resistance	0	
110Cm-CMPN001x27_260114_LH00793_B23GCKKLT3	isepamicin	aminoglycoside	No resistance	0	
110Cm-CMPN001x27_260114_LH00793_B23GCKKLT3	dibekacin	aminoglycoside	No resistance	0	
110Cm-CMPN001x27_260114_LH00793_B23GCKKLT3	kanamycin	aminoglycoside	No resistance	0	
110Cm-CMPN001x27_260114_LH00793_B23GCKKLT3	neomycin	aminoglycoside	No resistance	0	
110Cm-CMPN001x27_260114_LH00793_B23GCKKLT3	lividomycin	aminoglycoside	No resistance	0	
110Cm-CMPN001x27_260114_LH00793_B23GCKKLT3	paromomycin	aminoglycoside	No resistance	0	
110Cm-CMPN001x27_260114_LH00793_B23GCKKLT3	ribostamycin	aminoglycoside	No resistance	0	
110Cm-CMPN001x27_260114_LH00793_B23GCKKLT3	unknown aminoglycoside	aminoglycoside	No resistance	0	
110Cm-CMPN001x27_260114_LH00793_B23GCKKLT3	butiromycin	aminoglycoside	No resistance	0	
110Cm-CMPN001x27_260114_LH00793_B23GCKKLT3	butirosin	aminoglycoside	No resistance	0	
110Cm-CMPN001x27_260114_LH00793_B23GCKKLT3	hygromycin	aminoglycoside	No resistance	0	
110Cm-CMPN001x27_260114_LH00793_B23GCKKLT3	netilmicin	aminoglycoside	No resistance	0	
110Cm-CMPN001x27_260114_LH00793_B23GCKKLT3	apramycin	aminoglycoside	No resistance	0	
110Cm-CMPN001x27_260114_LH00793_B23GCKKLT3	sisomicin	aminoglycoside	No resistance	0	
110Cm-CMPN001x27_260114_LH00793_B23GCKKLT3	arbekacin	aminoglycoside	No resistance	0	
110Cm-CMPN001x27_260114_LH00793_B23GCKKLT3	kasugamycin	aminoglycoside	No resistance	0	
110Cm-CMPN001x27_260114_LH00793_B23GCKKLT3	astromicin	aminoglycoside	No resistance	0	
110Cm-CMPN001x27_260114_LH00793_B23GCKKLT3	fortimicin	aminoglycoside	No resistance	0	
110Cm-CMPN001x27_260114_LH00793_B23GCKKLT3	spectinomycin	aminocyclitol	No resistance	0	
110Cm-CMPN001x27_260114_LH00793_B23GCKKLT3	fluoroquinolone	quinolone	No resistance	0	
110Cm-CMPN001x27_260114_LH00793_B23GCKKLT3	ciprofloxacin	quinolone	No resistance	0	
110Cm-CMPN001x27_260114_LH00793_B23GCKKLT3	unknown quinolone	quinolone	No resistance	0	
110Cm-CMPN001x27_260114_LH00793_B23GCKKLT3	nalidixic acid	quinolone	No resistance	0	
110Cm-CMPN001x27_260114_LH00793_B23GCKKLT3	amoxicillin	beta-lactam	No resistance	0	
110Cm-CMPN001x27_260114_LH00793_B23GCKKLT3	amoxicillin+clavulanic acid	beta-lactam	No resistance	0	
110Cm-CMPN001x27_260114_LH00793_B23GCKKLT3	ampicillin	beta-lactam	No resistance	0	
110Cm-CMPN001x27_260114_LH00793_B23GCKKLT3	ampicillin+clavulanic acid	beta-lactam	No resistance	0	
110Cm-CMPN001x27_260114_LH00793_B23GCKKLT3	cefepime	beta-lactam	No resistance	0	
110Cm-CMPN001x27_260114_LH00793_B23GCKKLT3	cefixime	beta-lactam	No resistance	0	
110Cm-CMPN001x27_260114_LH00793_B23GCKKLT3	cefotaxime	beta-lactam	No resistance	0	
110Cm-CMPN001x27_260114_LH00793_B23GCKKLT3	cefoxitin	beta-lactam	No resistance	0	
110Cm-CMPN001x27_260114_LH00793_B23GCKKLT3	ceftazidime	beta-lactam	No resistance	0	
110Cm-CMPN001x27_260114_LH00793_B23GCKKLT3	ertapenem	beta-lactam	No resistance	0	
110Cm-CMPN001x27_260114_LH00793_B23GCKKLT3	imipenem	beta-lactam	No resistance	0	
110Cm-CMPN001x27_260114_LH00793_B23GCKKLT3	meropenem	beta-lactam	No resistance	0	
110Cm-CMPN001x27_260114_LH00793_B23GCKKLT3	piperacillin	beta-lactam	No resistance	0	
110Cm-CMPN001x27_260114_LH00793_B23GCKKLT3	piperacillin+tazobactam	beta-lactam	No resistance	0	
110Cm-CMPN001x27_260114_LH00793_B23GCKKLT3	unknown beta-lactam	beta-lactam	No resistance	0	
110Cm-CMPN001x27_260114_LH00793_B23GCKKLT3	aztreonam	beta-lactam	No resistance	0	
110Cm-CMPN001x27_260114_LH00793_B23GCKKLT3	cefotaxime+clavulanic acid	beta-lactam	No resistance	0	
110Cm-CMPN001x27_260114_LH00793_B23GCKKLT3	temocillin	beta-lactam	No resistance	0	
110Cm-CMPN001x27_260114_LH00793_B23GCKKLT3	ticarcillin	beta-lactam	No resistance	0	
110Cm-CMPN001x27_260114_LH00793_B23GCKKLT3	ceftazidime+avibactam	beta-lactam	No resistance	0	
110Cm-CMPN001x27_260114_LH00793_B23GCKKLT3	penicillin	beta-lactam	No resistance	0	
110Cm-CMPN001x27_260114_LH00793_B23GCKKLT3	ceftriaxone	beta-lactam	No resistance	0	
110Cm-CMPN001x27_260114_LH00793_B23GCKKLT3	ticarcillin+clavulanic acid	beta-lactam	No resistance	0	
110Cm-CMPN001x27_260114_LH00793_B23GCKKLT3	cephalothin	beta-lactam	No resistance	0	
110Cm-CMPN001x27_260114_LH00793_B23GCKKLT3	piperacillin+clavulanic acid	beta-lactam	No resistance	0	
110Cm-CMPN001x27_260114_LH00793_B23GCKKLT3	ceftiofur	under_development	No resistance	0	
110Cm-CMPN001x27_260114_LH00793_B23GCKKLT3	sulfamethoxazole	folate pathway antagonist	No resistance	0	
110Cm-CMPN001x27_260114_LH00793_B23GCKKLT3	trimethoprim	folate pathway antagonist	No resistance	0	
110Cm-CMPN001x27_260114_LH00793_B23GCKKLT3	fosfomycin	fosfomycin	No resistance	0	
110Cm-CMPN001x27_260114_LH00793_B23GCKKLT3	vancomycin	glycopeptide	No resistance	0	
110Cm-CMPN001x27_260114_LH00793_B23GCKKLT3	teicoplanin	glycopeptide	No resistance	0	
110Cm-CMPN001x27_260114_LH00793_B23GCKKLT3	bleomycin	glycopeptide	No resistance	0	
110Cm-CMPN001x27_260114_LH00793_B23GCKKLT3	lincomycin	lincosamide	Resistant	2	lsa(C) (lsa(C)_HM990671), erm(B) (erm(B)_X72021), erm(B) (erm(B)_JN899585)
110Cm-CMPN001x27_260114_LH00793_B23GCKKLT3	clindamycin	lincosamide	Resistant	2	lsa(C) (lsa(C)_HM990671), erm(B) (erm(B)_X72021), erm(B) (erm(B)_JN899585)
110Cm-CMPN001x27_260114_LH00793_B23GCKKLT3	dalfopristin	streptogramin a	Resistant	2	lsa(C) (lsa(C)_HM990671)
110Cm-CMPN001x27_260114_LH00793_B23GCKKLT3	pristinamycin iia	streptogramin a	Resistant	2	lsa(C) (lsa(C)_HM990671)
110Cm-CMPN001x27_260114_LH00793_B23GCKKLT3	virginiamycin m	streptogramin a	Resistant	2	lsa(C) (lsa(C)_HM990671)
110Cm-CMPN001x27_260114_LH00793_B23GCKKLT3	quinupristin+dalfopristin	streptogramin a	No resistance	0	
110Cm-CMPN001x27_260114_LH00793_B23GCKKLT3	tiamulin	pleuromutilin	Resistant	2	lsa(C) (lsa(C)_HM990671)
110Cm-CMPN001x27_260114_LH00793_B23GCKKLT3	carbomycin	macrolide	No resistance	0	
110Cm-CMPN001x27_260114_LH00793_B23GCKKLT3	erythromycin	macrolide	Resistant	3	msr(D) (msr(D)_AF274302), mef(A) (mef(A)_U83667), erm(B) (erm(B)_X72021), erm(B) (erm(B)_JN899585)
110Cm-CMPN001x27_260114_LH00793_B23GCKKLT3	azithromycin	macrolide	Resistant	3	msr(D) (msr(D)_AF274302), mef(A) (mef(A)_U83667)
110Cm-CMPN001x27_260114_LH00793_B23GCKKLT3	oleandomycin	macrolide	No resistance	0	
110Cm-CMPN001x27_260114_LH00793_B23GCKKLT3	spiramycin	macrolide	No resistance	0	
110Cm-CMPN001x27_260114_LH00793_B23GCKKLT3	tylosin	macrolide	No resistance	0	
110Cm-CMPN001x27_260114_LH00793_B23GCKKLT3	telithromycin	macrolide	Resistant	3	msr(D) (msr(D)_AF274302)
110Cm-CMPN001x27_260114_LH00793_B23GCKKLT3	tetracycline	tetracycline	Resistant	2	tet(M) (tet(M)_FR671418)
110Cm-CMPN001x27_260114_LH00793_B23GCKKLT3	doxycycline	tetracycline	Resistant	2	tet(M) (tet(M)_FR671418)
110Cm-CMPN001x27_260114_LH00793_B23GCKKLT3	minocycline	tetracycline	Resistant	2	tet(M) (tet(M)_FR671418)
110Cm-CMPN001x27_260114_LH00793_B23GCKKLT3	tigecycline	tetracycline	No resistance	0	
110Cm-CMPN001x27_260114_LH00793_B23GCKKLT3	quinupristin	streptogramin b	Resistant	3	msr(D) (msr(D)_AF274302), erm(B) (erm(B)_X72021), erm(B) (erm(B)_JN899585)
110Cm-CMPN001x27_260114_LH00793_B23GCKKLT3	pristinamycin ia	streptogramin b	Resistant	3	msr(D) (msr(D)_AF274302), erm(B) (erm(B)_X72021), erm(B) (erm(B)_JN899585)
110Cm-CMPN001x27_260114_LH00793_B23GCKKLT3	virginiamycin s	streptogramin b	Resistant	3	msr(D) (msr(D)_AF274302), erm(B) (erm(B)_X72021), erm(B) (erm(B)_JN899585)
110Cm-CMPN001x27_260114_LH00793_B23GCKKLT3	linezolid	oxazolidinone	No resistance	0	
110Cm-CMPN001x27_260114_LH00793_B23GCKKLT3	chloramphenicol	amphenicol	No resistance	0	
110Cm-CMPN001x27_260114_LH00793_B23GCKKLT3	florfenicol	amphenicol	No resistance	0	
110Cm-CMPN001x27_260114_LH00793_B23GCKKLT3	colistin	polymyxin	No resistance	0	
110Cm-CMPN001x27_260114_LH00793_B23GCKKLT3	fusidic acid	steroid antibacterial	No resistance	0	
110Cm-CMPN001x27_260114_LH00793_B23GCKKLT3	mupirocin	pseudomonic acid	No resistance	0	
110Cm-CMPN001x27_260114_LH00793_B23GCKKLT3	rifampicin	rifamycin	No resistance	0	
110Cm-CMPN001x27_260114_LH00793_B23GCKKLT3	metronidazole	nitroimidazole	No resistance	0	
110Cm-CMPN001x27_260114_LH00793_B23GCKKLT3	narasin	ionophores	No resistance	0	
110Cm-CMPN001x27_260114_LH00793_B23GCKKLT3	salinomycin	ionophores	No resistance	0	
110Cm-CMPN001x27_260114_LH00793_B23GCKKLT3	maduramicin	ionophores	No resistance	0	
111Ap-CMPN001x58_260114_LH00793_B23GCKKLT3	gentamicin	aminoglycoside	No resistance	0	
111Ap-CMPN001x58_260114_LH00793_B23GCKKLT3	tobramycin	aminoglycoside	No resistance	0	
111Ap-CMPN001x58_260114_LH00793_B23GCKKLT3	streptomycin	aminoglycoside	No resistance	0	
111Ap-CMPN001x58_260114_LH00793_B23GCKKLT3	amikacin	aminoglycoside	No resistance	0	
111Ap-CMPN001x58_260114_LH00793_B23GCKKLT3	isepamicin	aminoglycoside	No resistance	0	
111Ap-CMPN001x58_260114_LH00793_B23GCKKLT3	dibekacin	aminoglycoside	No resistance	0	
111Ap-CMPN001x58_260114_LH00793_B23GCKKLT3	kanamycin	aminoglycoside	No resistance	0	
111Ap-CMPN001x58_260114_LH00793_B23GCKKLT3	neomycin	aminoglycoside	No resistance	0	
111Ap-CMPN001x58_260114_LH00793_B23GCKKLT3	lividomycin	aminoglycoside	No resistance	0	
111Ap-CMPN001x58_260114_LH00793_B23GCKKLT3	paromomycin	aminoglycoside	No resistance	0	
111Ap-CMPN001x58_260114_LH00793_B23GCKKLT3	ribostamycin	aminoglycoside	No resistance	0	
111Ap-CMPN001x58_260114_LH00793_B23GCKKLT3	unknown aminoglycoside	aminoglycoside	No resistance	0	
111Ap-CMPN001x58_260114_LH00793_B23GCKKLT3	butiromycin	aminoglycoside	No resistance	0	
111Ap-CMPN001x58_260114_LH00793_B23GCKKLT3	butirosin	aminoglycoside	No resistance	0	
111Ap-CMPN001x58_260114_LH00793_B23GCKKLT3	hygromycin	aminoglycoside	No resistance	0	
111Ap-CMPN001x58_260114_LH00793_B23GCKKLT3	netilmicin	aminoglycoside	No resistance	0	
111Ap-CMPN001x58_260114_LH00793_B23GCKKLT3	apramycin	aminoglycoside	No resistance	0	
111Ap-CMPN001x58_260114_LH00793_B23GCKKLT3	sisomicin	aminoglycoside	No resistance	0	
111Ap-CMPN001x58_260114_LH00793_B23GCKKLT3	arbekacin	aminoglycoside	No resistance	0	
111Ap-CMPN001x58_260114_LH00793_B23GCKKLT3	kasugamycin	aminoglycoside	No resistance	0	
111Ap-CMPN001x58_260114_LH00793_B23GCKKLT3	astromicin	aminoglycoside	No resistance	0	
111Ap-CMPN001x58_260114_LH00793_B23GCKKLT3	fortimicin	aminoglycoside	No resistance	0	
111Ap-CMPN001x58_260114_LH00793_B23GCKKLT3	spectinomycin	aminocyclitol	No resistance	0	
111Ap-CMPN001x58_260114_LH00793_B23GCKKLT3	fluoroquinolone	quinolone	No resistance	0	
111Ap-CMPN001x58_260114_LH00793_B23GCKKLT3	ciprofloxacin	quinolone	No resistance	0	
111Ap-CMPN001x58_260114_LH00793_B23GCKKLT3	unknown quinolone	quinolone	No resistance	0	
111Ap-CMPN001x58_260114_LH00793_B23GCKKLT3	nalidixic acid	quinolone	No resistance	0	
111Ap-CMPN001x58_260114_LH00793_B23GCKKLT3	amoxicillin	beta-lactam	No resistance	0	
111Ap-CMPN001x58_260114_LH00793_B23GCKKLT3	amoxicillin+clavulanic acid	beta-lactam	No resistance	0	
111Ap-CMPN001x58_260114_LH00793_B23GCKKLT3	ampicillin	beta-lactam	No resistance	0	
111Ap-CMPN001x58_260114_LH00793_B23GCKKLT3	ampicillin+clavulanic acid	beta-lactam	No resistance	0	
111Ap-CMPN001x58_260114_LH00793_B23GCKKLT3	cefepime	beta-lactam	No resistance	0	
111Ap-CMPN001x58_260114_LH00793_B23GCKKLT3	cefixime	beta-lactam	No resistance	0	
111Ap-CMPN001x58_260114_LH00793_B23GCKKLT3	cefotaxime	beta-lactam	No resistance	0	
111Ap-CMPN001x58_260114_LH00793_B23GCKKLT3	cefoxitin	beta-lactam	No resistance	0	
111Ap-CMPN001x58_260114_LH00793_B23GCKKLT3	ceftazidime	beta-lactam	No resistance	0	
111Ap-CMPN001x58_260114_LH00793_B23GCKKLT3	ertapenem	beta-lactam	No resistance	0	
111Ap-CMPN001x58_260114_LH00793_B23GCKKLT3	imipenem	beta-lactam	No resistance	0	
111Ap-CMPN001x58_260114_LH00793_B23GCKKLT3	meropenem	beta-lactam	No resistance	0	
111Ap-CMPN001x58_260114_LH00793_B23GCKKLT3	piperacillin	beta-lactam	No resistance	0	
111Ap-CMPN001x58_260114_LH00793_B23GCKKLT3	piperacillin+tazobactam	beta-lactam	No resistance	0	
111Ap-CMPN001x58_260114_LH00793_B23GCKKLT3	unknown beta-lactam	beta-lactam	No resistance	0	
111Ap-CMPN001x58_260114_LH00793_B23GCKKLT3	aztreonam	beta-lactam	No resistance	0	
111Ap-CMPN001x58_260114_LH00793_B23GCKKLT3	cefotaxime+clavulanic acid	beta-lactam	No resistance	0	
111Ap-CMPN001x58_260114_LH00793_B23GCKKLT3	temocillin	beta-lactam	No resistance	0	
111Ap-CMPN001x58_260114_LH00793_B23GCKKLT3	ticarcillin	beta-lactam	No resistance	0	
111Ap-CMPN001x58_260114_LH00793_B23GCKKLT3	ceftazidime+avibactam	beta-lactam	No resistance	0	
111Ap-CMPN001x58_260114_LH00793_B23GCKKLT3	penicillin	beta-lactam	No resistance	0	
111Ap-CMPN001x58_260114_LH00793_B23GCKKLT3	ceftriaxone	beta-lactam	No resistance	0	
111Ap-CMPN001x58_260114_LH00793_B23GCKKLT3	ticarcillin+clavulanic acid	beta-lactam	No resistance	0	
111Ap-CMPN001x58_260114_LH00793_B23GCKKLT3	cephalothin	beta-lactam	No resistance	0	
111Ap-CMPN001x58_260114_LH00793_B23GCKKLT3	piperacillin+clavulanic acid	beta-lactam	No resistance	0	
111Ap-CMPN001x58_260114_LH00793_B23GCKKLT3	ceftiofur	under_development	No resistance	0	
111Ap-CMPN001x58_260114_LH00793_B23GCKKLT3	sulfamethoxazole	folate pathway antagonist	No resistance	0	
111Ap-CMPN001x58_260114_LH00793_B23GCKKLT3	trimethoprim	folate pathway antagonist	No resistance	0	
111Ap-CMPN001x58_260114_LH00793_B23GCKKLT3	fosfomycin	fosfomycin	No resistance	0	
111Ap-CMPN001x58_260114_LH00793_B23GCKKLT3	vancomycin	glycopeptide	No resistance	0	
111Ap-CMPN001x58_260114_LH00793_B23GCKKLT3	teicoplanin	glycopeptide	No resistance	0	
111Ap-CMPN001x58_260114_LH00793_B23GCKKLT3	bleomycin	glycopeptide	No resistance	0	
111Ap-CMPN001x58_260114_LH00793_B23GCKKLT3	lincomycin	lincosamide	No resistance	0	
111Ap-CMPN001x58_260114_LH00793_B23GCKKLT3	clindamycin	lincosamide	No resistance	0	
111Ap-CMPN001x58_260114_LH00793_B23GCKKLT3	dalfopristin	streptogramin a	No resistance	0	
111Ap-CMPN001x58_260114_LH00793_B23GCKKLT3	pristinamycin iia	streptogramin a	No resistance	0	
111Ap-CMPN001x58_260114_LH00793_B23GCKKLT3	virginiamycin m	streptogramin a	No resistance	0	
111Ap-CMPN001x58_260114_LH00793_B23GCKKLT3	quinupristin+dalfopristin	streptogramin a	No resistance	0	
111Ap-CMPN001x58_260114_LH00793_B23GCKKLT3	tiamulin	pleuromutilin	No resistance	0	
111Ap-CMPN001x58_260114_LH00793_B23GCKKLT3	carbomycin	macrolide	No resistance	0	
111Ap-CMPN001x58_260114_LH00793_B23GCKKLT3	erythromycin	macrolide	Resistant	2	msr(D) (msr(D)_AF274302), mef(A) (mef(A)_U83667)
111Ap-CMPN001x58_260114_LH00793_B23GCKKLT3	azithromycin	macrolide	Resistant	2	msr(D) (msr(D)_AF274302), mef(A) (mef(A)_U83667)
111Ap-CMPN001x58_260114_LH00793_B23GCKKLT3	oleandomycin	macrolide	No resistance	0	
111Ap-CMPN001x58_260114_LH00793_B23GCKKLT3	spiramycin	macrolide	No resistance	0	
111Ap-CMPN001x58_260114_LH00793_B23GCKKLT3	tylosin	macrolide	No resistance	0	
111Ap-CMPN001x58_260114_LH00793_B23GCKKLT3	telithromycin	macrolide	Resistant	2	msr(D) (msr(D)_AF274302)
111Ap-CMPN001x58_260114_LH00793_B23GCKKLT3	tetracycline	tetracycline	Resistant	2	tetA(46) (tetA(46)_HQ652506), tetB(46) (tetB(46)_HQ652506)
111Ap-CMPN001x58_260114_LH00793_B23GCKKLT3	doxycycline	tetracycline	Resistant	2	tetA(46) (tetA(46)_HQ652506), tetB(46) (tetB(46)_HQ652506)
111Ap-CMPN001x58_260114_LH00793_B23GCKKLT3	minocycline	tetracycline	No resistance	0	
111Ap-CMPN001x58_260114_LH00793_B23GCKKLT3	tigecycline	tetracycline	Resistant	2	tetA(46) (tetA(46)_HQ652506), tetB(46) (tetB(46)_HQ652506)
111Ap-CMPN001x58_260114_LH00793_B23GCKKLT3	quinupristin	streptogramin b	Resistant	2	msr(D) (msr(D)_AF274302)
111Ap-CMPN001x58_260114_LH00793_B23GCKKLT3	pristinamycin ia	streptogramin b	Resistant	2	msr(D) (msr(D)_AF274302)
111Ap-CMPN001x58_260114_LH00793_B23GCKKLT3	virginiamycin s	streptogramin b	Resistant	2	msr(D) (msr(D)_AF274302)
111Ap-CMPN001x58_260114_LH00793_B23GCKKLT3	linezolid	oxazolidinone	No resistance	0	
111Ap-CMPN001x58_260114_LH00793_B23GCKKLT3	chloramphenicol	amphenicol	No resistance	0	
111Ap-CMPN001x58_260114_LH00793_B23GCKKLT3	florfenicol	amphenicol	No resistance	0	
111Ap-CMPN001x58_260114_LH00793_B23GCKKLT3	colistin	polymyxin	No resistance	0	
111Ap-CMPN001x58_260114_LH00793_B23GCKKLT3	fusidic acid	steroid antibacterial	No resistance	0	
111Ap-CMPN001x58_260114_LH00793_B23GCKKLT3	mupirocin	pseudomonic acid	No resistance	0	
111Ap-CMPN001x58_260114_LH00793_B23GCKKLT3	rifampicin	rifamycin	No resistance	0	
111Ap-CMPN001x58_260114_LH00793_B23GCKKLT3	metronidazole	nitroimidazole	No resistance	0	
111Ap-CMPN001x58_260114_LH00793_B23GCKKLT3	narasin	ionophores	No resistance	0	
111Ap-CMPN001x58_260114_LH00793_B23GCKKLT3	salinomycin	ionophores	No resistance	0	
111Ap-CMPN001x58_260114_LH00793_B23GCKKLT3	maduramicin	ionophores	No resistance	0	
111Ps-CMPN001x43_260114_LH00793_B23GCKKLT3	gentamicin	aminoglycoside	No resistance	0	
111Ps-CMPN001x43_260114_LH00793_B23GCKKLT3	tobramycin	aminoglycoside	No resistance	0	
111Ps-CMPN001x43_260114_LH00793_B23GCKKLT3	streptomycin	aminoglycoside	No resistance	0	
111Ps-CMPN001x43_260114_LH00793_B23GCKKLT3	amikacin	aminoglycoside	No resistance	0	
111Ps-CMPN001x43_260114_LH00793_B23GCKKLT3	isepamicin	aminoglycoside	No resistance	0	
111Ps-CMPN001x43_260114_LH00793_B23GCKKLT3	dibekacin	aminoglycoside	No resistance	0	
111Ps-CMPN001x43_260114_LH00793_B23GCKKLT3	kanamycin	aminoglycoside	No resistance	0	
111Ps-CMPN001x43_260114_LH00793_B23GCKKLT3	neomycin	aminoglycoside	No resistance	0	
111Ps-CMPN001x43_260114_LH00793_B23GCKKLT3	lividomycin	aminoglycoside	No resistance	0	
111Ps-CMPN001x43_260114_LH00793_B23GCKKLT3	paromomycin	aminoglycoside	No resistance	0	
111Ps-CMPN001x43_260114_LH00793_B23GCKKLT3	ribostamycin	aminoglycoside	No resistance	0	
111Ps-CMPN001x43_260114_LH00793_B23GCKKLT3	unknown aminoglycoside	aminoglycoside	No resistance	0	
111Ps-CMPN001x43_260114_LH00793_B23GCKKLT3	butiromycin	aminoglycoside	No resistance	0	
111Ps-CMPN001x43_260114_LH00793_B23GCKKLT3	butirosin	aminoglycoside	No resistance	0	
111Ps-CMPN001x43_260114_LH00793_B23GCKKLT3	hygromycin	aminoglycoside	No resistance	0	
111Ps-CMPN001x43_260114_LH00793_B23GCKKLT3	netilmicin	aminoglycoside	No resistance	0	
111Ps-CMPN001x43_260114_LH00793_B23GCKKLT3	apramycin	aminoglycoside	No resistance	0	
111Ps-CMPN001x43_260114_LH00793_B23GCKKLT3	sisomicin	aminoglycoside	No resistance	0	
111Ps-CMPN001x43_260114_LH00793_B23GCKKLT3	arbekacin	aminoglycoside	No resistance	0	
111Ps-CMPN001x43_260114_LH00793_B23GCKKLT3	kasugamycin	aminoglycoside	No resistance	0	
111Ps-CMPN001x43_260114_LH00793_B23GCKKLT3	astromicin	aminoglycoside	No resistance	0	
111Ps-CMPN001x43_260114_LH00793_B23GCKKLT3	fortimicin	aminoglycoside	No resistance	0	
111Ps-CMPN001x43_260114_LH00793_B23GCKKLT3	spectinomycin	aminocyclitol	No resistance	0	
111Ps-CMPN001x43_260114_LH00793_B23GCKKLT3	fluoroquinolone	quinolone	No resistance	0	
111Ps-CMPN001x43_260114_LH00793_B23GCKKLT3	ciprofloxacin	quinolone	No resistance	0	
111Ps-CMPN001x43_260114_LH00793_B23GCKKLT3	unknown quinolone	quinolone	No resistance	0	
111Ps-CMPN001x43_260114_LH00793_B23GCKKLT3	nalidixic acid	quinolone	No resistance	0	
111Ps-CMPN001x43_260114_LH00793_B23GCKKLT3	amoxicillin	beta-lactam	No resistance	0	
111Ps-CMPN001x43_260114_LH00793_B23GCKKLT3	amoxicillin+clavulanic acid	beta-lactam	No resistance	0	
111Ps-CMPN001x43_260114_LH00793_B23GCKKLT3	ampicillin	beta-lactam	No resistance	0	
111Ps-CMPN001x43_260114_LH00793_B23GCKKLT3	ampicillin+clavulanic acid	beta-lactam	No resistance	0	
111Ps-CMPN001x43_260114_LH00793_B23GCKKLT3	cefepime	beta-lactam	No resistance	0	
111Ps-CMPN001x43_260114_LH00793_B23GCKKLT3	cefixime	beta-lactam	No resistance	0	
111Ps-CMPN001x43_260114_LH00793_B23GCKKLT3	cefotaxime	beta-lactam	No resistance	0	
111Ps-CMPN001x43_260114_LH00793_B23GCKKLT3	cefoxitin	beta-lactam	No resistance	0	
111Ps-CMPN001x43_260114_LH00793_B23GCKKLT3	ceftazidime	beta-lactam	No resistance	0	
111Ps-CMPN001x43_260114_LH00793_B23GCKKLT3	ertapenem	beta-lactam	No resistance	0	
111Ps-CMPN001x43_260114_LH00793_B23GCKKLT3	imipenem	beta-lactam	No resistance	0	
111Ps-CMPN001x43_260114_LH00793_B23GCKKLT3	meropenem	beta-lactam	No resistance	0	
111Ps-CMPN001x43_260114_LH00793_B23GCKKLT3	piperacillin	beta-lactam	No resistance	0	
111Ps-CMPN001x43_260114_LH00793_B23GCKKLT3	piperacillin+tazobactam	beta-lactam	No resistance	0	
111Ps-CMPN001x43_260114_LH00793_B23GCKKLT3	unknown beta-lactam	beta-lactam	No resistance	0	
111Ps-CMPN001x43_260114_LH00793_B23GCKKLT3	aztreonam	beta-lactam	No resistance	0	
111Ps-CMPN001x43_260114_LH00793_B23GCKKLT3	cefotaxime+clavulanic acid	beta-lactam	No resistance	0	
111Ps-CMPN001x43_260114_LH00793_B23GCKKLT3	temocillin	beta-lactam	No resistance	0	
111Ps-CMPN001x43_260114_LH00793_B23GCKKLT3	ticarcillin	beta-lactam	No resistance	0	
111Ps-CMPN001x43_260114_LH00793_B23GCKKLT3	ceftazidime+avibactam	beta-lactam	No resistance	0	
111Ps-CMPN001x43_260114_LH00793_B23GCKKLT3	penicillin	beta-lactam	No resistance	0	
111Ps-CMPN001x43_260114_LH00793_B23GCKKLT3	ceftriaxone	beta-lactam	No resistance	0	
111Ps-CMPN001x43_260114_LH00793_B23GCKKLT3	ticarcillin+clavulanic acid	beta-lactam	No resistance	0	
111Ps-CMPN001x43_260114_LH00793_B23GCKKLT3	cephalothin	beta-lactam	No resistance	0	
111Ps-CMPN001x43_260114_LH00793_B23GCKKLT3	piperacillin+clavulanic acid	beta-lactam	No resistance	0	
111Ps-CMPN001x43_260114_LH00793_B23GCKKLT3	ceftiofur	under_development	No resistance	0	
111Ps-CMPN001x43_260114_LH00793_B23GCKKLT3	sulfamethoxazole	folate pathway antagonist	No resistance	0	
111Ps-CMPN001x43_260114_LH00793_B23GCKKLT3	trimethoprim	folate pathway antagonist	No resistance	0	
111Ps-CMPN001x43_260114_LH00793_B23GCKKLT3	fosfomycin	fosfomycin	No resistance	0	
111Ps-CMPN001x43_260114_LH00793_B23GCKKLT3	vancomycin	glycopeptide	No resistance	0	
111Ps-CMPN001x43_260114_LH00793_B23GCKKLT3	teicoplanin	glycopeptide	No resistance	0	
111Ps-CMPN001x43_260114_LH00793_B23GCKKLT3	bleomycin	glycopeptide	No resistance	0	
111Ps-CMPN001x43_260114_LH00793_B23GCKKLT3	lincomycin	lincosamide	No resistance	0	
111Ps-CMPN001x43_260114_LH00793_B23GCKKLT3	clindamycin	lincosamide	No resistance	0	
111Ps-CMPN001x43_260114_LH00793_B23GCKKLT3	dalfopristin	streptogramin a	No resistance	0	
111Ps-CMPN001x43_260114_LH00793_B23GCKKLT3	pristinamycin iia	streptogramin a	No resistance	0	
111Ps-CMPN001x43_260114_LH00793_B23GCKKLT3	virginiamycin m	streptogramin a	No resistance	0	
111Ps-CMPN001x43_260114_LH00793_B23GCKKLT3	quinupristin+dalfopristin	streptogramin a	No resistance	0	
111Ps-CMPN001x43_260114_LH00793_B23GCKKLT3	tiamulin	pleuromutilin	No resistance	0	
111Ps-CMPN001x43_260114_LH00793_B23GCKKLT3	carbomycin	macrolide	No resistance	0	
111Ps-CMPN001x43_260114_LH00793_B23GCKKLT3	erythromycin	macrolide	No resistance	0	
111Ps-CMPN001x43_260114_LH00793_B23GCKKLT3	azithromycin	macrolide	No resistance	0	
111Ps-CMPN001x43_260114_LH00793_B23GCKKLT3	oleandomycin	macrolide	No resistance	0	
111Ps-CMPN001x43_260114_LH00793_B23GCKKLT3	spiramycin	macrolide	No resistance	0	
111Ps-CMPN001x43_260114_LH00793_B23GCKKLT3	tylosin	macrolide	No resistance	0	
111Ps-CMPN001x43_260114_LH00793_B23GCKKLT3	telithromycin	macrolide	No resistance	0	
111Ps-CMPN001x43_260114_LH00793_B23GCKKLT3	tetracycline	tetracycline	No resistance	0	
111Ps-CMPN001x43_260114_LH00793_B23GCKKLT3	doxycycline	tetracycline	No resistance	0	
111Ps-CMPN001x43_260114_LH00793_B23GCKKLT3	minocycline	tetracycline	No resistance	0	
111Ps-CMPN001x43_260114_LH00793_B23GCKKLT3	tigecycline	tetracycline	No resistance	0	
111Ps-CMPN001x43_260114_LH00793_B23GCKKLT3	quinupristin	streptogramin b	No resistance	0	
111Ps-CMPN001x43_260114_LH00793_B23GCKKLT3	pristinamycin ia	streptogramin b	No resistance	0	
111Ps-CMPN001x43_260114_LH00793_B23GCKKLT3	virginiamycin s	streptogramin b	No resistance	0	
111Ps-CMPN001x43_260114_LH00793_B23GCKKLT3	linezolid	oxazolidinone	No resistance	0	
111Ps-CMPN001x43_260114_LH00793_B23GCKKLT3	chloramphenicol	amphenicol	No resistance	0	
111Ps-CMPN001x43_260114_LH00793_B23GCKKLT3	florfenicol	amphenicol	No resistance	0	
111Ps-CMPN001x43_260114_LH00793_B23GCKKLT3	colistin	polymyxin	No resistance	0	
111Ps-CMPN001x43_260114_LH00793_B23GCKKLT3	fusidic acid	steroid antibacterial	No resistance	0	
111Ps-CMPN001x43_260114_LH00793_B23GCKKLT3	mupirocin	pseudomonic acid	No resistance	0	
111Ps-CMPN001x43_260114_LH00793_B23GCKKLT3	rifampicin	rifamycin	No resistance	0	
111Ps-CMPN001x43_260114_LH00793_B23GCKKLT3	metronidazole	nitroimidazole	No resistance	0	
111Ps-CMPN001x43_260114_LH00793_B23GCKKLT3	narasin	ionophores	No resistance	0	
111Ps-CMPN001x43_260114_LH00793_B23GCKKLT3	salinomycin	ionophores	No resistance	0	
111Ps-CMPN001x43_260114_LH00793_B23GCKKLT3	maduramicin	ionophores	No resistance	0	
112Csv-CMPN001x28_260114_LH00793_B23GCKKLT3	gentamicin	aminoglycoside	No resistance	0	
112Csv-CMPN001x28_260114_LH00793_B23GCKKLT3	tobramycin	aminoglycoside	No resistance	0	
112Csv-CMPN001x28_260114_LH00793_B23GCKKLT3	streptomycin	aminoglycoside	No resistance	0	
112Csv-CMPN001x28_260114_LH00793_B23GCKKLT3	amikacin	aminoglycoside	No resistance	0	
112Csv-CMPN001x28_260114_LH00793_B23GCKKLT3	isepamicin	aminoglycoside	No resistance	0	
112Csv-CMPN001x28_260114_LH00793_B23GCKKLT3	dibekacin	aminoglycoside	No resistance	0	
112Csv-CMPN001x28_260114_LH00793_B23GCKKLT3	kanamycin	aminoglycoside	No resistance	0	
112Csv-CMPN001x28_260114_LH00793_B23GCKKLT3	neomycin	aminoglycoside	No resistance	0	
112Csv-CMPN001x28_260114_LH00793_B23GCKKLT3	lividomycin	aminoglycoside	No resistance	0	
112Csv-CMPN001x28_260114_LH00793_B23GCKKLT3	paromomycin	aminoglycoside	No resistance	0	
112Csv-CMPN001x28_260114_LH00793_B23GCKKLT3	ribostamycin	aminoglycoside	No resistance	0	
112Csv-CMPN001x28_260114_LH00793_B23GCKKLT3	unknown aminoglycoside	aminoglycoside	No resistance	0	
112Csv-CMPN001x28_260114_LH00793_B23GCKKLT3	butiromycin	aminoglycoside	No resistance	0	
112Csv-CMPN001x28_260114_LH00793_B23GCKKLT3	butirosin	aminoglycoside	No resistance	0	
112Csv-CMPN001x28_260114_LH00793_B23GCKKLT3	hygromycin	aminoglycoside	No resistance	0	
112Csv-CMPN001x28_260114_LH00793_B23GCKKLT3	netilmicin	aminoglycoside	No resistance	0	
112Csv-CMPN001x28_260114_LH00793_B23GCKKLT3	apramycin	aminoglycoside	No resistance	0	
112Csv-CMPN001x28_260114_LH00793_B23GCKKLT3	sisomicin	aminoglycoside	No resistance	0	
112Csv-CMPN001x28_260114_LH00793_B23GCKKLT3	arbekacin	aminoglycoside	No resistance	0	
112Csv-CMPN001x28_260114_LH00793_B23GCKKLT3	kasugamycin	aminoglycoside	No resistance	0	
112Csv-CMPN001x28_260114_LH00793_B23GCKKLT3	astromicin	aminoglycoside	No resistance	0	
112Csv-CMPN001x28_260114_LH00793_B23GCKKLT3	fortimicin	aminoglycoside	No resistance	0	
112Csv-CMPN001x28_260114_LH00793_B23GCKKLT3	spectinomycin	aminocyclitol	No resistance	0	
112Csv-CMPN001x28_260114_LH00793_B23GCKKLT3	fluoroquinolone	quinolone	No resistance	0	
112Csv-CMPN001x28_260114_LH00793_B23GCKKLT3	ciprofloxacin	quinolone	No resistance	0	
112Csv-CMPN001x28_260114_LH00793_B23GCKKLT3	unknown quinolone	quinolone	No resistance	0	
112Csv-CMPN001x28_260114_LH00793_B23GCKKLT3	nalidixic acid	quinolone	No resistance	0	
112Csv-CMPN001x28_260114_LH00793_B23GCKKLT3	amoxicillin	beta-lactam	No resistance	0	
112Csv-CMPN001x28_260114_LH00793_B23GCKKLT3	amoxicillin+clavulanic acid	beta-lactam	No resistance	0	
112Csv-CMPN001x28_260114_LH00793_B23GCKKLT3	ampicillin	beta-lactam	No resistance	0	
112Csv-CMPN001x28_260114_LH00793_B23GCKKLT3	ampicillin+clavulanic acid	beta-lactam	No resistance	0	
112Csv-CMPN001x28_260114_LH00793_B23GCKKLT3	cefepime	beta-lactam	No resistance	0	
112Csv-CMPN001x28_260114_LH00793_B23GCKKLT3	cefixime	beta-lactam	No resistance	0	
112Csv-CMPN001x28_260114_LH00793_B23GCKKLT3	cefotaxime	beta-lactam	No resistance	0	
112Csv-CMPN001x28_260114_LH00793_B23GCKKLT3	cefoxitin	beta-lactam	No resistance	0	
112Csv-CMPN001x28_260114_LH00793_B23GCKKLT3	ceftazidime	beta-lactam	No resistance	0	
112Csv-CMPN001x28_260114_LH00793_B23GCKKLT3	ertapenem	beta-lactam	No resistance	0	
112Csv-CMPN001x28_260114_LH00793_B23GCKKLT3	imipenem	beta-lactam	No resistance	0	
112Csv-CMPN001x28_260114_LH00793_B23GCKKLT3	meropenem	beta-lactam	No resistance	0	
112Csv-CMPN001x28_260114_LH00793_B23GCKKLT3	piperacillin	beta-lactam	No resistance	0	
112Csv-CMPN001x28_260114_LH00793_B23GCKKLT3	piperacillin+tazobactam	beta-lactam	No resistance	0	
112Csv-CMPN001x28_260114_LH00793_B23GCKKLT3	unknown beta-lactam	beta-lactam	No resistance	0	
112Csv-CMPN001x28_260114_LH00793_B23GCKKLT3	aztreonam	beta-lactam	No resistance	0	
112Csv-CMPN001x28_260114_LH00793_B23GCKKLT3	cefotaxime+clavulanic acid	beta-lactam	No resistance	0	
112Csv-CMPN001x28_260114_LH00793_B23GCKKLT3	temocillin	beta-lactam	No resistance	0	
112Csv-CMPN001x28_260114_LH00793_B23GCKKLT3	ticarcillin	beta-lactam	No resistance	0	
112Csv-CMPN001x28_260114_LH00793_B23GCKKLT3	ceftazidime+avibactam	beta-lactam	No resistance	0	
112Csv-CMPN001x28_260114_LH00793_B23GCKKLT3	penicillin	beta-lactam	No resistance	0	
112Csv-CMPN001x28_260114_LH00793_B23GCKKLT3	ceftriaxone	beta-lactam	No resistance	0	
112Csv-CMPN001x28_260114_LH00793_B23GCKKLT3	ticarcillin+clavulanic acid	beta-lactam	No resistance	0	
112Csv-CMPN001x28_260114_LH00793_B23GCKKLT3	cephalothin	beta-lactam	No resistance	0	
112Csv-CMPN001x28_260114_LH00793_B23GCKKLT3	piperacillin+clavulanic acid	beta-lactam	No resistance	0	
112Csv-CMPN001x28_260114_LH00793_B23GCKKLT3	ceftiofur	under_development	No resistance	0	
112Csv-CMPN001x28_260114_LH00793_B23GCKKLT3	sulfamethoxazole	folate pathway antagonist	No resistance	0	
112Csv-CMPN001x28_260114_LH00793_B23GCKKLT3	trimethoprim	folate pathway antagonist	No resistance	0	
112Csv-CMPN001x28_260114_LH00793_B23GCKKLT3	fosfomycin	fosfomycin	No resistance	0	
112Csv-CMPN001x28_260114_LH00793_B23GCKKLT3	vancomycin	glycopeptide	No resistance	0	
112Csv-CMPN001x28_260114_LH00793_B23GCKKLT3	teicoplanin	glycopeptide	No resistance	0	
112Csv-CMPN001x28_260114_LH00793_B23GCKKLT3	bleomycin	glycopeptide	No resistance	0	
112Csv-CMPN001x28_260114_LH00793_B23GCKKLT3	lincomycin	lincosamide	Resistant	3	erm(B) (erm(B)_U86375)
112Csv-CMPN001x28_260114_LH00793_B23GCKKLT3	clindamycin	lincosamide	Resistant	3	erm(B) (erm(B)_U86375)
112Csv-CMPN001x28_260114_LH00793_B23GCKKLT3	dalfopristin	streptogramin a	No resistance	0	
112Csv-CMPN001x28_260114_LH00793_B23GCKKLT3	pristinamycin iia	streptogramin a	No resistance	0	
112Csv-CMPN001x28_260114_LH00793_B23GCKKLT3	virginiamycin m	streptogramin a	No resistance	0	
112Csv-CMPN001x28_260114_LH00793_B23GCKKLT3	quinupristin+dalfopristin	streptogramin a	No resistance	0	
112Csv-CMPN001x28_260114_LH00793_B23GCKKLT3	tiamulin	pleuromutilin	No resistance	0	
112Csv-CMPN001x28_260114_LH00793_B23GCKKLT3	carbomycin	macrolide	No resistance	0	
112Csv-CMPN001x28_260114_LH00793_B23GCKKLT3	erythromycin	macrolide	Resistant	3	erm(B) (erm(B)_U86375)
112Csv-CMPN001x28_260114_LH00793_B23GCKKLT3	azithromycin	macrolide	No resistance	0	
112Csv-CMPN001x28_260114_LH00793_B23GCKKLT3	oleandomycin	macrolide	No resistance	0	
112Csv-CMPN001x28_260114_LH00793_B23GCKKLT3	spiramycin	macrolide	No resistance	0	
112Csv-CMPN001x28_260114_LH00793_B23GCKKLT3	tylosin	macrolide	No resistance	0	
112Csv-CMPN001x28_260114_LH00793_B23GCKKLT3	telithromycin	macrolide	No resistance	0	
112Csv-CMPN001x28_260114_LH00793_B23GCKKLT3	tetracycline	tetracycline	Resistant	2	tet(M) (tet(M)_X75073)
112Csv-CMPN001x28_260114_LH00793_B23GCKKLT3	doxycycline	tetracycline	Resistant	2	tet(M) (tet(M)_X75073)
112Csv-CMPN001x28_260114_LH00793_B23GCKKLT3	minocycline	tetracycline	Resistant	2	tet(M) (tet(M)_X75073)
112Csv-CMPN001x28_260114_LH00793_B23GCKKLT3	tigecycline	tetracycline	No resistance	0	
112Csv-CMPN001x28_260114_LH00793_B23GCKKLT3	quinupristin	streptogramin b	Resistant	3	erm(B) (erm(B)_U86375)
112Csv-CMPN001x28_260114_LH00793_B23GCKKLT3	pristinamycin ia	streptogramin b	Resistant	3	erm(B) (erm(B)_U86375)
112Csv-CMPN001x28_260114_LH00793_B23GCKKLT3	virginiamycin s	streptogramin b	Resistant	3	erm(B) (erm(B)_U86375)
112Csv-CMPN001x28_260114_LH00793_B23GCKKLT3	linezolid	oxazolidinone	No resistance	0	
112Csv-CMPN001x28_260114_LH00793_B23GCKKLT3	chloramphenicol	amphenicol	No resistance	0	
112Csv-CMPN001x28_260114_LH00793_B23GCKKLT3	florfenicol	amphenicol	No resistance	0	
112Csv-CMPN001x28_260114_LH00793_B23GCKKLT3	colistin	polymyxin	No resistance	0	
112Csv-CMPN001x28_260114_LH00793_B23GCKKLT3	fusidic acid	steroid antibacterial	No resistance	0	
112Csv-CMPN001x28_260114_LH00793_B23GCKKLT3	mupirocin	pseudomonic acid	No resistance	0	
112Csv-CMPN001x28_260114_LH00793_B23GCKKLT3	rifampicin	rifamycin	No resistance	0	
112Csv-CMPN001x28_260114_LH00793_B23GCKKLT3	metronidazole	nitroimidazole	No resistance	0	
112Csv-CMPN001x28_260114_LH00793_B23GCKKLT3	narasin	ionophores	No resistance	0	
112Csv-CMPN001x28_260114_LH00793_B23GCKKLT3	salinomycin	ionophores	No resistance	0	
112Csv-CMPN001x28_260114_LH00793_B23GCKKLT3	maduramicin	ionophores	No resistance	0	
113Ap-CMPN001x59_260114_LH00793_B23GCKKLT3	gentamicin	aminoglycoside	No resistance	0	
113Ap-CMPN001x59_260114_LH00793_B23GCKKLT3	tobramycin	aminoglycoside	No resistance	0	
113Ap-CMPN001x59_260114_LH00793_B23GCKKLT3	streptomycin	aminoglycoside	No resistance	0	
113Ap-CMPN001x59_260114_LH00793_B23GCKKLT3	amikacin	aminoglycoside	No resistance	0	
113Ap-CMPN001x59_260114_LH00793_B23GCKKLT3	isepamicin	aminoglycoside	No resistance	0	
113Ap-CMPN001x59_260114_LH00793_B23GCKKLT3	dibekacin	aminoglycoside	No resistance	0	
113Ap-CMPN001x59_260114_LH00793_B23GCKKLT3	kanamycin	aminoglycoside	No resistance	0	
113Ap-CMPN001x59_260114_LH00793_B23GCKKLT3	neomycin	aminoglycoside	No resistance	0	
113Ap-CMPN001x59_260114_LH00793_B23GCKKLT3	lividomycin	aminoglycoside	No resistance	0	
113Ap-CMPN001x59_260114_LH00793_B23GCKKLT3	paromomycin	aminoglycoside	No resistance	0	
113Ap-CMPN001x59_260114_LH00793_B23GCKKLT3	ribostamycin	aminoglycoside	No resistance	0	
113Ap-CMPN001x59_260114_LH00793_B23GCKKLT3	unknown aminoglycoside	aminoglycoside	No resistance	0	
113Ap-CMPN001x59_260114_LH00793_B23GCKKLT3	butiromycin	aminoglycoside	No resistance	0	
113Ap-CMPN001x59_260114_LH00793_B23GCKKLT3	butirosin	aminoglycoside	No resistance	0	
113Ap-CMPN001x59_260114_LH00793_B23GCKKLT3	hygromycin	aminoglycoside	No resistance	0	
113Ap-CMPN001x59_260114_LH00793_B23GCKKLT3	netilmicin	aminoglycoside	No resistance	0	
113Ap-CMPN001x59_260114_LH00793_B23GCKKLT3	apramycin	aminoglycoside	No resistance	0	
113Ap-CMPN001x59_260114_LH00793_B23GCKKLT3	sisomicin	aminoglycoside	No resistance	0	
113Ap-CMPN001x59_260114_LH00793_B23GCKKLT3	arbekacin	aminoglycoside	No resistance	0	
113Ap-CMPN001x59_260114_LH00793_B23GCKKLT3	kasugamycin	aminoglycoside	No resistance	0	
113Ap-CMPN001x59_260114_LH00793_B23GCKKLT3	astromicin	aminoglycoside	No resistance	0	
113Ap-CMPN001x59_260114_LH00793_B23GCKKLT3	fortimicin	aminoglycoside	No resistance	0	
113Ap-CMPN001x59_260114_LH00793_B23GCKKLT3	spectinomycin	aminocyclitol	No resistance	0	
113Ap-CMPN001x59_260114_LH00793_B23GCKKLT3	fluoroquinolone	quinolone	No resistance	0	
113Ap-CMPN001x59_260114_LH00793_B23GCKKLT3	ciprofloxacin	quinolone	No resistance	0	
113Ap-CMPN001x59_260114_LH00793_B23GCKKLT3	unknown quinolone	quinolone	No resistance	0	
113Ap-CMPN001x59_260114_LH00793_B23GCKKLT3	nalidixic acid	quinolone	No resistance	0	
113Ap-CMPN001x59_260114_LH00793_B23GCKKLT3	amoxicillin	beta-lactam	No resistance	0	
113Ap-CMPN001x59_260114_LH00793_B23GCKKLT3	amoxicillin+clavulanic acid	beta-lactam	No resistance	0	
113Ap-CMPN001x59_260114_LH00793_B23GCKKLT3	ampicillin	beta-lactam	No resistance	0	
113Ap-CMPN001x59_260114_LH00793_B23GCKKLT3	ampicillin+clavulanic acid	beta-lactam	No resistance	0	
113Ap-CMPN001x59_260114_LH00793_B23GCKKLT3	cefepime	beta-lactam	No resistance	0	
113Ap-CMPN001x59_260114_LH00793_B23GCKKLT3	cefixime	beta-lactam	No resistance	0	
113Ap-CMPN001x59_260114_LH00793_B23GCKKLT3	cefotaxime	beta-lactam	No resistance	0	
113Ap-CMPN001x59_260114_LH00793_B23GCKKLT3	cefoxitin	beta-lactam	No resistance	0	
113Ap-CMPN001x59_260114_LH00793_B23GCKKLT3	ceftazidime	beta-lactam	No resistance	0	
113Ap-CMPN001x59_260114_LH00793_B23GCKKLT3	ertapenem	beta-lactam	No resistance	0	
113Ap-CMPN001x59_260114_LH00793_B23GCKKLT3	imipenem	beta-lactam	No resistance	0	
113Ap-CMPN001x59_260114_LH00793_B23GCKKLT3	meropenem	beta-lactam	No resistance	0	
113Ap-CMPN001x59_260114_LH00793_B23GCKKLT3	piperacillin	beta-lactam	No resistance	0	
113Ap-CMPN001x59_260114_LH00793_B23GCKKLT3	piperacillin+tazobactam	beta-lactam	No resistance	0	
113Ap-CMPN001x59_260114_LH00793_B23GCKKLT3	unknown beta-lactam	beta-lactam	No resistance	0	
113Ap-CMPN001x59_260114_LH00793_B23GCKKLT3	aztreonam	beta-lactam	No resistance	0	
113Ap-CMPN001x59_260114_LH00793_B23GCKKLT3	cefotaxime+clavulanic acid	beta-lactam	No resistance	0	
113Ap-CMPN001x59_260114_LH00793_B23GCKKLT3	temocillin	beta-lactam	No resistance	0	
113Ap-CMPN001x59_260114_LH00793_B23GCKKLT3	ticarcillin	beta-lactam	No resistance	0	
113Ap-CMPN001x59_260114_LH00793_B23GCKKLT3	ceftazidime+avibactam	beta-lactam	No resistance	0	
113Ap-CMPN001x59_260114_LH00793_B23GCKKLT3	penicillin	beta-lactam	No resistance	0	
113Ap-CMPN001x59_260114_LH00793_B23GCKKLT3	ceftriaxone	beta-lactam	No resistance	0	
113Ap-CMPN001x59_260114_LH00793_B23GCKKLT3	ticarcillin+clavulanic acid	beta-lactam	No resistance	0	
113Ap-CMPN001x59_260114_LH00793_B23GCKKLT3	cephalothin	beta-lactam	No resistance	0	
113Ap-CMPN001x59_260114_LH00793_B23GCKKLT3	piperacillin+clavulanic acid	beta-lactam	No resistance	0	
113Ap-CMPN001x59_260114_LH00793_B23GCKKLT3	ceftiofur	under_development	No resistance	0	
113Ap-CMPN001x59_260114_LH00793_B23GCKKLT3	sulfamethoxazole	folate pathway antagonist	No resistance	0	
113Ap-CMPN001x59_260114_LH00793_B23GCKKLT3	trimethoprim	folate pathway antagonist	No resistance	0	
113Ap-CMPN001x59_260114_LH00793_B23GCKKLT3	fosfomycin	fosfomycin	No resistance	0	
113Ap-CMPN001x59_260114_LH00793_B23GCKKLT3	vancomycin	glycopeptide	No resistance	0	
113Ap-CMPN001x59_260114_LH00793_B23GCKKLT3	teicoplanin	glycopeptide	No resistance	0	
113Ap-CMPN001x59_260114_LH00793_B23GCKKLT3	bleomycin	glycopeptide	No resistance	0	
113Ap-CMPN001x59_260114_LH00793_B23GCKKLT3	lincomycin	lincosamide	No resistance	0	
113Ap-CMPN001x59_260114_LH00793_B23GCKKLT3	clindamycin	lincosamide	No resistance	0	
113Ap-CMPN001x59_260114_LH00793_B23GCKKLT3	dalfopristin	streptogramin a	No resistance	0	
113Ap-CMPN001x59_260114_LH00793_B23GCKKLT3	pristinamycin iia	streptogramin a	No resistance	0	
113Ap-CMPN001x59_260114_LH00793_B23GCKKLT3	virginiamycin m	streptogramin a	No resistance	0	
113Ap-CMPN001x59_260114_LH00793_B23GCKKLT3	quinupristin+dalfopristin	streptogramin a	No resistance	0	
113Ap-CMPN001x59_260114_LH00793_B23GCKKLT3	tiamulin	pleuromutilin	No resistance	0	
113Ap-CMPN001x59_260114_LH00793_B23GCKKLT3	carbomycin	macrolide	No resistance	0	
113Ap-CMPN001x59_260114_LH00793_B23GCKKLT3	erythromycin	macrolide	Resistant	3	msr(D) (msr(D)_AF274302), mef(A) (mef(A)_U83667)
113Ap-CMPN001x59_260114_LH00793_B23GCKKLT3	azithromycin	macrolide	Resistant	3	msr(D) (msr(D)_AF274302), mef(A) (mef(A)_U83667)
113Ap-CMPN001x59_260114_LH00793_B23GCKKLT3	oleandomycin	macrolide	No resistance	0	
113Ap-CMPN001x59_260114_LH00793_B23GCKKLT3	spiramycin	macrolide	No resistance	0	
113Ap-CMPN001x59_260114_LH00793_B23GCKKLT3	tylosin	macrolide	No resistance	0	
113Ap-CMPN001x59_260114_LH00793_B23GCKKLT3	telithromycin	macrolide	Resistant	3	msr(D) (msr(D)_AF274302)
113Ap-CMPN001x59_260114_LH00793_B23GCKKLT3	tetracycline	tetracycline	Resistant	2	tetA(46) (tetA(46)_HQ652506), tetB(46) (tetB(46)_HQ652506)
113Ap-CMPN001x59_260114_LH00793_B23GCKKLT3	doxycycline	tetracycline	Resistant	2	tetA(46) (tetA(46)_HQ652506), tetB(46) (tetB(46)_HQ652506)
113Ap-CMPN001x59_260114_LH00793_B23GCKKLT3	minocycline	tetracycline	No resistance	0	
113Ap-CMPN001x59_260114_LH00793_B23GCKKLT3	tigecycline	tetracycline	Resistant	2	tetA(46) (tetA(46)_HQ652506), tetB(46) (tetB(46)_HQ652506)
113Ap-CMPN001x59_260114_LH00793_B23GCKKLT3	quinupristin	streptogramin b	Resistant	3	msr(D) (msr(D)_AF274302)
113Ap-CMPN001x59_260114_LH00793_B23GCKKLT3	pristinamycin ia	streptogramin b	Resistant	3	msr(D) (msr(D)_AF274302)
113Ap-CMPN001x59_260114_LH00793_B23GCKKLT3	virginiamycin s	streptogramin b	Resistant	3	msr(D) (msr(D)_AF274302)
113Ap-CMPN001x59_260114_LH00793_B23GCKKLT3	linezolid	oxazolidinone	No resistance	0	
113Ap-CMPN001x59_260114_LH00793_B23GCKKLT3	chloramphenicol	amphenicol	No resistance	0	
113Ap-CMPN001x59_260114_LH00793_B23GCKKLT3	florfenicol	amphenicol	No resistance	0	
113Ap-CMPN001x59_260114_LH00793_B23GCKKLT3	colistin	polymyxin	No resistance	0	
113Ap-CMPN001x59_260114_LH00793_B23GCKKLT3	fusidic acid	steroid antibacterial	No resistance	0	
113Ap-CMPN001x59_260114_LH00793_B23GCKKLT3	mupirocin	pseudomonic acid	No resistance	0	
113Ap-CMPN001x59_260114_LH00793_B23GCKKLT3	rifampicin	rifamycin	No resistance	0	
113Ap-CMPN001x59_260114_LH00793_B23GCKKLT3	metronidazole	nitroimidazole	No resistance	0	
113Ap-CMPN001x59_260114_LH00793_B23GCKKLT3	narasin	ionophores	No resistance	0	
113Ap-CMPN001x59_260114_LH00793_B23GCKKLT3	salinomycin	ionophores	No resistance	0	
113Ap-CMPN001x59_260114_LH00793_B23GCKKLT3	maduramicin	ionophores	No resistance	0	
113Cp-CMPN001x29_260114_LH00793_B23GCKKLT3	gentamicin	aminoglycoside	No resistance	0	
113Cp-CMPN001x29_260114_LH00793_B23GCKKLT3	tobramycin	aminoglycoside	No resistance	0	
113Cp-CMPN001x29_260114_LH00793_B23GCKKLT3	streptomycin	aminoglycoside	No resistance	0	
113Cp-CMPN001x29_260114_LH00793_B23GCKKLT3	amikacin	aminoglycoside	No resistance	0	
113Cp-CMPN001x29_260114_LH00793_B23GCKKLT3	isepamicin	aminoglycoside	No resistance	0	
113Cp-CMPN001x29_260114_LH00793_B23GCKKLT3	dibekacin	aminoglycoside	No resistance	0	
113Cp-CMPN001x29_260114_LH00793_B23GCKKLT3	kanamycin	aminoglycoside	No resistance	0	
113Cp-CMPN001x29_260114_LH00793_B23GCKKLT3	neomycin	aminoglycoside	No resistance	0	
113Cp-CMPN001x29_260114_LH00793_B23GCKKLT3	lividomycin	aminoglycoside	No resistance	0	
113Cp-CMPN001x29_260114_LH00793_B23GCKKLT3	paromomycin	aminoglycoside	No resistance	0	
113Cp-CMPN001x29_260114_LH00793_B23GCKKLT3	ribostamycin	aminoglycoside	No resistance	0	
113Cp-CMPN001x29_260114_LH00793_B23GCKKLT3	unknown aminoglycoside	aminoglycoside	No resistance	0	
113Cp-CMPN001x29_260114_LH00793_B23GCKKLT3	butiromycin	aminoglycoside	No resistance	0	
113Cp-CMPN001x29_260114_LH00793_B23GCKKLT3	butirosin	aminoglycoside	No resistance	0	
113Cp-CMPN001x29_260114_LH00793_B23GCKKLT3	hygromycin	aminoglycoside	No resistance	0	
113Cp-CMPN001x29_260114_LH00793_B23GCKKLT3	netilmicin	aminoglycoside	No resistance	0	
113Cp-CMPN001x29_260114_LH00793_B23GCKKLT3	apramycin	aminoglycoside	No resistance	0	
113Cp-CMPN001x29_260114_LH00793_B23GCKKLT3	sisomicin	aminoglycoside	No resistance	0	
113Cp-CMPN001x29_260114_LH00793_B23GCKKLT3	arbekacin	aminoglycoside	No resistance	0	
113Cp-CMPN001x29_260114_LH00793_B23GCKKLT3	kasugamycin	aminoglycoside	No resistance	0	
113Cp-CMPN001x29_260114_LH00793_B23GCKKLT3	astromicin	aminoglycoside	No resistance	0	
113Cp-CMPN001x29_260114_LH00793_B23GCKKLT3	fortimicin	aminoglycoside	No resistance	0	
113Cp-CMPN001x29_260114_LH00793_B23GCKKLT3	spectinomycin	aminocyclitol	No resistance	0	
113Cp-CMPN001x29_260114_LH00793_B23GCKKLT3	fluoroquinolone	quinolone	No resistance	0	
113Cp-CMPN001x29_260114_LH00793_B23GCKKLT3	ciprofloxacin	quinolone	No resistance	0	
113Cp-CMPN001x29_260114_LH00793_B23GCKKLT3	unknown quinolone	quinolone	No resistance	0	
113Cp-CMPN001x29_260114_LH00793_B23GCKKLT3	nalidixic acid	quinolone	No resistance	0	
113Cp-CMPN001x29_260114_LH00793_B23GCKKLT3	amoxicillin	beta-lactam	No resistance	0	
113Cp-CMPN001x29_260114_LH00793_B23GCKKLT3	amoxicillin+clavulanic acid	beta-lactam	No resistance	0	
113Cp-CMPN001x29_260114_LH00793_B23GCKKLT3	ampicillin	beta-lactam	No resistance	0	
113Cp-CMPN001x29_260114_LH00793_B23GCKKLT3	ampicillin+clavulanic acid	beta-lactam	No resistance	0	
113Cp-CMPN001x29_260114_LH00793_B23GCKKLT3	cefepime	beta-lactam	No resistance	0	
113Cp-CMPN001x29_260114_LH00793_B23GCKKLT3	cefixime	beta-lactam	No resistance	0	
113Cp-CMPN001x29_260114_LH00793_B23GCKKLT3	cefotaxime	beta-lactam	No resistance	0	
113Cp-CMPN001x29_260114_LH00793_B23GCKKLT3	cefoxitin	beta-lactam	No resistance	0	
113Cp-CMPN001x29_260114_LH00793_B23GCKKLT3	ceftazidime	beta-lactam	No resistance	0	
113Cp-CMPN001x29_260114_LH00793_B23GCKKLT3	ertapenem	beta-lactam	No resistance	0	
113Cp-CMPN001x29_260114_LH00793_B23GCKKLT3	imipenem	beta-lactam	No resistance	0	
113Cp-CMPN001x29_260114_LH00793_B23GCKKLT3	meropenem	beta-lactam	No resistance	0	
113Cp-CMPN001x29_260114_LH00793_B23GCKKLT3	piperacillin	beta-lactam	No resistance	0	
113Cp-CMPN001x29_260114_LH00793_B23GCKKLT3	piperacillin+tazobactam	beta-lactam	No resistance	0	
113Cp-CMPN001x29_260114_LH00793_B23GCKKLT3	unknown beta-lactam	beta-lactam	No resistance	0	
113Cp-CMPN001x29_260114_LH00793_B23GCKKLT3	aztreonam	beta-lactam	No resistance	0	
113Cp-CMPN001x29_260114_LH00793_B23GCKKLT3	cefotaxime+clavulanic acid	beta-lactam	No resistance	0	
113Cp-CMPN001x29_260114_LH00793_B23GCKKLT3	temocillin	beta-lactam	No resistance	0	
113Cp-CMPN001x29_260114_LH00793_B23GCKKLT3	ticarcillin	beta-lactam	No resistance	0	
113Cp-CMPN001x29_260114_LH00793_B23GCKKLT3	ceftazidime+avibactam	beta-lactam	No resistance	0	
113Cp-CMPN001x29_260114_LH00793_B23GCKKLT3	penicillin	beta-lactam	No resistance	0	
113Cp-CMPN001x29_260114_LH00793_B23GCKKLT3	ceftriaxone	beta-lactam	No resistance	0	
113Cp-CMPN001x29_260114_LH00793_B23GCKKLT3	ticarcillin+clavulanic acid	beta-lactam	No resistance	0	
113Cp-CMPN001x29_260114_LH00793_B23GCKKLT3	cephalothin	beta-lactam	No resistance	0	
113Cp-CMPN001x29_260114_LH00793_B23GCKKLT3	piperacillin+clavulanic acid	beta-lactam	No resistance	0	
113Cp-CMPN001x29_260114_LH00793_B23GCKKLT3	ceftiofur	under_development	No resistance	0	
113Cp-CMPN001x29_260114_LH00793_B23GCKKLT3	sulfamethoxazole	folate pathway antagonist	No resistance	0	
113Cp-CMPN001x29_260114_LH00793_B23GCKKLT3	trimethoprim	folate pathway antagonist	No resistance	0	
113Cp-CMPN001x29_260114_LH00793_B23GCKKLT3	fosfomycin	fosfomycin	No resistance	0	
113Cp-CMPN001x29_260114_LH00793_B23GCKKLT3	vancomycin	glycopeptide	No resistance	0	
113Cp-CMPN001x29_260114_LH00793_B23GCKKLT3	teicoplanin	glycopeptide	No resistance	0	
113Cp-CMPN001x29_260114_LH00793_B23GCKKLT3	bleomycin	glycopeptide	No resistance	0	
113Cp-CMPN001x29_260114_LH00793_B23GCKKLT3	lincomycin	lincosamide	Resistant	2	erm(B) (erm(B)_X72021), erm(B) (erm(B)_JN899585)
113Cp-CMPN001x29_260114_LH00793_B23GCKKLT3	clindamycin	lincosamide	Resistant	2	erm(B) (erm(B)_X72021), erm(B) (erm(B)_JN899585)
113Cp-CMPN001x29_260114_LH00793_B23GCKKLT3	dalfopristin	streptogramin a	No resistance	0	
113Cp-CMPN001x29_260114_LH00793_B23GCKKLT3	pristinamycin iia	streptogramin a	No resistance	0	
113Cp-CMPN001x29_260114_LH00793_B23GCKKLT3	virginiamycin m	streptogramin a	No resistance	0	
113Cp-CMPN001x29_260114_LH00793_B23GCKKLT3	quinupristin+dalfopristin	streptogramin a	No resistance	0	
113Cp-CMPN001x29_260114_LH00793_B23GCKKLT3	tiamulin	pleuromutilin	No resistance	0	
113Cp-CMPN001x29_260114_LH00793_B23GCKKLT3	carbomycin	macrolide	No resistance	0	
113Cp-CMPN001x29_260114_LH00793_B23GCKKLT3	erythromycin	macrolide	Resistant	2	erm(B) (erm(B)_X72021), erm(B) (erm(B)_JN899585)
113Cp-CMPN001x29_260114_LH00793_B23GCKKLT3	azithromycin	macrolide	No resistance	0	
113Cp-CMPN001x29_260114_LH00793_B23GCKKLT3	oleandomycin	macrolide	No resistance	0	
113Cp-CMPN001x29_260114_LH00793_B23GCKKLT3	spiramycin	macrolide	No resistance	0	
113Cp-CMPN001x29_260114_LH00793_B23GCKKLT3	tylosin	macrolide	No resistance	0	
113Cp-CMPN001x29_260114_LH00793_B23GCKKLT3	telithromycin	macrolide	No resistance	0	
113Cp-CMPN001x29_260114_LH00793_B23GCKKLT3	tetracycline	tetracycline	Resistant	3	tet(M) (tet(M)_X04388), tetA(46) (tetA(46)_HQ652506), tetB(46) (tetB(46)_HQ652506)
113Cp-CMPN001x29_260114_LH00793_B23GCKKLT3	doxycycline	tetracycline	Resistant	3	tet(M) (tet(M)_X04388), tetA(46) (tetA(46)_HQ652506), tetB(46) (tetB(46)_HQ652506)
113Cp-CMPN001x29_260114_LH00793_B23GCKKLT3	minocycline	tetracycline	Resistant	3	tet(M) (tet(M)_X04388)
113Cp-CMPN001x29_260114_LH00793_B23GCKKLT3	tigecycline	tetracycline	Resistant	2	tetA(46) (tetA(46)_HQ652506), tetB(46) (tetB(46)_HQ652506)
113Cp-CMPN001x29_260114_LH00793_B23GCKKLT3	quinupristin	streptogramin b	Resistant	2	erm(B) (erm(B)_X72021), erm(B) (erm(B)_JN899585)
113Cp-CMPN001x29_260114_LH00793_B23GCKKLT3	pristinamycin ia	streptogramin b	Resistant	2	erm(B) (erm(B)_X72021), erm(B) (erm(B)_JN899585)
113Cp-CMPN001x29_260114_LH00793_B23GCKKLT3	virginiamycin s	streptogramin b	Resistant	2	erm(B) (erm(B)_X72021), erm(B) (erm(B)_JN899585)
113Cp-CMPN001x29_260114_LH00793_B23GCKKLT3	linezolid	oxazolidinone	No resistance	0	
113Cp-CMPN001x29_260114_LH00793_B23GCKKLT3	chloramphenicol	amphenicol	No resistance	0	
113Cp-CMPN001x29_260114_LH00793_B23GCKKLT3	florfenicol	amphenicol	No resistance	0	
113Cp-CMPN001x29_260114_LH00793_B23GCKKLT3	colistin	polymyxin	No resistance	0	
113Cp-CMPN001x29_260114_LH00793_B23GCKKLT3	fusidic acid	steroid antibacterial	No resistance	0	
113Cp-CMPN001x29_260114_LH00793_B23GCKKLT3	mupirocin	pseudomonic acid	No resistance	0	
113Cp-CMPN001x29_260114_LH00793_B23GCKKLT3	rifampicin	rifamycin	No resistance	0	
113Cp-CMPN001x29_260114_LH00793_B23GCKKLT3	metronidazole	nitroimidazole	No resistance	0	
113Cp-CMPN001x29_260114_LH00793_B23GCKKLT3	narasin	ionophores	No resistance	0	
113Cp-CMPN001x29_260114_LH00793_B23GCKKLT3	salinomycin	ionophores	No resistance	0	
113Cp-CMPN001x29_260114_LH00793_B23GCKKLT3	maduramicin	ionophores	No resistance	0	
113Pp-CMPN001x44_260114_LH00793_B23GCKKLT3	gentamicin	aminoglycoside	No resistance	0	
113Pp-CMPN001x44_260114_LH00793_B23GCKKLT3	tobramycin	aminoglycoside	No resistance	0	
113Pp-CMPN001x44_260114_LH00793_B23GCKKLT3	streptomycin	aminoglycoside	No resistance	0	
113Pp-CMPN001x44_260114_LH00793_B23GCKKLT3	amikacin	aminoglycoside	No resistance	0	
113Pp-CMPN001x44_260114_LH00793_B23GCKKLT3	isepamicin	aminoglycoside	No resistance	0	
113Pp-CMPN001x44_260114_LH00793_B23GCKKLT3	dibekacin	aminoglycoside	No resistance	0	
113Pp-CMPN001x44_260114_LH00793_B23GCKKLT3	kanamycin	aminoglycoside	No resistance	0	
113Pp-CMPN001x44_260114_LH00793_B23GCKKLT3	neomycin	aminoglycoside	No resistance	0	
113Pp-CMPN001x44_260114_LH00793_B23GCKKLT3	lividomycin	aminoglycoside	No resistance	0	
113Pp-CMPN001x44_260114_LH00793_B23GCKKLT3	paromomycin	aminoglycoside	No resistance	0	
113Pp-CMPN001x44_260114_LH00793_B23GCKKLT3	ribostamycin	aminoglycoside	No resistance	0	
113Pp-CMPN001x44_260114_LH00793_B23GCKKLT3	unknown aminoglycoside	aminoglycoside	No resistance	0	
113Pp-CMPN001x44_260114_LH00793_B23GCKKLT3	butiromycin	aminoglycoside	No resistance	0	
113Pp-CMPN001x44_260114_LH00793_B23GCKKLT3	butirosin	aminoglycoside	No resistance	0	
113Pp-CMPN001x44_260114_LH00793_B23GCKKLT3	hygromycin	aminoglycoside	No resistance	0	
113Pp-CMPN001x44_260114_LH00793_B23GCKKLT3	netilmicin	aminoglycoside	No resistance	0	
113Pp-CMPN001x44_260114_LH00793_B23GCKKLT3	apramycin	aminoglycoside	No resistance	0	
113Pp-CMPN001x44_260114_LH00793_B23GCKKLT3	sisomicin	aminoglycoside	No resistance	0	
113Pp-CMPN001x44_260114_LH00793_B23GCKKLT3	arbekacin	aminoglycoside	No resistance	0	
113Pp-CMPN001x44_260114_LH00793_B23GCKKLT3	kasugamycin	aminoglycoside	No resistance	0	
113Pp-CMPN001x44_260114_LH00793_B23GCKKLT3	astromicin	aminoglycoside	No resistance	0	
113Pp-CMPN001x44_260114_LH00793_B23GCKKLT3	fortimicin	aminoglycoside	No resistance	0	
113Pp-CMPN001x44_260114_LH00793_B23GCKKLT3	spectinomycin	aminocyclitol	No resistance	0	
113Pp-CMPN001x44_260114_LH00793_B23GCKKLT3	fluoroquinolone	quinolone	No resistance	0	
113Pp-CMPN001x44_260114_LH00793_B23GCKKLT3	ciprofloxacin	quinolone	No resistance	0	
113Pp-CMPN001x44_260114_LH00793_B23GCKKLT3	unknown quinolone	quinolone	No resistance	0	
113Pp-CMPN001x44_260114_LH00793_B23GCKKLT3	nalidixic acid	quinolone	No resistance	0	
113Pp-CMPN001x44_260114_LH00793_B23GCKKLT3	amoxicillin	beta-lactam	No resistance	0	
113Pp-CMPN001x44_260114_LH00793_B23GCKKLT3	amoxicillin+clavulanic acid	beta-lactam	No resistance	0	
113Pp-CMPN001x44_260114_LH00793_B23GCKKLT3	ampicillin	beta-lactam	No resistance	0	
113Pp-CMPN001x44_260114_LH00793_B23GCKKLT3	ampicillin+clavulanic acid	beta-lactam	No resistance	0	
113Pp-CMPN001x44_260114_LH00793_B23GCKKLT3	cefepime	beta-lactam	No resistance	0	
113Pp-CMPN001x44_260114_LH00793_B23GCKKLT3	cefixime	beta-lactam	No resistance	0	
113Pp-CMPN001x44_260114_LH00793_B23GCKKLT3	cefotaxime	beta-lactam	No resistance	0	
113Pp-CMPN001x44_260114_LH00793_B23GCKKLT3	cefoxitin	beta-lactam	No resistance	0	
113Pp-CMPN001x44_260114_LH00793_B23GCKKLT3	ceftazidime	beta-lactam	No resistance	0	
113Pp-CMPN001x44_260114_LH00793_B23GCKKLT3	ertapenem	beta-lactam	No resistance	0	
113Pp-CMPN001x44_260114_LH00793_B23GCKKLT3	imipenem	beta-lactam	No resistance	0	
113Pp-CMPN001x44_260114_LH00793_B23GCKKLT3	meropenem	beta-lactam	No resistance	0	
113Pp-CMPN001x44_260114_LH00793_B23GCKKLT3	piperacillin	beta-lactam	No resistance	0	
113Pp-CMPN001x44_260114_LH00793_B23GCKKLT3	piperacillin+tazobactam	beta-lactam	No resistance	0	
113Pp-CMPN001x44_260114_LH00793_B23GCKKLT3	unknown beta-lactam	beta-lactam	No resistance	0	
113Pp-CMPN001x44_260114_LH00793_B23GCKKLT3	aztreonam	beta-lactam	No resistance	0	
113Pp-CMPN001x44_260114_LH00793_B23GCKKLT3	cefotaxime+clavulanic acid	beta-lactam	No resistance	0	
113Pp-CMPN001x44_260114_LH00793_B23GCKKLT3	temocillin	beta-lactam	No resistance	0	
113Pp-CMPN001x44_260114_LH00793_B23GCKKLT3	ticarcillin	beta-lactam	No resistance	0	
113Pp-CMPN001x44_260114_LH00793_B23GCKKLT3	ceftazidime+avibactam	beta-lactam	No resistance	0	
113Pp-CMPN001x44_260114_LH00793_B23GCKKLT3	penicillin	beta-lactam	No resistance	0	
113Pp-CMPN001x44_260114_LH00793_B23GCKKLT3	ceftriaxone	beta-lactam	No resistance	0	
113Pp-CMPN001x44_260114_LH00793_B23GCKKLT3	ticarcillin+clavulanic acid	beta-lactam	No resistance	0	
113Pp-CMPN001x44_260114_LH00793_B23GCKKLT3	cephalothin	beta-lactam	No resistance	0	
113Pp-CMPN001x44_260114_LH00793_B23GCKKLT3	piperacillin+clavulanic acid	beta-lactam	No resistance	0	
113Pp-CMPN001x44_260114_LH00793_B23GCKKLT3	ceftiofur	under_development	No resistance	0	
113Pp-CMPN001x44_260114_LH00793_B23GCKKLT3	sulfamethoxazole	folate pathway antagonist	No resistance	0	
113Pp-CMPN001x44_260114_LH00793_B23GCKKLT3	trimethoprim	folate pathway antagonist	No resistance	0	
113Pp-CMPN001x44_260114_LH00793_B23GCKKLT3	fosfomycin	fosfomycin	No resistance	0	
113Pp-CMPN001x44_260114_LH00793_B23GCKKLT3	vancomycin	glycopeptide	No resistance	0	
113Pp-CMPN001x44_260114_LH00793_B23GCKKLT3	teicoplanin	glycopeptide	No resistance	0	
113Pp-CMPN001x44_260114_LH00793_B23GCKKLT3	bleomycin	glycopeptide	No resistance	0	
113Pp-CMPN001x44_260114_LH00793_B23GCKKLT3	lincomycin	lincosamide	No resistance	0	
113Pp-CMPN001x44_260114_LH00793_B23GCKKLT3	clindamycin	lincosamide	No resistance	0	
113Pp-CMPN001x44_260114_LH00793_B23GCKKLT3	dalfopristin	streptogramin a	No resistance	0	
113Pp-CMPN001x44_260114_LH00793_B23GCKKLT3	pristinamycin iia	streptogramin a	No resistance	0	
113Pp-CMPN001x44_260114_LH00793_B23GCKKLT3	virginiamycin m	streptogramin a	No resistance	0	
113Pp-CMPN001x44_260114_LH00793_B23GCKKLT3	quinupristin+dalfopristin	streptogramin a	No resistance	0	
113Pp-CMPN001x44_260114_LH00793_B23GCKKLT3	tiamulin	pleuromutilin	No resistance	0	
113Pp-CMPN001x44_260114_LH00793_B23GCKKLT3	carbomycin	macrolide	No resistance	0	
113Pp-CMPN001x44_260114_LH00793_B23GCKKLT3	erythromycin	macrolide	Resistant	3	msr(D) (msr(D)_AF274302), mef(A) (mef(A)_U83667)
113Pp-CMPN001x44_260114_LH00793_B23GCKKLT3	azithromycin	macrolide	Resistant	3	msr(D) (msr(D)_AF274302), mef(A) (mef(A)_U83667)
113Pp-CMPN001x44_260114_LH00793_B23GCKKLT3	oleandomycin	macrolide	No resistance	0	
113Pp-CMPN001x44_260114_LH00793_B23GCKKLT3	spiramycin	macrolide	No resistance	0	
113Pp-CMPN001x44_260114_LH00793_B23GCKKLT3	tylosin	macrolide	No resistance	0	
113Pp-CMPN001x44_260114_LH00793_B23GCKKLT3	telithromycin	macrolide	Resistant	3	msr(D) (msr(D)_AF274302)
113Pp-CMPN001x44_260114_LH00793_B23GCKKLT3	tetracycline	tetracycline	Resistant	2	tetA(46) (tetA(46)_HQ652506), tetB(46) (tetB(46)_HQ652506)
113Pp-CMPN001x44_260114_LH00793_B23GCKKLT3	doxycycline	tetracycline	Resistant	2	tetA(46) (tetA(46)_HQ652506), tetB(46) (tetB(46)_HQ652506)
113Pp-CMPN001x44_260114_LH00793_B23GCKKLT3	minocycline	tetracycline	No resistance	0	
113Pp-CMPN001x44_260114_LH00793_B23GCKKLT3	tigecycline	tetracycline	Resistant	2	tetA(46) (tetA(46)_HQ652506), tetB(46) (tetB(46)_HQ652506)
113Pp-CMPN001x44_260114_LH00793_B23GCKKLT3	quinupristin	streptogramin b	Resistant	3	msr(D) (msr(D)_AF274302)
113Pp-CMPN001x44_260114_LH00793_B23GCKKLT3	pristinamycin ia	streptogramin b	Resistant	3	msr(D) (msr(D)_AF274302)
113Pp-CMPN001x44_260114_LH00793_B23GCKKLT3	virginiamycin s	streptogramin b	Resistant	3	msr(D) (msr(D)_AF274302)
113Pp-CMPN001x44_260114_LH00793_B23GCKKLT3	linezolid	oxazolidinone	No resistance	0	
113Pp-CMPN001x44_260114_LH00793_B23GCKKLT3	chloramphenicol	amphenicol	No resistance	0	
113Pp-CMPN001x44_260114_LH00793_B23GCKKLT3	florfenicol	amphenicol	No resistance	0	
113Pp-CMPN001x44_260114_LH00793_B23GCKKLT3	colistin	polymyxin	No resistance	0	
113Pp-CMPN001x44_260114_LH00793_B23GCKKLT3	fusidic acid	steroid antibacterial	No resistance	0	
113Pp-CMPN001x44_260114_LH00793_B23GCKKLT3	mupirocin	pseudomonic acid	No resistance	0	
113Pp-CMPN001x44_260114_LH00793_B23GCKKLT3	rifampicin	rifamycin	No resistance	0	
113Pp-CMPN001x44_260114_LH00793_B23GCKKLT3	metronidazole	nitroimidazole	No resistance	0	
113Pp-CMPN001x44_260114_LH00793_B23GCKKLT3	narasin	ionophores	No resistance	0	
113Pp-CMPN001x44_260114_LH00793_B23GCKKLT3	salinomycin	ionophores	No resistance	0	
113Pp-CMPN001x44_260114_LH00793_B23GCKKLT3	maduramicin	ionophores	No resistance	0	
114Cim-CMPN001x30_260114_LH00793_B23GCKKLT3	gentamicin	aminoglycoside	No resistance	0	
114Cim-CMPN001x30_260114_LH00793_B23GCKKLT3	tobramycin	aminoglycoside	No resistance	0	
114Cim-CMPN001x30_260114_LH00793_B23GCKKLT3	streptomycin	aminoglycoside	No resistance	0	
114Cim-CMPN001x30_260114_LH00793_B23GCKKLT3	amikacin	aminoglycoside	No resistance	0	
114Cim-CMPN001x30_260114_LH00793_B23GCKKLT3	isepamicin	aminoglycoside	No resistance	0	
114Cim-CMPN001x30_260114_LH00793_B23GCKKLT3	dibekacin	aminoglycoside	No resistance	0	
114Cim-CMPN001x30_260114_LH00793_B23GCKKLT3	kanamycin	aminoglycoside	No resistance	0	
114Cim-CMPN001x30_260114_LH00793_B23GCKKLT3	neomycin	aminoglycoside	No resistance	0	
114Cim-CMPN001x30_260114_LH00793_B23GCKKLT3	lividomycin	aminoglycoside	No resistance	0	
114Cim-CMPN001x30_260114_LH00793_B23GCKKLT3	paromomycin	aminoglycoside	No resistance	0	
114Cim-CMPN001x30_260114_LH00793_B23GCKKLT3	ribostamycin	aminoglycoside	No resistance	0	
114Cim-CMPN001x30_260114_LH00793_B23GCKKLT3	unknown aminoglycoside	aminoglycoside	No resistance	0	
114Cim-CMPN001x30_260114_LH00793_B23GCKKLT3	butiromycin	aminoglycoside	No resistance	0	
114Cim-CMPN001x30_260114_LH00793_B23GCKKLT3	butirosin	aminoglycoside	No resistance	0	
114Cim-CMPN001x30_260114_LH00793_B23GCKKLT3	hygromycin	aminoglycoside	No resistance	0	
114Cim-CMPN001x30_260114_LH00793_B23GCKKLT3	netilmicin	aminoglycoside	No resistance	0	
114Cim-CMPN001x30_260114_LH00793_B23GCKKLT3	apramycin	aminoglycoside	No resistance	0	
114Cim-CMPN001x30_260114_LH00793_B23GCKKLT3	sisomicin	aminoglycoside	No resistance	0	
114Cim-CMPN001x30_260114_LH00793_B23GCKKLT3	arbekacin	aminoglycoside	No resistance	0	
114Cim-CMPN001x30_260114_LH00793_B23GCKKLT3	kasugamycin	aminoglycoside	No resistance	0	
114Cim-CMPN001x30_260114_LH00793_B23GCKKLT3	astromicin	aminoglycoside	No resistance	0	
114Cim-CMPN001x30_260114_LH00793_B23GCKKLT3	fortimicin	aminoglycoside	No resistance	0	
114Cim-CMPN001x30_260114_LH00793_B23GCKKLT3	spectinomycin	aminocyclitol	No resistance	0	
114Cim-CMPN001x30_260114_LH00793_B23GCKKLT3	fluoroquinolone	quinolone	No resistance	0	
114Cim-CMPN001x30_260114_LH00793_B23GCKKLT3	ciprofloxacin	quinolone	No resistance	0	
114Cim-CMPN001x30_260114_LH00793_B23GCKKLT3	unknown quinolone	quinolone	No resistance	0	
114Cim-CMPN001x30_260114_LH00793_B23GCKKLT3	nalidixic acid	quinolone	No resistance	0	
114Cim-CMPN001x30_260114_LH00793_B23GCKKLT3	amoxicillin	beta-lactam	No resistance	0	
114Cim-CMPN001x30_260114_LH00793_B23GCKKLT3	amoxicillin+clavulanic acid	beta-lactam	No resistance	0	
114Cim-CMPN001x30_260114_LH00793_B23GCKKLT3	ampicillin	beta-lactam	No resistance	0	
114Cim-CMPN001x30_260114_LH00793_B23GCKKLT3	ampicillin+clavulanic acid	beta-lactam	No resistance	0	
114Cim-CMPN001x30_260114_LH00793_B23GCKKLT3	cefepime	beta-lactam	No resistance	0	
114Cim-CMPN001x30_260114_LH00793_B23GCKKLT3	cefixime	beta-lactam	No resistance	0	
114Cim-CMPN001x30_260114_LH00793_B23GCKKLT3	cefotaxime	beta-lactam	No resistance	0	
114Cim-CMPN001x30_260114_LH00793_B23GCKKLT3	cefoxitin	beta-lactam	No resistance	0	
114Cim-CMPN001x30_260114_LH00793_B23GCKKLT3	ceftazidime	beta-lactam	No resistance	0	
114Cim-CMPN001x30_260114_LH00793_B23GCKKLT3	ertapenem	beta-lactam	No resistance	0	
114Cim-CMPN001x30_260114_LH00793_B23GCKKLT3	imipenem	beta-lactam	No resistance	0	
114Cim-CMPN001x30_260114_LH00793_B23GCKKLT3	meropenem	beta-lactam	No resistance	0	
114Cim-CMPN001x30_260114_LH00793_B23GCKKLT3	piperacillin	beta-lactam	No resistance	0	
114Cim-CMPN001x30_260114_LH00793_B23GCKKLT3	piperacillin+tazobactam	beta-lactam	No resistance	0	
114Cim-CMPN001x30_260114_LH00793_B23GCKKLT3	unknown beta-lactam	beta-lactam	No resistance	0	
114Cim-CMPN001x30_260114_LH00793_B23GCKKLT3	aztreonam	beta-lactam	No resistance	0	
114Cim-CMPN001x30_260114_LH00793_B23GCKKLT3	cefotaxime+clavulanic acid	beta-lactam	No resistance	0	
114Cim-CMPN001x30_260114_LH00793_B23GCKKLT3	temocillin	beta-lactam	No resistance	0	
114Cim-CMPN001x30_260114_LH00793_B23GCKKLT3	ticarcillin	beta-lactam	No resistance	0	
114Cim-CMPN001x30_260114_LH00793_B23GCKKLT3	ceftazidime+avibactam	beta-lactam	No resistance	0	
114Cim-CMPN001x30_260114_LH00793_B23GCKKLT3	penicillin	beta-lactam	No resistance	0	
114Cim-CMPN001x30_260114_LH00793_B23GCKKLT3	ceftriaxone	beta-lactam	No resistance	0	
114Cim-CMPN001x30_260114_LH00793_B23GCKKLT3	ticarcillin+clavulanic acid	beta-lactam	No resistance	0	
114Cim-CMPN001x30_260114_LH00793_B23GCKKLT3	cephalothin	beta-lactam	No resistance	0	
114Cim-CMPN001x30_260114_LH00793_B23GCKKLT3	piperacillin+clavulanic acid	beta-lactam	No resistance	0	
114Cim-CMPN001x30_260114_LH00793_B23GCKKLT3	ceftiofur	under_development	No resistance	0	
114Cim-CMPN001x30_260114_LH00793_B23GCKKLT3	sulfamethoxazole	folate pathway antagonist	No resistance	0	
114Cim-CMPN001x30_260114_LH00793_B23GCKKLT3	trimethoprim	folate pathway antagonist	No resistance	0	
114Cim-CMPN001x30_260114_LH00793_B23GCKKLT3	fosfomycin	fosfomycin	No resistance	0	
114Cim-CMPN001x30_260114_LH00793_B23GCKKLT3	vancomycin	glycopeptide	No resistance	0	
114Cim-CMPN001x30_260114_LH00793_B23GCKKLT3	teicoplanin	glycopeptide	No resistance	0	
114Cim-CMPN001x30_260114_LH00793_B23GCKKLT3	bleomycin	glycopeptide	No resistance	0	
114Cim-CMPN001x30_260114_LH00793_B23GCKKLT3	lincomycin	lincosamide	Resistant	2	lsa(C) (lsa(C)_HM990671)
114Cim-CMPN001x30_260114_LH00793_B23GCKKLT3	clindamycin	lincosamide	Resistant	2	lsa(C) (lsa(C)_HM990671)
114Cim-CMPN001x30_260114_LH00793_B23GCKKLT3	dalfopristin	streptogramin a	Resistant	2	lsa(C) (lsa(C)_HM990671)
114Cim-CMPN001x30_260114_LH00793_B23GCKKLT3	pristinamycin iia	streptogramin a	Resistant	2	lsa(C) (lsa(C)_HM990671)
114Cim-CMPN001x30_260114_LH00793_B23GCKKLT3	virginiamycin m	streptogramin a	Resistant	2	lsa(C) (lsa(C)_HM990671)
114Cim-CMPN001x30_260114_LH00793_B23GCKKLT3	quinupristin+dalfopristin	streptogramin a	No resistance	0	
114Cim-CMPN001x30_260114_LH00793_B23GCKKLT3	tiamulin	pleuromutilin	Resistant	2	lsa(C) (lsa(C)_HM990671)
114Cim-CMPN001x30_260114_LH00793_B23GCKKLT3	carbomycin	macrolide	No resistance	0	
114Cim-CMPN001x30_260114_LH00793_B23GCKKLT3	erythromycin	macrolide	Resistant	3	msr(D) (msr(D)_AF274302), mef(A) (mef(A)_U83667)
114Cim-CMPN001x30_260114_LH00793_B23GCKKLT3	azithromycin	macrolide	Resistant	3	msr(D) (msr(D)_AF274302), mef(A) (mef(A)_U83667)
114Cim-CMPN001x30_260114_LH00793_B23GCKKLT3	oleandomycin	macrolide	No resistance	0	
114Cim-CMPN001x30_260114_LH00793_B23GCKKLT3	spiramycin	macrolide	No resistance	0	
114Cim-CMPN001x30_260114_LH00793_B23GCKKLT3	tylosin	macrolide	No resistance	0	
114Cim-CMPN001x30_260114_LH00793_B23GCKKLT3	telithromycin	macrolide	Resistant	3	msr(D) (msr(D)_AF274302)
114Cim-CMPN001x30_260114_LH00793_B23GCKKLT3	tetracycline	tetracycline	Resistant	3	tet(M) (tet(M)_AM990992)
114Cim-CMPN001x30_260114_LH00793_B23GCKKLT3	doxycycline	tetracycline	Resistant	3	tet(M) (tet(M)_AM990992)
114Cim-CMPN001x30_260114_LH00793_B23GCKKLT3	minocycline	tetracycline	Resistant	3	tet(M) (tet(M)_AM990992)
114Cim-CMPN001x30_260114_LH00793_B23GCKKLT3	tigecycline	tetracycline	No resistance	0	
114Cim-CMPN001x30_260114_LH00793_B23GCKKLT3	quinupristin	streptogramin b	Resistant	3	msr(D) (msr(D)_AF274302)
114Cim-CMPN001x30_260114_LH00793_B23GCKKLT3	pristinamycin ia	streptogramin b	Resistant	3	msr(D) (msr(D)_AF274302)
114Cim-CMPN001x30_260114_LH00793_B23GCKKLT3	virginiamycin s	streptogramin b	Resistant	3	msr(D) (msr(D)_AF274302)
114Cim-CMPN001x30_260114_LH00793_B23GCKKLT3	linezolid	oxazolidinone	No resistance	0	
114Cim-CMPN001x30_260114_LH00793_B23GCKKLT3	chloramphenicol	amphenicol	No resistance	0	
114Cim-CMPN001x30_260114_LH00793_B23GCKKLT3	florfenicol	amphenicol	No resistance	0	
114Cim-CMPN001x30_260114_LH00793_B23GCKKLT3	colistin	polymyxin	No resistance	0	
114Cim-CMPN001x30_260114_LH00793_B23GCKKLT3	fusidic acid	steroid antibacterial	No resistance	0	
114Cim-CMPN001x30_260114_LH00793_B23GCKKLT3	mupirocin	pseudomonic acid	No resistance	0	
114Cim-CMPN001x30_260114_LH00793_B23GCKKLT3	rifampicin	rifamycin	No resistance	0	
114Cim-CMPN001x30_260114_LH00793_B23GCKKLT3	metronidazole	nitroimidazole	No resistance	0	
114Cim-CMPN001x30_260114_LH00793_B23GCKKLT3	narasin	ionophores	No resistance	0	
114Cim-CMPN001x30_260114_LH00793_B23GCKKLT3	salinomycin	ionophores	No resistance	0	
114Cim-CMPN001x30_260114_LH00793_B23GCKKLT3	maduramicin	ionophores	No resistance	0	
116mi-CMPN001x92_260114_LH00793_B23GCKKLT3	gentamicin	aminoglycoside	No resistance	0	
116mi-CMPN001x92_260114_LH00793_B23GCKKLT3	tobramycin	aminoglycoside	No resistance	0	
116mi-CMPN001x92_260114_LH00793_B23GCKKLT3	streptomycin	aminoglycoside	No resistance	0	
116mi-CMPN001x92_260114_LH00793_B23GCKKLT3	amikacin	aminoglycoside	No resistance	0	
116mi-CMPN001x92_260114_LH00793_B23GCKKLT3	isepamicin	aminoglycoside	No resistance	0	
116mi-CMPN001x92_260114_LH00793_B23GCKKLT3	dibekacin	aminoglycoside	No resistance	0	
116mi-CMPN001x92_260114_LH00793_B23GCKKLT3	kanamycin	aminoglycoside	No resistance	0	
116mi-CMPN001x92_260114_LH00793_B23GCKKLT3	neomycin	aminoglycoside	No resistance	0	
116mi-CMPN001x92_260114_LH00793_B23GCKKLT3	lividomycin	aminoglycoside	No resistance	0	
116mi-CMPN001x92_260114_LH00793_B23GCKKLT3	paromomycin	aminoglycoside	No resistance	0	
116mi-CMPN001x92_260114_LH00793_B23GCKKLT3	ribostamycin	aminoglycoside	No resistance	0	
116mi-CMPN001x92_260114_LH00793_B23GCKKLT3	unknown aminoglycoside	aminoglycoside	No resistance	0	
116mi-CMPN001x92_260114_LH00793_B23GCKKLT3	butiromycin	aminoglycoside	No resistance	0	
116mi-CMPN001x92_260114_LH00793_B23GCKKLT3	butirosin	aminoglycoside	No resistance	0	
116mi-CMPN001x92_260114_LH00793_B23GCKKLT3	hygromycin	aminoglycoside	No resistance	0	
116mi-CMPN001x92_260114_LH00793_B23GCKKLT3	netilmicin	aminoglycoside	No resistance	0	
116mi-CMPN001x92_260114_LH00793_B23GCKKLT3	apramycin	aminoglycoside	No resistance	0	
116mi-CMPN001x92_260114_LH00793_B23GCKKLT3	sisomicin	aminoglycoside	No resistance	0	
116mi-CMPN001x92_260114_LH00793_B23GCKKLT3	arbekacin	aminoglycoside	No resistance	0	
116mi-CMPN001x92_260114_LH00793_B23GCKKLT3	kasugamycin	aminoglycoside	No resistance	0	
116mi-CMPN001x92_260114_LH00793_B23GCKKLT3	astromicin	aminoglycoside	No resistance	0	
116mi-CMPN001x92_260114_LH00793_B23GCKKLT3	fortimicin	aminoglycoside	No resistance	0	
116mi-CMPN001x92_260114_LH00793_B23GCKKLT3	spectinomycin	aminocyclitol	No resistance	0	
116mi-CMPN001x92_260114_LH00793_B23GCKKLT3	fluoroquinolone	quinolone	No resistance	0	
116mi-CMPN001x92_260114_LH00793_B23GCKKLT3	ciprofloxacin	quinolone	No resistance	0	
116mi-CMPN001x92_260114_LH00793_B23GCKKLT3	unknown quinolone	quinolone	No resistance	0	
116mi-CMPN001x92_260114_LH00793_B23GCKKLT3	nalidixic acid	quinolone	No resistance	0	
116mi-CMPN001x92_260114_LH00793_B23GCKKLT3	amoxicillin	beta-lactam	No resistance	0	
116mi-CMPN001x92_260114_LH00793_B23GCKKLT3	amoxicillin+clavulanic acid	beta-lactam	No resistance	0	
116mi-CMPN001x92_260114_LH00793_B23GCKKLT3	ampicillin	beta-lactam	No resistance	0	
116mi-CMPN001x92_260114_LH00793_B23GCKKLT3	ampicillin+clavulanic acid	beta-lactam	No resistance	0	
116mi-CMPN001x92_260114_LH00793_B23GCKKLT3	cefepime	beta-lactam	No resistance	0	
116mi-CMPN001x92_260114_LH00793_B23GCKKLT3	cefixime	beta-lactam	No resistance	0	
116mi-CMPN001x92_260114_LH00793_B23GCKKLT3	cefotaxime	beta-lactam	No resistance	0	
116mi-CMPN001x92_260114_LH00793_B23GCKKLT3	cefoxitin	beta-lactam	No resistance	0	
116mi-CMPN001x92_260114_LH00793_B23GCKKLT3	ceftazidime	beta-lactam	No resistance	0	
116mi-CMPN001x92_260114_LH00793_B23GCKKLT3	ertapenem	beta-lactam	No resistance	0	
116mi-CMPN001x92_260114_LH00793_B23GCKKLT3	imipenem	beta-lactam	No resistance	0	
116mi-CMPN001x92_260114_LH00793_B23GCKKLT3	meropenem	beta-lactam	No resistance	0	
116mi-CMPN001x92_260114_LH00793_B23GCKKLT3	piperacillin	beta-lactam	No resistance	0	
116mi-CMPN001x92_260114_LH00793_B23GCKKLT3	piperacillin+tazobactam	beta-lactam	No resistance	0	
116mi-CMPN001x92_260114_LH00793_B23GCKKLT3	unknown beta-lactam	beta-lactam	No resistance	0	
116mi-CMPN001x92_260114_LH00793_B23GCKKLT3	aztreonam	beta-lactam	No resistance	0	
116mi-CMPN001x92_260114_LH00793_B23GCKKLT3	cefotaxime+clavulanic acid	beta-lactam	No resistance	0	
116mi-CMPN001x92_260114_LH00793_B23GCKKLT3	temocillin	beta-lactam	No resistance	0	
116mi-CMPN001x92_260114_LH00793_B23GCKKLT3	ticarcillin	beta-lactam	No resistance	0	
116mi-CMPN001x92_260114_LH00793_B23GCKKLT3	ceftazidime+avibactam	beta-lactam	No resistance	0	
116mi-CMPN001x92_260114_LH00793_B23GCKKLT3	penicillin	beta-lactam	No resistance	0	
116mi-CMPN001x92_260114_LH00793_B23GCKKLT3	ceftriaxone	beta-lactam	No resistance	0	
116mi-CMPN001x92_260114_LH00793_B23GCKKLT3	ticarcillin+clavulanic acid	beta-lactam	No resistance	0	
116mi-CMPN001x92_260114_LH00793_B23GCKKLT3	cephalothin	beta-lactam	No resistance	0	
116mi-CMPN001x92_260114_LH00793_B23GCKKLT3	piperacillin+clavulanic acid	beta-lactam	No resistance	0	
116mi-CMPN001x92_260114_LH00793_B23GCKKLT3	ceftiofur	under_development	No resistance	0	
116mi-CMPN001x92_260114_LH00793_B23GCKKLT3	sulfamethoxazole	folate pathway antagonist	No resistance	0	
116mi-CMPN001x92_260114_LH00793_B23GCKKLT3	trimethoprim	folate pathway antagonist	No resistance	0	
116mi-CMPN001x92_260114_LH00793_B23GCKKLT3	fosfomycin	fosfomycin	No resistance	0	
116mi-CMPN001x92_260114_LH00793_B23GCKKLT3	vancomycin	glycopeptide	No resistance	0	
116mi-CMPN001x92_260114_LH00793_B23GCKKLT3	teicoplanin	glycopeptide	No resistance	0	
116mi-CMPN001x92_260114_LH00793_B23GCKKLT3	bleomycin	glycopeptide	No resistance	0	
116mi-CMPN001x92_260114_LH00793_B23GCKKLT3	lincomycin	lincosamide	No resistance	0	
116mi-CMPN001x92_260114_LH00793_B23GCKKLT3	clindamycin	lincosamide	No resistance	0	
116mi-CMPN001x92_260114_LH00793_B23GCKKLT3	dalfopristin	streptogramin a	No resistance	0	
116mi-CMPN001x92_260114_LH00793_B23GCKKLT3	pristinamycin iia	streptogramin a	No resistance	0	
116mi-CMPN001x92_260114_LH00793_B23GCKKLT3	virginiamycin m	streptogramin a	No resistance	0	
116mi-CMPN001x92_260114_LH00793_B23GCKKLT3	quinupristin+dalfopristin	streptogramin a	No resistance	0	
116mi-CMPN001x92_260114_LH00793_B23GCKKLT3	tiamulin	pleuromutilin	No resistance	0	
116mi-CMPN001x92_260114_LH00793_B23GCKKLT3	carbomycin	macrolide	No resistance	0	
116mi-CMPN001x92_260114_LH00793_B23GCKKLT3	erythromycin	macrolide	Resistant	3	msr(D) (msr(D)_AF274302), mef(A) (mef(A)_U83667)
116mi-CMPN001x92_260114_LH00793_B23GCKKLT3	azithromycin	macrolide	Resistant	3	msr(D) (msr(D)_AF274302), mef(A) (mef(A)_U83667)
116mi-CMPN001x92_260114_LH00793_B23GCKKLT3	oleandomycin	macrolide	No resistance	0	
116mi-CMPN001x92_260114_LH00793_B23GCKKLT3	spiramycin	macrolide	No resistance	0	
116mi-CMPN001x92_260114_LH00793_B23GCKKLT3	tylosin	macrolide	No resistance	0	
116mi-CMPN001x92_260114_LH00793_B23GCKKLT3	telithromycin	macrolide	Resistant	3	msr(D) (msr(D)_AF274302)
116mi-CMPN001x92_260114_LH00793_B23GCKKLT3	tetracycline	tetracycline	Resistant	2	tet(M) (tet(M)_FR671418)
116mi-CMPN001x92_260114_LH00793_B23GCKKLT3	doxycycline	tetracycline	Resistant	2	tet(M) (tet(M)_FR671418)
116mi-CMPN001x92_260114_LH00793_B23GCKKLT3	minocycline	tetracycline	Resistant	2	tet(M) (tet(M)_FR671418)
116mi-CMPN001x92_260114_LH00793_B23GCKKLT3	tigecycline	tetracycline	No resistance	0	
116mi-CMPN001x92_260114_LH00793_B23GCKKLT3	quinupristin	streptogramin b	Resistant	3	msr(D) (msr(D)_AF274302)
116mi-CMPN001x92_260114_LH00793_B23GCKKLT3	pristinamycin ia	streptogramin b	Resistant	3	msr(D) (msr(D)_AF274302)
116mi-CMPN001x92_260114_LH00793_B23GCKKLT3	virginiamycin s	streptogramin b	Resistant	3	msr(D) (msr(D)_AF274302)
116mi-CMPN001x92_260114_LH00793_B23GCKKLT3	linezolid	oxazolidinone	No resistance	0	
116mi-CMPN001x92_260114_LH00793_B23GCKKLT3	chloramphenicol	amphenicol	No resistance	0	
116mi-CMPN001x92_260114_LH00793_B23GCKKLT3	florfenicol	amphenicol	No resistance	0	
116mi-CMPN001x92_260114_LH00793_B23GCKKLT3	colistin	polymyxin	No resistance	0	
116mi-CMPN001x92_260114_LH00793_B23GCKKLT3	fusidic acid	steroid antibacterial	No resistance	0	
116mi-CMPN001x92_260114_LH00793_B23GCKKLT3	mupirocin	pseudomonic acid	No resistance	0	
116mi-CMPN001x92_260114_LH00793_B23GCKKLT3	rifampicin	rifamycin	No resistance	0	
116mi-CMPN001x92_260114_LH00793_B23GCKKLT3	metronidazole	nitroimidazole	No resistance	0	
116mi-CMPN001x92_260114_LH00793_B23GCKKLT3	narasin	ionophores	No resistance	0	
116mi-CMPN001x92_260114_LH00793_B23GCKKLT3	salinomycin	ionophores	No resistance	0	
116mi-CMPN001x92_260114_LH00793_B23GCKKLT3	maduramicin	ionophores	No resistance	0	
118Ap-CMPN001x60_260114_LH00793_B23GCKKLT3	gentamicin	aminoglycoside	No resistance	0	
118Ap-CMPN001x60_260114_LH00793_B23GCKKLT3	tobramycin	aminoglycoside	No resistance	0	
118Ap-CMPN001x60_260114_LH00793_B23GCKKLT3	streptomycin	aminoglycoside	No resistance	0	
118Ap-CMPN001x60_260114_LH00793_B23GCKKLT3	amikacin	aminoglycoside	No resistance	0	
118Ap-CMPN001x60_260114_LH00793_B23GCKKLT3	isepamicin	aminoglycoside	No resistance	0	
118Ap-CMPN001x60_260114_LH00793_B23GCKKLT3	dibekacin	aminoglycoside	No resistance	0	
118Ap-CMPN001x60_260114_LH00793_B23GCKKLT3	kanamycin	aminoglycoside	No resistance	0	
118Ap-CMPN001x60_260114_LH00793_B23GCKKLT3	neomycin	aminoglycoside	No resistance	0	
118Ap-CMPN001x60_260114_LH00793_B23GCKKLT3	lividomycin	aminoglycoside	No resistance	0	
118Ap-CMPN001x60_260114_LH00793_B23GCKKLT3	paromomycin	aminoglycoside	No resistance	0	
118Ap-CMPN001x60_260114_LH00793_B23GCKKLT3	ribostamycin	aminoglycoside	No resistance	0	
118Ap-CMPN001x60_260114_LH00793_B23GCKKLT3	unknown aminoglycoside	aminoglycoside	No resistance	0	
118Ap-CMPN001x60_260114_LH00793_B23GCKKLT3	butiromycin	aminoglycoside	No resistance	0	
118Ap-CMPN001x60_260114_LH00793_B23GCKKLT3	butirosin	aminoglycoside	No resistance	0	
118Ap-CMPN001x60_260114_LH00793_B23GCKKLT3	hygromycin	aminoglycoside	No resistance	0	
118Ap-CMPN001x60_260114_LH00793_B23GCKKLT3	netilmicin	aminoglycoside	No resistance	0	
118Ap-CMPN001x60_260114_LH00793_B23GCKKLT3	apramycin	aminoglycoside	No resistance	0	
118Ap-CMPN001x60_260114_LH00793_B23GCKKLT3	sisomicin	aminoglycoside	No resistance	0	
118Ap-CMPN001x60_260114_LH00793_B23GCKKLT3	arbekacin	aminoglycoside	No resistance	0	
118Ap-CMPN001x60_260114_LH00793_B23GCKKLT3	kasugamycin	aminoglycoside	No resistance	0	
118Ap-CMPN001x60_260114_LH00793_B23GCKKLT3	astromicin	aminoglycoside	No resistance	0	
118Ap-CMPN001x60_260114_LH00793_B23GCKKLT3	fortimicin	aminoglycoside	No resistance	0	
118Ap-CMPN001x60_260114_LH00793_B23GCKKLT3	spectinomycin	aminocyclitol	No resistance	0	
118Ap-CMPN001x60_260114_LH00793_B23GCKKLT3	fluoroquinolone	quinolone	No resistance	0	
118Ap-CMPN001x60_260114_LH00793_B23GCKKLT3	ciprofloxacin	quinolone	No resistance	0	
118Ap-CMPN001x60_260114_LH00793_B23GCKKLT3	unknown quinolone	quinolone	No resistance	0	
118Ap-CMPN001x60_260114_LH00793_B23GCKKLT3	nalidixic acid	quinolone	No resistance	0	
118Ap-CMPN001x60_260114_LH00793_B23GCKKLT3	amoxicillin	beta-lactam	No resistance	0	
118Ap-CMPN001x60_260114_LH00793_B23GCKKLT3	amoxicillin+clavulanic acid	beta-lactam	No resistance	0	
118Ap-CMPN001x60_260114_LH00793_B23GCKKLT3	ampicillin	beta-lactam	No resistance	0	
118Ap-CMPN001x60_260114_LH00793_B23GCKKLT3	ampicillin+clavulanic acid	beta-lactam	No resistance	0	
118Ap-CMPN001x60_260114_LH00793_B23GCKKLT3	cefepime	beta-lactam	No resistance	0	
118Ap-CMPN001x60_260114_LH00793_B23GCKKLT3	cefixime	beta-lactam	No resistance	0	
118Ap-CMPN001x60_260114_LH00793_B23GCKKLT3	cefotaxime	beta-lactam	No resistance	0	
118Ap-CMPN001x60_260114_LH00793_B23GCKKLT3	cefoxitin	beta-lactam	No resistance	0	
118Ap-CMPN001x60_260114_LH00793_B23GCKKLT3	ceftazidime	beta-lactam	No resistance	0	
118Ap-CMPN001x60_260114_LH00793_B23GCKKLT3	ertapenem	beta-lactam	No resistance	0	
118Ap-CMPN001x60_260114_LH00793_B23GCKKLT3	imipenem	beta-lactam	No resistance	0	
118Ap-CMPN001x60_260114_LH00793_B23GCKKLT3	meropenem	beta-lactam	No resistance	0	
118Ap-CMPN001x60_260114_LH00793_B23GCKKLT3	piperacillin	beta-lactam	No resistance	0	
118Ap-CMPN001x60_260114_LH00793_B23GCKKLT3	piperacillin+tazobactam	beta-lactam	No resistance	0	
118Ap-CMPN001x60_260114_LH00793_B23GCKKLT3	unknown beta-lactam	beta-lactam	No resistance	0	
118Ap-CMPN001x60_260114_LH00793_B23GCKKLT3	aztreonam	beta-lactam	No resistance	0	
118Ap-CMPN001x60_260114_LH00793_B23GCKKLT3	cefotaxime+clavulanic acid	beta-lactam	No resistance	0	
118Ap-CMPN001x60_260114_LH00793_B23GCKKLT3	temocillin	beta-lactam	No resistance	0	
118Ap-CMPN001x60_260114_LH00793_B23GCKKLT3	ticarcillin	beta-lactam	No resistance	0	
118Ap-CMPN001x60_260114_LH00793_B23GCKKLT3	ceftazidime+avibactam	beta-lactam	No resistance	0	
118Ap-CMPN001x60_260114_LH00793_B23GCKKLT3	penicillin	beta-lactam	No resistance	0	
118Ap-CMPN001x60_260114_LH00793_B23GCKKLT3	ceftriaxone	beta-lactam	No resistance	0	
118Ap-CMPN001x60_260114_LH00793_B23GCKKLT3	ticarcillin+clavulanic acid	beta-lactam	No resistance	0	
118Ap-CMPN001x60_260114_LH00793_B23GCKKLT3	cephalothin	beta-lactam	No resistance	0	
118Ap-CMPN001x60_260114_LH00793_B23GCKKLT3	piperacillin+clavulanic acid	beta-lactam	No resistance	0	
118Ap-CMPN001x60_260114_LH00793_B23GCKKLT3	ceftiofur	under_development	No resistance	0	
118Ap-CMPN001x60_260114_LH00793_B23GCKKLT3	sulfamethoxazole	folate pathway antagonist	No resistance	0	
118Ap-CMPN001x60_260114_LH00793_B23GCKKLT3	trimethoprim	folate pathway antagonist	No resistance	0	
118Ap-CMPN001x60_260114_LH00793_B23GCKKLT3	fosfomycin	fosfomycin	No resistance	0	
118Ap-CMPN001x60_260114_LH00793_B23GCKKLT3	vancomycin	glycopeptide	No resistance	0	
118Ap-CMPN001x60_260114_LH00793_B23GCKKLT3	teicoplanin	glycopeptide	No resistance	0	
118Ap-CMPN001x60_260114_LH00793_B23GCKKLT3	bleomycin	glycopeptide	No resistance	0	
118Ap-CMPN001x60_260114_LH00793_B23GCKKLT3	lincomycin	lincosamide	No resistance	0	
118Ap-CMPN001x60_260114_LH00793_B23GCKKLT3	clindamycin	lincosamide	No resistance	0	
118Ap-CMPN001x60_260114_LH00793_B23GCKKLT3	dalfopristin	streptogramin a	No resistance	0	
118Ap-CMPN001x60_260114_LH00793_B23GCKKLT3	pristinamycin iia	streptogramin a	No resistance	0	
118Ap-CMPN001x60_260114_LH00793_B23GCKKLT3	virginiamycin m	streptogramin a	No resistance	0	
118Ap-CMPN001x60_260114_LH00793_B23GCKKLT3	quinupristin+dalfopristin	streptogramin a	No resistance	0	
118Ap-CMPN001x60_260114_LH00793_B23GCKKLT3	tiamulin	pleuromutilin	No resistance	0	
118Ap-CMPN001x60_260114_LH00793_B23GCKKLT3	carbomycin	macrolide	No resistance	0	
118Ap-CMPN001x60_260114_LH00793_B23GCKKLT3	erythromycin	macrolide	Resistant	3	msr(D) (msr(D)_AF274302), mef(A) (mef(A)_U83667)
118Ap-CMPN001x60_260114_LH00793_B23GCKKLT3	azithromycin	macrolide	Resistant	3	msr(D) (msr(D)_AF274302), mef(A) (mef(A)_U83667)
118Ap-CMPN001x60_260114_LH00793_B23GCKKLT3	oleandomycin	macrolide	No resistance	0	
118Ap-CMPN001x60_260114_LH00793_B23GCKKLT3	spiramycin	macrolide	No resistance	0	
118Ap-CMPN001x60_260114_LH00793_B23GCKKLT3	tylosin	macrolide	No resistance	0	
118Ap-CMPN001x60_260114_LH00793_B23GCKKLT3	telithromycin	macrolide	Resistant	3	msr(D) (msr(D)_AF274302)
118Ap-CMPN001x60_260114_LH00793_B23GCKKLT3	tetracycline	tetracycline	Resistant	2	tet(M) (tet(M)_X75073), tetA(46) (tetA(46)_HQ652506), tetB(46) (tetB(46)_HQ652506)
118Ap-CMPN001x60_260114_LH00793_B23GCKKLT3	doxycycline	tetracycline	Resistant	2	tet(M) (tet(M)_X75073), tetA(46) (tetA(46)_HQ652506), tetB(46) (tetB(46)_HQ652506)
118Ap-CMPN001x60_260114_LH00793_B23GCKKLT3	minocycline	tetracycline	Resistant	2	tet(M) (tet(M)_X75073)
118Ap-CMPN001x60_260114_LH00793_B23GCKKLT3	tigecycline	tetracycline	Resistant	2	tetA(46) (tetA(46)_HQ652506), tetB(46) (tetB(46)_HQ652506)
118Ap-CMPN001x60_260114_LH00793_B23GCKKLT3	quinupristin	streptogramin b	Resistant	3	msr(D) (msr(D)_AF274302)
118Ap-CMPN001x60_260114_LH00793_B23GCKKLT3	pristinamycin ia	streptogramin b	Resistant	3	msr(D) (msr(D)_AF274302)
118Ap-CMPN001x60_260114_LH00793_B23GCKKLT3	virginiamycin s	streptogramin b	Resistant	3	msr(D) (msr(D)_AF274302)
118Ap-CMPN001x60_260114_LH00793_B23GCKKLT3	linezolid	oxazolidinone	No resistance	0	
118Ap-CMPN001x60_260114_LH00793_B23GCKKLT3	chloramphenicol	amphenicol	No resistance	0	
118Ap-CMPN001x60_260114_LH00793_B23GCKKLT3	florfenicol	amphenicol	No resistance	0	
118Ap-CMPN001x60_260114_LH00793_B23GCKKLT3	colistin	polymyxin	No resistance	0	
118Ap-CMPN001x60_260114_LH00793_B23GCKKLT3	fusidic acid	steroid antibacterial	No resistance	0	
118Ap-CMPN001x60_260114_LH00793_B23GCKKLT3	mupirocin	pseudomonic acid	No resistance	0	
118Ap-CMPN001x60_260114_LH00793_B23GCKKLT3	rifampicin	rifamycin	No resistance	0	
118Ap-CMPN001x60_260114_LH00793_B23GCKKLT3	metronidazole	nitroimidazole	No resistance	0	
118Ap-CMPN001x60_260114_LH00793_B23GCKKLT3	narasin	ionophores	No resistance	0	
118Ap-CMPN001x60_260114_LH00793_B23GCKKLT3	salinomycin	ionophores	No resistance	0	
118Ap-CMPN001x60_260114_LH00793_B23GCKKLT3	maduramicin	ionophores	No resistance	0	
118Cim-CMPN001x31_260114_LH00793_B23GCKKLT3	gentamicin	aminoglycoside	No resistance	0	
118Cim-CMPN001x31_260114_LH00793_B23GCKKLT3	tobramycin	aminoglycoside	No resistance	0	
118Cim-CMPN001x31_260114_LH00793_B23GCKKLT3	streptomycin	aminoglycoside	No resistance	0	
118Cim-CMPN001x31_260114_LH00793_B23GCKKLT3	amikacin	aminoglycoside	No resistance	0	
118Cim-CMPN001x31_260114_LH00793_B23GCKKLT3	isepamicin	aminoglycoside	No resistance	0	
118Cim-CMPN001x31_260114_LH00793_B23GCKKLT3	dibekacin	aminoglycoside	No resistance	0	
118Cim-CMPN001x31_260114_LH00793_B23GCKKLT3	kanamycin	aminoglycoside	No resistance	0	
118Cim-CMPN001x31_260114_LH00793_B23GCKKLT3	neomycin	aminoglycoside	No resistance	0	
118Cim-CMPN001x31_260114_LH00793_B23GCKKLT3	lividomycin	aminoglycoside	No resistance	0	
118Cim-CMPN001x31_260114_LH00793_B23GCKKLT3	paromomycin	aminoglycoside	No resistance	0	
118Cim-CMPN001x31_260114_LH00793_B23GCKKLT3	ribostamycin	aminoglycoside	No resistance	0	
118Cim-CMPN001x31_260114_LH00793_B23GCKKLT3	unknown aminoglycoside	aminoglycoside	No resistance	0	
118Cim-CMPN001x31_260114_LH00793_B23GCKKLT3	butiromycin	aminoglycoside	No resistance	0	
118Cim-CMPN001x31_260114_LH00793_B23GCKKLT3	butirosin	aminoglycoside	No resistance	0	
118Cim-CMPN001x31_260114_LH00793_B23GCKKLT3	hygromycin	aminoglycoside	No resistance	0	
118Cim-CMPN001x31_260114_LH00793_B23GCKKLT3	netilmicin	aminoglycoside	No resistance	0	
118Cim-CMPN001x31_260114_LH00793_B23GCKKLT3	apramycin	aminoglycoside	No resistance	0	
118Cim-CMPN001x31_260114_LH00793_B23GCKKLT3	sisomicin	aminoglycoside	No resistance	0	
118Cim-CMPN001x31_260114_LH00793_B23GCKKLT3	arbekacin	aminoglycoside	No resistance	0	
118Cim-CMPN001x31_260114_LH00793_B23GCKKLT3	kasugamycin	aminoglycoside	No resistance	0	
118Cim-CMPN001x31_260114_LH00793_B23GCKKLT3	astromicin	aminoglycoside	No resistance	0	
118Cim-CMPN001x31_260114_LH00793_B23GCKKLT3	fortimicin	aminoglycoside	No resistance	0	
118Cim-CMPN001x31_260114_LH00793_B23GCKKLT3	spectinomycin	aminocyclitol	No resistance	0	
118Cim-CMPN001x31_260114_LH00793_B23GCKKLT3	fluoroquinolone	quinolone	No resistance	0	
118Cim-CMPN001x31_260114_LH00793_B23GCKKLT3	ciprofloxacin	quinolone	No resistance	0	
118Cim-CMPN001x31_260114_LH00793_B23GCKKLT3	unknown quinolone	quinolone	No resistance	0	
118Cim-CMPN001x31_260114_LH00793_B23GCKKLT3	nalidixic acid	quinolone	No resistance	0	
118Cim-CMPN001x31_260114_LH00793_B23GCKKLT3	amoxicillin	beta-lactam	No resistance	0	
118Cim-CMPN001x31_260114_LH00793_B23GCKKLT3	amoxicillin+clavulanic acid	beta-lactam	No resistance	0	
118Cim-CMPN001x31_260114_LH00793_B23GCKKLT3	ampicillin	beta-lactam	No resistance	0	
118Cim-CMPN001x31_260114_LH00793_B23GCKKLT3	ampicillin+clavulanic acid	beta-lactam	No resistance	0	
118Cim-CMPN001x31_260114_LH00793_B23GCKKLT3	cefepime	beta-lactam	No resistance	0	
118Cim-CMPN001x31_260114_LH00793_B23GCKKLT3	cefixime	beta-lactam	No resistance	0	
118Cim-CMPN001x31_260114_LH00793_B23GCKKLT3	cefotaxime	beta-lactam	No resistance	0	
118Cim-CMPN001x31_260114_LH00793_B23GCKKLT3	cefoxitin	beta-lactam	No resistance	0	
118Cim-CMPN001x31_260114_LH00793_B23GCKKLT3	ceftazidime	beta-lactam	No resistance	0	
118Cim-CMPN001x31_260114_LH00793_B23GCKKLT3	ertapenem	beta-lactam	No resistance	0	
118Cim-CMPN001x31_260114_LH00793_B23GCKKLT3	imipenem	beta-lactam	No resistance	0	
118Cim-CMPN001x31_260114_LH00793_B23GCKKLT3	meropenem	beta-lactam	No resistance	0	
118Cim-CMPN001x31_260114_LH00793_B23GCKKLT3	piperacillin	beta-lactam	No resistance	0	
118Cim-CMPN001x31_260114_LH00793_B23GCKKLT3	piperacillin+tazobactam	beta-lactam	No resistance	0	
118Cim-CMPN001x31_260114_LH00793_B23GCKKLT3	unknown beta-lactam	beta-lactam	No resistance	0	
118Cim-CMPN001x31_260114_LH00793_B23GCKKLT3	aztreonam	beta-lactam	No resistance	0	
118Cim-CMPN001x31_260114_LH00793_B23GCKKLT3	cefotaxime+clavulanic acid	beta-lactam	No resistance	0	
118Cim-CMPN001x31_260114_LH00793_B23GCKKLT3	temocillin	beta-lactam	No resistance	0	
118Cim-CMPN001x31_260114_LH00793_B23GCKKLT3	ticarcillin	beta-lactam	No resistance	0	
118Cim-CMPN001x31_260114_LH00793_B23GCKKLT3	ceftazidime+avibactam	beta-lactam	No resistance	0	
118Cim-CMPN001x31_260114_LH00793_B23GCKKLT3	penicillin	beta-lactam	No resistance	0	
118Cim-CMPN001x31_260114_LH00793_B23GCKKLT3	ceftriaxone	beta-lactam	No resistance	0	
118Cim-CMPN001x31_260114_LH00793_B23GCKKLT3	ticarcillin+clavulanic acid	beta-lactam	No resistance	0	
118Cim-CMPN001x31_260114_LH00793_B23GCKKLT3	cephalothin	beta-lactam	No resistance	0	
118Cim-CMPN001x31_260114_LH00793_B23GCKKLT3	piperacillin+clavulanic acid	beta-lactam	No resistance	0	
118Cim-CMPN001x31_260114_LH00793_B23GCKKLT3	ceftiofur	under_development	No resistance	0	
118Cim-CMPN001x31_260114_LH00793_B23GCKKLT3	sulfamethoxazole	folate pathway antagonist	No resistance	0	
118Cim-CMPN001x31_260114_LH00793_B23GCKKLT3	trimethoprim	folate pathway antagonist	No resistance	0	
118Cim-CMPN001x31_260114_LH00793_B23GCKKLT3	fosfomycin	fosfomycin	No resistance	0	
118Cim-CMPN001x31_260114_LH00793_B23GCKKLT3	vancomycin	glycopeptide	No resistance	0	
118Cim-CMPN001x31_260114_LH00793_B23GCKKLT3	teicoplanin	glycopeptide	No resistance	0	
118Cim-CMPN001x31_260114_LH00793_B23GCKKLT3	bleomycin	glycopeptide	No resistance	0	
118Cim-CMPN001x31_260114_LH00793_B23GCKKLT3	lincomycin	lincosamide	Resistant	3	erm(B) (erm(B)_U86375)
118Cim-CMPN001x31_260114_LH00793_B23GCKKLT3	clindamycin	lincosamide	Resistant	3	erm(B) (erm(B)_U86375)
118Cim-CMPN001x31_260114_LH00793_B23GCKKLT3	dalfopristin	streptogramin a	No resistance	0	
118Cim-CMPN001x31_260114_LH00793_B23GCKKLT3	pristinamycin iia	streptogramin a	No resistance	0	
118Cim-CMPN001x31_260114_LH00793_B23GCKKLT3	virginiamycin m	streptogramin a	No resistance	0	
118Cim-CMPN001x31_260114_LH00793_B23GCKKLT3	quinupristin+dalfopristin	streptogramin a	No resistance	0	
118Cim-CMPN001x31_260114_LH00793_B23GCKKLT3	tiamulin	pleuromutilin	No resistance	0	
118Cim-CMPN001x31_260114_LH00793_B23GCKKLT3	carbomycin	macrolide	No resistance	0	
118Cim-CMPN001x31_260114_LH00793_B23GCKKLT3	erythromycin	macrolide	Resistant	3	erm(B) (erm(B)_U86375)
118Cim-CMPN001x31_260114_LH00793_B23GCKKLT3	azithromycin	macrolide	No resistance	0	
118Cim-CMPN001x31_260114_LH00793_B23GCKKLT3	oleandomycin	macrolide	No resistance	0	
118Cim-CMPN001x31_260114_LH00793_B23GCKKLT3	spiramycin	macrolide	No resistance	0	
118Cim-CMPN001x31_260114_LH00793_B23GCKKLT3	tylosin	macrolide	No resistance	0	
118Cim-CMPN001x31_260114_LH00793_B23GCKKLT3	telithromycin	macrolide	No resistance	0	
118Cim-CMPN001x31_260114_LH00793_B23GCKKLT3	tetracycline	tetracycline	Resistant	2	tet(M) (tet(M)_X92947)
118Cim-CMPN001x31_260114_LH00793_B23GCKKLT3	doxycycline	tetracycline	Resistant	2	tet(M) (tet(M)_X92947)
118Cim-CMPN001x31_260114_LH00793_B23GCKKLT3	minocycline	tetracycline	Resistant	2	tet(M) (tet(M)_X92947)
118Cim-CMPN001x31_260114_LH00793_B23GCKKLT3	tigecycline	tetracycline	No resistance	0	
118Cim-CMPN001x31_260114_LH00793_B23GCKKLT3	quinupristin	streptogramin b	Resistant	3	erm(B) (erm(B)_U86375)
118Cim-CMPN001x31_260114_LH00793_B23GCKKLT3	pristinamycin ia	streptogramin b	Resistant	3	erm(B) (erm(B)_U86375)
118Cim-CMPN001x31_260114_LH00793_B23GCKKLT3	virginiamycin s	streptogramin b	Resistant	3	erm(B) (erm(B)_U86375)
118Cim-CMPN001x31_260114_LH00793_B23GCKKLT3	linezolid	oxazolidinone	No resistance	0	
118Cim-CMPN001x31_260114_LH00793_B23GCKKLT3	chloramphenicol	amphenicol	No resistance	0	
118Cim-CMPN001x31_260114_LH00793_B23GCKKLT3	florfenicol	amphenicol	No resistance	0	
118Cim-CMPN001x31_260114_LH00793_B23GCKKLT3	colistin	polymyxin	No resistance	0	
118Cim-CMPN001x31_260114_LH00793_B23GCKKLT3	fusidic acid	steroid antibacterial	No resistance	0	
118Cim-CMPN001x31_260114_LH00793_B23GCKKLT3	mupirocin	pseudomonic acid	No resistance	0	
118Cim-CMPN001x31_260114_LH00793_B23GCKKLT3	rifampicin	rifamycin	No resistance	0	
118Cim-CMPN001x31_260114_LH00793_B23GCKKLT3	metronidazole	nitroimidazole	No resistance	0	
118Cim-CMPN001x31_260114_LH00793_B23GCKKLT3	narasin	ionophores	No resistance	0	
118Cim-CMPN001x31_260114_LH00793_B23GCKKLT3	salinomycin	ionophores	No resistance	0	
118Cim-CMPN001x31_260114_LH00793_B23GCKKLT3	maduramicin	ionophores	No resistance	0	
118Pim-CMPN001x45_260114_LH00793_B23GCKKLT3	gentamicin	aminoglycoside	No resistance	0	
118Pim-CMPN001x45_260114_LH00793_B23GCKKLT3	tobramycin	aminoglycoside	No resistance	0	
118Pim-CMPN001x45_260114_LH00793_B23GCKKLT3	streptomycin	aminoglycoside	No resistance	0	
118Pim-CMPN001x45_260114_LH00793_B23GCKKLT3	amikacin	aminoglycoside	No resistance	0	
118Pim-CMPN001x45_260114_LH00793_B23GCKKLT3	isepamicin	aminoglycoside	No resistance	0	
118Pim-CMPN001x45_260114_LH00793_B23GCKKLT3	dibekacin	aminoglycoside	No resistance	0	
118Pim-CMPN001x45_260114_LH00793_B23GCKKLT3	kanamycin	aminoglycoside	No resistance	0	
118Pim-CMPN001x45_260114_LH00793_B23GCKKLT3	neomycin	aminoglycoside	No resistance	0	
118Pim-CMPN001x45_260114_LH00793_B23GCKKLT3	lividomycin	aminoglycoside	No resistance	0	
118Pim-CMPN001x45_260114_LH00793_B23GCKKLT3	paromomycin	aminoglycoside	No resistance	0	
118Pim-CMPN001x45_260114_LH00793_B23GCKKLT3	ribostamycin	aminoglycoside	No resistance	0	
118Pim-CMPN001x45_260114_LH00793_B23GCKKLT3	unknown aminoglycoside	aminoglycoside	No resistance	0	
118Pim-CMPN001x45_260114_LH00793_B23GCKKLT3	butiromycin	aminoglycoside	No resistance	0	
118Pim-CMPN001x45_260114_LH00793_B23GCKKLT3	butirosin	aminoglycoside	No resistance	0	
118Pim-CMPN001x45_260114_LH00793_B23GCKKLT3	hygromycin	aminoglycoside	No resistance	0	
118Pim-CMPN001x45_260114_LH00793_B23GCKKLT3	netilmicin	aminoglycoside	No resistance	0	
118Pim-CMPN001x45_260114_LH00793_B23GCKKLT3	apramycin	aminoglycoside	No resistance	0	
118Pim-CMPN001x45_260114_LH00793_B23GCKKLT3	sisomicin	aminoglycoside	No resistance	0	
118Pim-CMPN001x45_260114_LH00793_B23GCKKLT3	arbekacin	aminoglycoside	No resistance	0	
118Pim-CMPN001x45_260114_LH00793_B23GCKKLT3	kasugamycin	aminoglycoside	No resistance	0	
118Pim-CMPN001x45_260114_LH00793_B23GCKKLT3	astromicin	aminoglycoside	No resistance	0	
118Pim-CMPN001x45_260114_LH00793_B23GCKKLT3	fortimicin	aminoglycoside	No resistance	0	
118Pim-CMPN001x45_260114_LH00793_B23GCKKLT3	spectinomycin	aminocyclitol	No resistance	0	
118Pim-CMPN001x45_260114_LH00793_B23GCKKLT3	fluoroquinolone	quinolone	No resistance	0	
118Pim-CMPN001x45_260114_LH00793_B23GCKKLT3	ciprofloxacin	quinolone	No resistance	0	
118Pim-CMPN001x45_260114_LH00793_B23GCKKLT3	unknown quinolone	quinolone	No resistance	0	
118Pim-CMPN001x45_260114_LH00793_B23GCKKLT3	nalidixic acid	quinolone	No resistance	0	
118Pim-CMPN001x45_260114_LH00793_B23GCKKLT3	amoxicillin	beta-lactam	No resistance	0	
118Pim-CMPN001x45_260114_LH00793_B23GCKKLT3	amoxicillin+clavulanic acid	beta-lactam	No resistance	0	
118Pim-CMPN001x45_260114_LH00793_B23GCKKLT3	ampicillin	beta-lactam	No resistance	0	
118Pim-CMPN001x45_260114_LH00793_B23GCKKLT3	ampicillin+clavulanic acid	beta-lactam	No resistance	0	
118Pim-CMPN001x45_260114_LH00793_B23GCKKLT3	cefepime	beta-lactam	No resistance	0	
118Pim-CMPN001x45_260114_LH00793_B23GCKKLT3	cefixime	beta-lactam	No resistance	0	
118Pim-CMPN001x45_260114_LH00793_B23GCKKLT3	cefotaxime	beta-lactam	No resistance	0	
118Pim-CMPN001x45_260114_LH00793_B23GCKKLT3	cefoxitin	beta-lactam	No resistance	0	
118Pim-CMPN001x45_260114_LH00793_B23GCKKLT3	ceftazidime	beta-lactam	No resistance	0	
118Pim-CMPN001x45_260114_LH00793_B23GCKKLT3	ertapenem	beta-lactam	No resistance	0	
118Pim-CMPN001x45_260114_LH00793_B23GCKKLT3	imipenem	beta-lactam	No resistance	0	
118Pim-CMPN001x45_260114_LH00793_B23GCKKLT3	meropenem	beta-lactam	No resistance	0	
118Pim-CMPN001x45_260114_LH00793_B23GCKKLT3	piperacillin	beta-lactam	No resistance	0	
118Pim-CMPN001x45_260114_LH00793_B23GCKKLT3	piperacillin+tazobactam	beta-lactam	No resistance	0	
118Pim-CMPN001x45_260114_LH00793_B23GCKKLT3	unknown beta-lactam	beta-lactam	No resistance	0	
118Pim-CMPN001x45_260114_LH00793_B23GCKKLT3	aztreonam	beta-lactam	No resistance	0	
118Pim-CMPN001x45_260114_LH00793_B23GCKKLT3	cefotaxime+clavulanic acid	beta-lactam	No resistance	0	
118Pim-CMPN001x45_260114_LH00793_B23GCKKLT3	temocillin	beta-lactam	No resistance	0	
118Pim-CMPN001x45_260114_LH00793_B23GCKKLT3	ticarcillin	beta-lactam	No resistance	0	
118Pim-CMPN001x45_260114_LH00793_B23GCKKLT3	ceftazidime+avibactam	beta-lactam	No resistance	0	
118Pim-CMPN001x45_260114_LH00793_B23GCKKLT3	penicillin	beta-lactam	No resistance	0	
118Pim-CMPN001x45_260114_LH00793_B23GCKKLT3	ceftriaxone	beta-lactam	No resistance	0	
118Pim-CMPN001x45_260114_LH00793_B23GCKKLT3	ticarcillin+clavulanic acid	beta-lactam	No resistance	0	
118Pim-CMPN001x45_260114_LH00793_B23GCKKLT3	cephalothin	beta-lactam	No resistance	0	
118Pim-CMPN001x45_260114_LH00793_B23GCKKLT3	piperacillin+clavulanic acid	beta-lactam	No resistance	0	
118Pim-CMPN001x45_260114_LH00793_B23GCKKLT3	ceftiofur	under_development	No resistance	0	
118Pim-CMPN001x45_260114_LH00793_B23GCKKLT3	sulfamethoxazole	folate pathway antagonist	No resistance	0	
118Pim-CMPN001x45_260114_LH00793_B23GCKKLT3	trimethoprim	folate pathway antagonist	No resistance	0	
118Pim-CMPN001x45_260114_LH00793_B23GCKKLT3	fosfomycin	fosfomycin	No resistance	0	
118Pim-CMPN001x45_260114_LH00793_B23GCKKLT3	vancomycin	glycopeptide	No resistance	0	
118Pim-CMPN001x45_260114_LH00793_B23GCKKLT3	teicoplanin	glycopeptide	No resistance	0	
118Pim-CMPN001x45_260114_LH00793_B23GCKKLT3	bleomycin	glycopeptide	No resistance	0	
118Pim-CMPN001x45_260114_LH00793_B23GCKKLT3	lincomycin	lincosamide	Resistant	3	erm(B) (erm(B)_U86375)
118Pim-CMPN001x45_260114_LH00793_B23GCKKLT3	clindamycin	lincosamide	Resistant	3	erm(B) (erm(B)_U86375)
118Pim-CMPN001x45_260114_LH00793_B23GCKKLT3	dalfopristin	streptogramin a	No resistance	0	
118Pim-CMPN001x45_260114_LH00793_B23GCKKLT3	pristinamycin iia	streptogramin a	No resistance	0	
118Pim-CMPN001x45_260114_LH00793_B23GCKKLT3	virginiamycin m	streptogramin a	No resistance	0	
118Pim-CMPN001x45_260114_LH00793_B23GCKKLT3	quinupristin+dalfopristin	streptogramin a	No resistance	0	
118Pim-CMPN001x45_260114_LH00793_B23GCKKLT3	tiamulin	pleuromutilin	No resistance	0	
118Pim-CMPN001x45_260114_LH00793_B23GCKKLT3	carbomycin	macrolide	No resistance	0	
118Pim-CMPN001x45_260114_LH00793_B23GCKKLT3	erythromycin	macrolide	Resistant	3	msr(D) (msr(D)_AF274302), mef(A) (mef(A)_U83667), erm(B) (erm(B)_U86375)
118Pim-CMPN001x45_260114_LH00793_B23GCKKLT3	azithromycin	macrolide	Resistant	3	msr(D) (msr(D)_AF274302), mef(A) (mef(A)_U83667)
118Pim-CMPN001x45_260114_LH00793_B23GCKKLT3	oleandomycin	macrolide	No resistance	0	
118Pim-CMPN001x45_260114_LH00793_B23GCKKLT3	spiramycin	macrolide	No resistance	0	
118Pim-CMPN001x45_260114_LH00793_B23GCKKLT3	tylosin	macrolide	No resistance	0	
118Pim-CMPN001x45_260114_LH00793_B23GCKKLT3	telithromycin	macrolide	Resistant	3	msr(D) (msr(D)_AF274302)
118Pim-CMPN001x45_260114_LH00793_B23GCKKLT3	tetracycline	tetracycline	Resistant	2	tet(M) (tet(M)_X92947)
118Pim-CMPN001x45_260114_LH00793_B23GCKKLT3	doxycycline	tetracycline	Resistant	2	tet(M) (tet(M)_X92947)
118Pim-CMPN001x45_260114_LH00793_B23GCKKLT3	minocycline	tetracycline	Resistant	2	tet(M) (tet(M)_X92947)
118Pim-CMPN001x45_260114_LH00793_B23GCKKLT3	tigecycline	tetracycline	No resistance	0	
118Pim-CMPN001x45_260114_LH00793_B23GCKKLT3	quinupristin	streptogramin b	Resistant	3	msr(D) (msr(D)_AF274302), erm(B) (erm(B)_U86375)
118Pim-CMPN001x45_260114_LH00793_B23GCKKLT3	pristinamycin ia	streptogramin b	Resistant	3	msr(D) (msr(D)_AF274302), erm(B) (erm(B)_U86375)
118Pim-CMPN001x45_260114_LH00793_B23GCKKLT3	virginiamycin s	streptogramin b	Resistant	3	msr(D) (msr(D)_AF274302), erm(B) (erm(B)_U86375)
118Pim-CMPN001x45_260114_LH00793_B23GCKKLT3	linezolid	oxazolidinone	No resistance	0	
118Pim-CMPN001x45_260114_LH00793_B23GCKKLT3	chloramphenicol	amphenicol	No resistance	0	
118Pim-CMPN001x45_260114_LH00793_B23GCKKLT3	florfenicol	amphenicol	No resistance	0	
118Pim-CMPN001x45_260114_LH00793_B23GCKKLT3	colistin	polymyxin	No resistance	0	
118Pim-CMPN001x45_260114_LH00793_B23GCKKLT3	fusidic acid	steroid antibacterial	No resistance	0	
118Pim-CMPN001x45_260114_LH00793_B23GCKKLT3	mupirocin	pseudomonic acid	No resistance	0	
118Pim-CMPN001x45_260114_LH00793_B23GCKKLT3	rifampicin	rifamycin	No resistance	0	
118Pim-CMPN001x45_260114_LH00793_B23GCKKLT3	metronidazole	nitroimidazole	No resistance	0	
118Pim-CMPN001x45_260114_LH00793_B23GCKKLT3	narasin	ionophores	No resistance	0	
118Pim-CMPN001x45_260114_LH00793_B23GCKKLT3	salinomycin	ionophores	No resistance	0	
118Pim-CMPN001x45_260114_LH00793_B23GCKKLT3	maduramicin	ionophores	No resistance	0	
118Pp-CMPN001x46_260114_LH00793_B23GCKKLT3	gentamicin	aminoglycoside	No resistance	0	
118Pp-CMPN001x46_260114_LH00793_B23GCKKLT3	tobramycin	aminoglycoside	No resistance	0	
118Pp-CMPN001x46_260114_LH00793_B23GCKKLT3	streptomycin	aminoglycoside	No resistance	0	
118Pp-CMPN001x46_260114_LH00793_B23GCKKLT3	amikacin	aminoglycoside	No resistance	0	
118Pp-CMPN001x46_260114_LH00793_B23GCKKLT3	isepamicin	aminoglycoside	No resistance	0	
118Pp-CMPN001x46_260114_LH00793_B23GCKKLT3	dibekacin	aminoglycoside	No resistance	0	
118Pp-CMPN001x46_260114_LH00793_B23GCKKLT3	kanamycin	aminoglycoside	No resistance	0	
118Pp-CMPN001x46_260114_LH00793_B23GCKKLT3	neomycin	aminoglycoside	No resistance	0	
118Pp-CMPN001x46_260114_LH00793_B23GCKKLT3	lividomycin	aminoglycoside	No resistance	0	
118Pp-CMPN001x46_260114_LH00793_B23GCKKLT3	paromomycin	aminoglycoside	No resistance	0	
118Pp-CMPN001x46_260114_LH00793_B23GCKKLT3	ribostamycin	aminoglycoside	No resistance	0	
118Pp-CMPN001x46_260114_LH00793_B23GCKKLT3	unknown aminoglycoside	aminoglycoside	No resistance	0	
118Pp-CMPN001x46_260114_LH00793_B23GCKKLT3	butiromycin	aminoglycoside	No resistance	0	
118Pp-CMPN001x46_260114_LH00793_B23GCKKLT3	butirosin	aminoglycoside	No resistance	0	
118Pp-CMPN001x46_260114_LH00793_B23GCKKLT3	hygromycin	aminoglycoside	No resistance	0	
118Pp-CMPN001x46_260114_LH00793_B23GCKKLT3	netilmicin	aminoglycoside	No resistance	0	
118Pp-CMPN001x46_260114_LH00793_B23GCKKLT3	apramycin	aminoglycoside	No resistance	0	
118Pp-CMPN001x46_260114_LH00793_B23GCKKLT3	sisomicin	aminoglycoside	No resistance	0	
118Pp-CMPN001x46_260114_LH00793_B23GCKKLT3	arbekacin	aminoglycoside	No resistance	0	
118Pp-CMPN001x46_260114_LH00793_B23GCKKLT3	kasugamycin	aminoglycoside	No resistance	0	
118Pp-CMPN001x46_260114_LH00793_B23GCKKLT3	astromicin	aminoglycoside	No resistance	0	
118Pp-CMPN001x46_260114_LH00793_B23GCKKLT3	fortimicin	aminoglycoside	No resistance	0	
118Pp-CMPN001x46_260114_LH00793_B23GCKKLT3	spectinomycin	aminocyclitol	No resistance	0	
118Pp-CMPN001x46_260114_LH00793_B23GCKKLT3	fluoroquinolone	quinolone	No resistance	0	
118Pp-CMPN001x46_260114_LH00793_B23GCKKLT3	ciprofloxacin	quinolone	No resistance	0	
118Pp-CMPN001x46_260114_LH00793_B23GCKKLT3	unknown quinolone	quinolone	No resistance	0	
118Pp-CMPN001x46_260114_LH00793_B23GCKKLT3	nalidixic acid	quinolone	No resistance	0	
118Pp-CMPN001x46_260114_LH00793_B23GCKKLT3	amoxicillin	beta-lactam	No resistance	0	
118Pp-CMPN001x46_260114_LH00793_B23GCKKLT3	amoxicillin+clavulanic acid	beta-lactam	No resistance	0	
118Pp-CMPN001x46_260114_LH00793_B23GCKKLT3	ampicillin	beta-lactam	No resistance	0	
118Pp-CMPN001x46_260114_LH00793_B23GCKKLT3	ampicillin+clavulanic acid	beta-lactam	No resistance	0	
118Pp-CMPN001x46_260114_LH00793_B23GCKKLT3	cefepime	beta-lactam	No resistance	0	
118Pp-CMPN001x46_260114_LH00793_B23GCKKLT3	cefixime	beta-lactam	No resistance	0	
118Pp-CMPN001x46_260114_LH00793_B23GCKKLT3	cefotaxime	beta-lactam	No resistance	0	
118Pp-CMPN001x46_260114_LH00793_B23GCKKLT3	cefoxitin	beta-lactam	No resistance	0	
118Pp-CMPN001x46_260114_LH00793_B23GCKKLT3	ceftazidime	beta-lactam	No resistance	0	
118Pp-CMPN001x46_260114_LH00793_B23GCKKLT3	ertapenem	beta-lactam	No resistance	0	
118Pp-CMPN001x46_260114_LH00793_B23GCKKLT3	imipenem	beta-lactam	No resistance	0	
118Pp-CMPN001x46_260114_LH00793_B23GCKKLT3	meropenem	beta-lactam	No resistance	0	
118Pp-CMPN001x46_260114_LH00793_B23GCKKLT3	piperacillin	beta-lactam	No resistance	0	
118Pp-CMPN001x46_260114_LH00793_B23GCKKLT3	piperacillin+tazobactam	beta-lactam	No resistance	0	
118Pp-CMPN001x46_260114_LH00793_B23GCKKLT3	unknown beta-lactam	beta-lactam	No resistance	0	
118Pp-CMPN001x46_260114_LH00793_B23GCKKLT3	aztreonam	beta-lactam	No resistance	0	
118Pp-CMPN001x46_260114_LH00793_B23GCKKLT3	cefotaxime+clavulanic acid	beta-lactam	No resistance	0	
118Pp-CMPN001x46_260114_LH00793_B23GCKKLT3	temocillin	beta-lactam	No resistance	0	
118Pp-CMPN001x46_260114_LH00793_B23GCKKLT3	ticarcillin	beta-lactam	No resistance	0	
118Pp-CMPN001x46_260114_LH00793_B23GCKKLT3	ceftazidime+avibactam	beta-lactam	No resistance	0	
118Pp-CMPN001x46_260114_LH00793_B23GCKKLT3	penicillin	beta-lactam	No resistance	0	
118Pp-CMPN001x46_260114_LH00793_B23GCKKLT3	ceftriaxone	beta-lactam	No resistance	0	
118Pp-CMPN001x46_260114_LH00793_B23GCKKLT3	ticarcillin+clavulanic acid	beta-lactam	No resistance	0	
118Pp-CMPN001x46_260114_LH00793_B23GCKKLT3	cephalothin	beta-lactam	No resistance	0	
118Pp-CMPN001x46_260114_LH00793_B23GCKKLT3	piperacillin+clavulanic acid	beta-lactam	No resistance	0	
118Pp-CMPN001x46_260114_LH00793_B23GCKKLT3	ceftiofur	under_development	No resistance	0	
118Pp-CMPN001x46_260114_LH00793_B23GCKKLT3	sulfamethoxazole	folate pathway antagonist	No resistance	0	
118Pp-CMPN001x46_260114_LH00793_B23GCKKLT3	trimethoprim	folate pathway antagonist	No resistance	0	
118Pp-CMPN001x46_260114_LH00793_B23GCKKLT3	fosfomycin	fosfomycin	No resistance	0	
118Pp-CMPN001x46_260114_LH00793_B23GCKKLT3	vancomycin	glycopeptide	No resistance	0	
118Pp-CMPN001x46_260114_LH00793_B23GCKKLT3	teicoplanin	glycopeptide	No resistance	0	
118Pp-CMPN001x46_260114_LH00793_B23GCKKLT3	bleomycin	glycopeptide	No resistance	0	
118Pp-CMPN001x46_260114_LH00793_B23GCKKLT3	lincomycin	lincosamide	No resistance	0	
118Pp-CMPN001x46_260114_LH00793_B23GCKKLT3	clindamycin	lincosamide	No resistance	0	
118Pp-CMPN001x46_260114_LH00793_B23GCKKLT3	dalfopristin	streptogramin a	No resistance	0	
118Pp-CMPN001x46_260114_LH00793_B23GCKKLT3	pristinamycin iia	streptogramin a	No resistance	0	
118Pp-CMPN001x46_260114_LH00793_B23GCKKLT3	virginiamycin m	streptogramin a	No resistance	0	
118Pp-CMPN001x46_260114_LH00793_B23GCKKLT3	quinupristin+dalfopristin	streptogramin a	No resistance	0	
118Pp-CMPN001x46_260114_LH00793_B23GCKKLT3	tiamulin	pleuromutilin	No resistance	0	
118Pp-CMPN001x46_260114_LH00793_B23GCKKLT3	carbomycin	macrolide	No resistance	0	
118Pp-CMPN001x46_260114_LH00793_B23GCKKLT3	erythromycin	macrolide	Resistant	3	msr(D) (msr(D)_AF274302), mef(A) (mef(A)_U83667)
118Pp-CMPN001x46_260114_LH00793_B23GCKKLT3	azithromycin	macrolide	Resistant	3	msr(D) (msr(D)_AF274302), mef(A) (mef(A)_U83667)
118Pp-CMPN001x46_260114_LH00793_B23GCKKLT3	oleandomycin	macrolide	No resistance	0	
118Pp-CMPN001x46_260114_LH00793_B23GCKKLT3	spiramycin	macrolide	No resistance	0	
118Pp-CMPN001x46_260114_LH00793_B23GCKKLT3	tylosin	macrolide	No resistance	0	
118Pp-CMPN001x46_260114_LH00793_B23GCKKLT3	telithromycin	macrolide	Resistant	3	msr(D) (msr(D)_AF274302)
118Pp-CMPN001x46_260114_LH00793_B23GCKKLT3	tetracycline	tetracycline	Resistant	2	tet(M) (tet(M)_X75073), tetA(46) (tetA(46)_HQ652506), tetB(46) (tetB(46)_HQ652506)
118Pp-CMPN001x46_260114_LH00793_B23GCKKLT3	doxycycline	tetracycline	Resistant	2	tet(M) (tet(M)_X75073), tetA(46) (tetA(46)_HQ652506), tetB(46) (tetB(46)_HQ652506)
118Pp-CMPN001x46_260114_LH00793_B23GCKKLT3	minocycline	tetracycline	Resistant	2	tet(M) (tet(M)_X75073)
118Pp-CMPN001x46_260114_LH00793_B23GCKKLT3	tigecycline	tetracycline	Resistant	2	tetA(46) (tetA(46)_HQ652506), tetB(46) (tetB(46)_HQ652506)
118Pp-CMPN001x46_260114_LH00793_B23GCKKLT3	quinupristin	streptogramin b	Resistant	3	msr(D) (msr(D)_AF274302)
118Pp-CMPN001x46_260114_LH00793_B23GCKKLT3	pristinamycin ia	streptogramin b	Resistant	3	msr(D) (msr(D)_AF274302)
118Pp-CMPN001x46_260114_LH00793_B23GCKKLT3	virginiamycin s	streptogramin b	Resistant	3	msr(D) (msr(D)_AF274302)
118Pp-CMPN001x46_260114_LH00793_B23GCKKLT3	linezolid	oxazolidinone	No resistance	0	
118Pp-CMPN001x46_260114_LH00793_B23GCKKLT3	chloramphenicol	amphenicol	No resistance	0	
118Pp-CMPN001x46_260114_LH00793_B23GCKKLT3	florfenicol	amphenicol	No resistance	0	
118Pp-CMPN001x46_260114_LH00793_B23GCKKLT3	colistin	polymyxin	No resistance	0	
118Pp-CMPN001x46_260114_LH00793_B23GCKKLT3	fusidic acid	steroid antibacterial	No resistance	0	
118Pp-CMPN001x46_260114_LH00793_B23GCKKLT3	mupirocin	pseudomonic acid	No resistance	0	
118Pp-CMPN001x46_260114_LH00793_B23GCKKLT3	rifampicin	rifamycin	No resistance	0	
118Pp-CMPN001x46_260114_LH00793_B23GCKKLT3	metronidazole	nitroimidazole	No resistance	0	
118Pp-CMPN001x46_260114_LH00793_B23GCKKLT3	narasin	ionophores	No resistance	0	
118Pp-CMPN001x46_260114_LH00793_B23GCKKLT3	salinomycin	ionophores	No resistance	0	
118Pp-CMPN001x46_260114_LH00793_B23GCKKLT3	maduramicin	ionophores	No resistance	0	
120Cs-CMPN001x32_260114_LH00793_B23GCKKLT3	gentamicin	aminoglycoside	No resistance	0	
120Cs-CMPN001x32_260114_LH00793_B23GCKKLT3	tobramycin	aminoglycoside	No resistance	0	
120Cs-CMPN001x32_260114_LH00793_B23GCKKLT3	streptomycin	aminoglycoside	No resistance	0	
120Cs-CMPN001x32_260114_LH00793_B23GCKKLT3	amikacin	aminoglycoside	No resistance	0	
120Cs-CMPN001x32_260114_LH00793_B23GCKKLT3	isepamicin	aminoglycoside	No resistance	0	
120Cs-CMPN001x32_260114_LH00793_B23GCKKLT3	dibekacin	aminoglycoside	No resistance	0	
120Cs-CMPN001x32_260114_LH00793_B23GCKKLT3	kanamycin	aminoglycoside	No resistance	0	
120Cs-CMPN001x32_260114_LH00793_B23GCKKLT3	neomycin	aminoglycoside	No resistance	0	
120Cs-CMPN001x32_260114_LH00793_B23GCKKLT3	lividomycin	aminoglycoside	No resistance	0	
120Cs-CMPN001x32_260114_LH00793_B23GCKKLT3	paromomycin	aminoglycoside	No resistance	0	
120Cs-CMPN001x32_260114_LH00793_B23GCKKLT3	ribostamycin	aminoglycoside	No resistance	0	
120Cs-CMPN001x32_260114_LH00793_B23GCKKLT3	unknown aminoglycoside	aminoglycoside	No resistance	0	
120Cs-CMPN001x32_260114_LH00793_B23GCKKLT3	butiromycin	aminoglycoside	No resistance	0	
120Cs-CMPN001x32_260114_LH00793_B23GCKKLT3	butirosin	aminoglycoside	No resistance	0	
120Cs-CMPN001x32_260114_LH00793_B23GCKKLT3	hygromycin	aminoglycoside	No resistance	0	
120Cs-CMPN001x32_260114_LH00793_B23GCKKLT3	netilmicin	aminoglycoside	No resistance	0	
120Cs-CMPN001x32_260114_LH00793_B23GCKKLT3	apramycin	aminoglycoside	No resistance	0	
120Cs-CMPN001x32_260114_LH00793_B23GCKKLT3	sisomicin	aminoglycoside	No resistance	0	
120Cs-CMPN001x32_260114_LH00793_B23GCKKLT3	arbekacin	aminoglycoside	No resistance	0	
120Cs-CMPN001x32_260114_LH00793_B23GCKKLT3	kasugamycin	aminoglycoside	No resistance	0	
120Cs-CMPN001x32_260114_LH00793_B23GCKKLT3	astromicin	aminoglycoside	No resistance	0	
120Cs-CMPN001x32_260114_LH00793_B23GCKKLT3	fortimicin	aminoglycoside	No resistance	0	
120Cs-CMPN001x32_260114_LH00793_B23GCKKLT3	spectinomycin	aminocyclitol	No resistance	0	
120Cs-CMPN001x32_260114_LH00793_B23GCKKLT3	fluoroquinolone	quinolone	No resistance	0	
120Cs-CMPN001x32_260114_LH00793_B23GCKKLT3	ciprofloxacin	quinolone	No resistance	0	
120Cs-CMPN001x32_260114_LH00793_B23GCKKLT3	unknown quinolone	quinolone	No resistance	0	
120Cs-CMPN001x32_260114_LH00793_B23GCKKLT3	nalidixic acid	quinolone	No resistance	0	
120Cs-CMPN001x32_260114_LH00793_B23GCKKLT3	amoxicillin	beta-lactam	No resistance	0	
120Cs-CMPN001x32_260114_LH00793_B23GCKKLT3	amoxicillin+clavulanic acid	beta-lactam	No resistance	0	
120Cs-CMPN001x32_260114_LH00793_B23GCKKLT3	ampicillin	beta-lactam	No resistance	0	
120Cs-CMPN001x32_260114_LH00793_B23GCKKLT3	ampicillin+clavulanic acid	beta-lactam	No resistance	0	
120Cs-CMPN001x32_260114_LH00793_B23GCKKLT3	cefepime	beta-lactam	No resistance	0	
120Cs-CMPN001x32_260114_LH00793_B23GCKKLT3	cefixime	beta-lactam	No resistance	0	
120Cs-CMPN001x32_260114_LH00793_B23GCKKLT3	cefotaxime	beta-lactam	No resistance	0	
120Cs-CMPN001x32_260114_LH00793_B23GCKKLT3	cefoxitin	beta-lactam	No resistance	0	
120Cs-CMPN001x32_260114_LH00793_B23GCKKLT3	ceftazidime	beta-lactam	No resistance	0	
120Cs-CMPN001x32_260114_LH00793_B23GCKKLT3	ertapenem	beta-lactam	No resistance	0	
120Cs-CMPN001x32_260114_LH00793_B23GCKKLT3	imipenem	beta-lactam	No resistance	0	
120Cs-CMPN001x32_260114_LH00793_B23GCKKLT3	meropenem	beta-lactam	No resistance	0	
120Cs-CMPN001x32_260114_LH00793_B23GCKKLT3	piperacillin	beta-lactam	No resistance	0	
120Cs-CMPN001x32_260114_LH00793_B23GCKKLT3	piperacillin+tazobactam	beta-lactam	No resistance	0	
120Cs-CMPN001x32_260114_LH00793_B23GCKKLT3	unknown beta-lactam	beta-lactam	No resistance	0	
120Cs-CMPN001x32_260114_LH00793_B23GCKKLT3	aztreonam	beta-lactam	No resistance	0	
120Cs-CMPN001x32_260114_LH00793_B23GCKKLT3	cefotaxime+clavulanic acid	beta-lactam	No resistance	0	
120Cs-CMPN001x32_260114_LH00793_B23GCKKLT3	temocillin	beta-lactam	No resistance	0	
120Cs-CMPN001x32_260114_LH00793_B23GCKKLT3	ticarcillin	beta-lactam	No resistance	0	
120Cs-CMPN001x32_260114_LH00793_B23GCKKLT3	ceftazidime+avibactam	beta-lactam	No resistance	0	
120Cs-CMPN001x32_260114_LH00793_B23GCKKLT3	penicillin	beta-lactam	No resistance	0	
120Cs-CMPN001x32_260114_LH00793_B23GCKKLT3	ceftriaxone	beta-lactam	No resistance	0	
120Cs-CMPN001x32_260114_LH00793_B23GCKKLT3	ticarcillin+clavulanic acid	beta-lactam	No resistance	0	
120Cs-CMPN001x32_260114_LH00793_B23GCKKLT3	cephalothin	beta-lactam	No resistance	0	
120Cs-CMPN001x32_260114_LH00793_B23GCKKLT3	piperacillin+clavulanic acid	beta-lactam	No resistance	0	
120Cs-CMPN001x32_260114_LH00793_B23GCKKLT3	ceftiofur	under_development	No resistance	0	
120Cs-CMPN001x32_260114_LH00793_B23GCKKLT3	sulfamethoxazole	folate pathway antagonist	No resistance	0	
120Cs-CMPN001x32_260114_LH00793_B23GCKKLT3	trimethoprim	folate pathway antagonist	No resistance	0	
120Cs-CMPN001x32_260114_LH00793_B23GCKKLT3	fosfomycin	fosfomycin	No resistance	0	
120Cs-CMPN001x32_260114_LH00793_B23GCKKLT3	vancomycin	glycopeptide	No resistance	0	
120Cs-CMPN001x32_260114_LH00793_B23GCKKLT3	teicoplanin	glycopeptide	No resistance	0	
120Cs-CMPN001x32_260114_LH00793_B23GCKKLT3	bleomycin	glycopeptide	No resistance	0	
120Cs-CMPN001x32_260114_LH00793_B23GCKKLT3	lincomycin	lincosamide	Resistant	3	erm(B) (erm(B)_U86375)
120Cs-CMPN001x32_260114_LH00793_B23GCKKLT3	clindamycin	lincosamide	Resistant	3	erm(B) (erm(B)_U86375)
120Cs-CMPN001x32_260114_LH00793_B23GCKKLT3	dalfopristin	streptogramin a	No resistance	0	
120Cs-CMPN001x32_260114_LH00793_B23GCKKLT3	pristinamycin iia	streptogramin a	No resistance	0	
120Cs-CMPN001x32_260114_LH00793_B23GCKKLT3	virginiamycin m	streptogramin a	No resistance	0	
120Cs-CMPN001x32_260114_LH00793_B23GCKKLT3	quinupristin+dalfopristin	streptogramin a	No resistance	0	
120Cs-CMPN001x32_260114_LH00793_B23GCKKLT3	tiamulin	pleuromutilin	No resistance	0	
120Cs-CMPN001x32_260114_LH00793_B23GCKKLT3	carbomycin	macrolide	No resistance	0	
120Cs-CMPN001x32_260114_LH00793_B23GCKKLT3	erythromycin	macrolide	Resistant	3	erm(B) (erm(B)_U86375)
120Cs-CMPN001x32_260114_LH00793_B23GCKKLT3	azithromycin	macrolide	No resistance	0	
120Cs-CMPN001x32_260114_LH00793_B23GCKKLT3	oleandomycin	macrolide	No resistance	0	
120Cs-CMPN001x32_260114_LH00793_B23GCKKLT3	spiramycin	macrolide	No resistance	0	
120Cs-CMPN001x32_260114_LH00793_B23GCKKLT3	tylosin	macrolide	No resistance	0	
120Cs-CMPN001x32_260114_LH00793_B23GCKKLT3	telithromycin	macrolide	No resistance	0	
120Cs-CMPN001x32_260114_LH00793_B23GCKKLT3	tetracycline	tetracycline	Resistant	2	tet(M) (tet(M)_FR671418)
120Cs-CMPN001x32_260114_LH00793_B23GCKKLT3	doxycycline	tetracycline	Resistant	2	tet(M) (tet(M)_FR671418)
120Cs-CMPN001x32_260114_LH00793_B23GCKKLT3	minocycline	tetracycline	Resistant	2	tet(M) (tet(M)_FR671418)
120Cs-CMPN001x32_260114_LH00793_B23GCKKLT3	tigecycline	tetracycline	No resistance	0	
120Cs-CMPN001x32_260114_LH00793_B23GCKKLT3	quinupristin	streptogramin b	Resistant	3	erm(B) (erm(B)_U86375)
120Cs-CMPN001x32_260114_LH00793_B23GCKKLT3	pristinamycin ia	streptogramin b	Resistant	3	erm(B) (erm(B)_U86375)
120Cs-CMPN001x32_260114_LH00793_B23GCKKLT3	virginiamycin s	streptogramin b	Resistant	3	erm(B) (erm(B)_U86375)
120Cs-CMPN001x32_260114_LH00793_B23GCKKLT3	linezolid	oxazolidinone	No resistance	0	
120Cs-CMPN001x32_260114_LH00793_B23GCKKLT3	chloramphenicol	amphenicol	No resistance	0	
120Cs-CMPN001x32_260114_LH00793_B23GCKKLT3	florfenicol	amphenicol	No resistance	0	
120Cs-CMPN001x32_260114_LH00793_B23GCKKLT3	colistin	polymyxin	No resistance	0	
120Cs-CMPN001x32_260114_LH00793_B23GCKKLT3	fusidic acid	steroid antibacterial	No resistance	0	
120Cs-CMPN001x32_260114_LH00793_B23GCKKLT3	mupirocin	pseudomonic acid	No resistance	0	
120Cs-CMPN001x32_260114_LH00793_B23GCKKLT3	rifampicin	rifamycin	No resistance	0	
120Cs-CMPN001x32_260114_LH00793_B23GCKKLT3	metronidazole	nitroimidazole	No resistance	0	
120Cs-CMPN001x32_260114_LH00793_B23GCKKLT3	narasin	ionophores	No resistance	0	
120Cs-CMPN001x32_260114_LH00793_B23GCKKLT3	salinomycin	ionophores	No resistance	0	
120Cs-CMPN001x32_260114_LH00793_B23GCKKLT3	maduramicin	ionophores	No resistance	0	
122Csv-CMPN001x33_260114_LH00793_B23GCKKLT3	gentamicin	aminoglycoside	No resistance	0	
122Csv-CMPN001x33_260114_LH00793_B23GCKKLT3	tobramycin	aminoglycoside	No resistance	0	
122Csv-CMPN001x33_260114_LH00793_B23GCKKLT3	streptomycin	aminoglycoside	No resistance	0	
122Csv-CMPN001x33_260114_LH00793_B23GCKKLT3	amikacin	aminoglycoside	No resistance	0	
122Csv-CMPN001x33_260114_LH00793_B23GCKKLT3	isepamicin	aminoglycoside	No resistance	0	
122Csv-CMPN001x33_260114_LH00793_B23GCKKLT3	dibekacin	aminoglycoside	No resistance	0	
122Csv-CMPN001x33_260114_LH00793_B23GCKKLT3	kanamycin	aminoglycoside	No resistance	0	
122Csv-CMPN001x33_260114_LH00793_B23GCKKLT3	neomycin	aminoglycoside	No resistance	0	
122Csv-CMPN001x33_260114_LH00793_B23GCKKLT3	lividomycin	aminoglycoside	No resistance	0	
122Csv-CMPN001x33_260114_LH00793_B23GCKKLT3	paromomycin	aminoglycoside	No resistance	0	
122Csv-CMPN001x33_260114_LH00793_B23GCKKLT3	ribostamycin	aminoglycoside	No resistance	0	
122Csv-CMPN001x33_260114_LH00793_B23GCKKLT3	unknown aminoglycoside	aminoglycoside	No resistance	0	
122Csv-CMPN001x33_260114_LH00793_B23GCKKLT3	butiromycin	aminoglycoside	No resistance	0	
122Csv-CMPN001x33_260114_LH00793_B23GCKKLT3	butirosin	aminoglycoside	No resistance	0	
122Csv-CMPN001x33_260114_LH00793_B23GCKKLT3	hygromycin	aminoglycoside	No resistance	0	
122Csv-CMPN001x33_260114_LH00793_B23GCKKLT3	netilmicin	aminoglycoside	No resistance	0	
122Csv-CMPN001x33_260114_LH00793_B23GCKKLT3	apramycin	aminoglycoside	No resistance	0	
122Csv-CMPN001x33_260114_LH00793_B23GCKKLT3	sisomicin	aminoglycoside	No resistance	0	
122Csv-CMPN001x33_260114_LH00793_B23GCKKLT3	arbekacin	aminoglycoside	No resistance	0	
122Csv-CMPN001x33_260114_LH00793_B23GCKKLT3	kasugamycin	aminoglycoside	No resistance	0	
122Csv-CMPN001x33_260114_LH00793_B23GCKKLT3	astromicin	aminoglycoside	No resistance	0	
122Csv-CMPN001x33_260114_LH00793_B23GCKKLT3	fortimicin	aminoglycoside	No resistance	0	
122Csv-CMPN001x33_260114_LH00793_B23GCKKLT3	spectinomycin	aminocyclitol	No resistance	0	
122Csv-CMPN001x33_260114_LH00793_B23GCKKLT3	fluoroquinolone	quinolone	No resistance	0	
122Csv-CMPN001x33_260114_LH00793_B23GCKKLT3	ciprofloxacin	quinolone	No resistance	0	
122Csv-CMPN001x33_260114_LH00793_B23GCKKLT3	unknown quinolone	quinolone	No resistance	0	
122Csv-CMPN001x33_260114_LH00793_B23GCKKLT3	nalidixic acid	quinolone	No resistance	0	
122Csv-CMPN001x33_260114_LH00793_B23GCKKLT3	amoxicillin	beta-lactam	No resistance	0	
122Csv-CMPN001x33_260114_LH00793_B23GCKKLT3	amoxicillin+clavulanic acid	beta-lactam	No resistance	0	
122Csv-CMPN001x33_260114_LH00793_B23GCKKLT3	ampicillin	beta-lactam	No resistance	0	
122Csv-CMPN001x33_260114_LH00793_B23GCKKLT3	ampicillin+clavulanic acid	beta-lactam	No resistance	0	
122Csv-CMPN001x33_260114_LH00793_B23GCKKLT3	cefepime	beta-lactam	No resistance	0	
122Csv-CMPN001x33_260114_LH00793_B23GCKKLT3	cefixime	beta-lactam	No resistance	0	
122Csv-CMPN001x33_260114_LH00793_B23GCKKLT3	cefotaxime	beta-lactam	No resistance	0	
122Csv-CMPN001x33_260114_LH00793_B23GCKKLT3	cefoxitin	beta-lactam	No resistance	0	
122Csv-CMPN001x33_260114_LH00793_B23GCKKLT3	ceftazidime	beta-lactam	No resistance	0	
122Csv-CMPN001x33_260114_LH00793_B23GCKKLT3	ertapenem	beta-lactam	No resistance	0	
122Csv-CMPN001x33_260114_LH00793_B23GCKKLT3	imipenem	beta-lactam	No resistance	0	
122Csv-CMPN001x33_260114_LH00793_B23GCKKLT3	meropenem	beta-lactam	No resistance	0	
122Csv-CMPN001x33_260114_LH00793_B23GCKKLT3	piperacillin	beta-lactam	No resistance	0	
122Csv-CMPN001x33_260114_LH00793_B23GCKKLT3	piperacillin+tazobactam	beta-lactam	No resistance	0	
122Csv-CMPN001x33_260114_LH00793_B23GCKKLT3	unknown beta-lactam	beta-lactam	No resistance	0	
122Csv-CMPN001x33_260114_LH00793_B23GCKKLT3	aztreonam	beta-lactam	No resistance	0	
122Csv-CMPN001x33_260114_LH00793_B23GCKKLT3	cefotaxime+clavulanic acid	beta-lactam	No resistance	0	
122Csv-CMPN001x33_260114_LH00793_B23GCKKLT3	temocillin	beta-lactam	No resistance	0	
122Csv-CMPN001x33_260114_LH00793_B23GCKKLT3	ticarcillin	beta-lactam	No resistance	0	
122Csv-CMPN001x33_260114_LH00793_B23GCKKLT3	ceftazidime+avibactam	beta-lactam	No resistance	0	
122Csv-CMPN001x33_260114_LH00793_B23GCKKLT3	penicillin	beta-lactam	No resistance	0	
122Csv-CMPN001x33_260114_LH00793_B23GCKKLT3	ceftriaxone	beta-lactam	No resistance	0	
122Csv-CMPN001x33_260114_LH00793_B23GCKKLT3	ticarcillin+clavulanic acid	beta-lactam	No resistance	0	
122Csv-CMPN001x33_260114_LH00793_B23GCKKLT3	cephalothin	beta-lactam	No resistance	0	
122Csv-CMPN001x33_260114_LH00793_B23GCKKLT3	piperacillin+clavulanic acid	beta-lactam	No resistance	0	
122Csv-CMPN001x33_260114_LH00793_B23GCKKLT3	ceftiofur	under_development	No resistance	0	
122Csv-CMPN001x33_260114_LH00793_B23GCKKLT3	sulfamethoxazole	folate pathway antagonist	No resistance	0	
122Csv-CMPN001x33_260114_LH00793_B23GCKKLT3	trimethoprim	folate pathway antagonist	No resistance	0	
122Csv-CMPN001x33_260114_LH00793_B23GCKKLT3	fosfomycin	fosfomycin	No resistance	0	
122Csv-CMPN001x33_260114_LH00793_B23GCKKLT3	vancomycin	glycopeptide	No resistance	0	
122Csv-CMPN001x33_260114_LH00793_B23GCKKLT3	teicoplanin	glycopeptide	No resistance	0	
122Csv-CMPN001x33_260114_LH00793_B23GCKKLT3	bleomycin	glycopeptide	No resistance	0	
122Csv-CMPN001x33_260114_LH00793_B23GCKKLT3	lincomycin	lincosamide	Resistant	3	erm(B) (erm(B)_U86375)
122Csv-CMPN001x33_260114_LH00793_B23GCKKLT3	clindamycin	lincosamide	Resistant	3	erm(B) (erm(B)_U86375)
122Csv-CMPN001x33_260114_LH00793_B23GCKKLT3	dalfopristin	streptogramin a	No resistance	0	
122Csv-CMPN001x33_260114_LH00793_B23GCKKLT3	pristinamycin iia	streptogramin a	No resistance	0	
122Csv-CMPN001x33_260114_LH00793_B23GCKKLT3	virginiamycin m	streptogramin a	No resistance	0	
122Csv-CMPN001x33_260114_LH00793_B23GCKKLT3	quinupristin+dalfopristin	streptogramin a	No resistance	0	
122Csv-CMPN001x33_260114_LH00793_B23GCKKLT3	tiamulin	pleuromutilin	No resistance	0	
122Csv-CMPN001x33_260114_LH00793_B23GCKKLT3	carbomycin	macrolide	No resistance	0	
122Csv-CMPN001x33_260114_LH00793_B23GCKKLT3	erythromycin	macrolide	Resistant	3	erm(B) (erm(B)_U86375)
122Csv-CMPN001x33_260114_LH00793_B23GCKKLT3	azithromycin	macrolide	No resistance	0	
122Csv-CMPN001x33_260114_LH00793_B23GCKKLT3	oleandomycin	macrolide	No resistance	0	
122Csv-CMPN001x33_260114_LH00793_B23GCKKLT3	spiramycin	macrolide	No resistance	0	
122Csv-CMPN001x33_260114_LH00793_B23GCKKLT3	tylosin	macrolide	No resistance	0	
122Csv-CMPN001x33_260114_LH00793_B23GCKKLT3	telithromycin	macrolide	No resistance	0	
122Csv-CMPN001x33_260114_LH00793_B23GCKKLT3	tetracycline	tetracycline	Resistant	2	tet(M) (tet(M)_X92947)
122Csv-CMPN001x33_260114_LH00793_B23GCKKLT3	doxycycline	tetracycline	Resistant	2	tet(M) (tet(M)_X92947)
122Csv-CMPN001x33_260114_LH00793_B23GCKKLT3	minocycline	tetracycline	Resistant	2	tet(M) (tet(M)_X92947)
122Csv-CMPN001x33_260114_LH00793_B23GCKKLT3	tigecycline	tetracycline	No resistance	0	
122Csv-CMPN001x33_260114_LH00793_B23GCKKLT3	quinupristin	streptogramin b	Resistant	3	erm(B) (erm(B)_U86375)
122Csv-CMPN001x33_260114_LH00793_B23GCKKLT3	pristinamycin ia	streptogramin b	Resistant	3	erm(B) (erm(B)_U86375)
122Csv-CMPN001x33_260114_LH00793_B23GCKKLT3	virginiamycin s	streptogramin b	Resistant	3	erm(B) (erm(B)_U86375)
122Csv-CMPN001x33_260114_LH00793_B23GCKKLT3	linezolid	oxazolidinone	No resistance	0	
122Csv-CMPN001x33_260114_LH00793_B23GCKKLT3	chloramphenicol	amphenicol	No resistance	0	
122Csv-CMPN001x33_260114_LH00793_B23GCKKLT3	florfenicol	amphenicol	No resistance	0	
122Csv-CMPN001x33_260114_LH00793_B23GCKKLT3	colistin	polymyxin	No resistance	0	
122Csv-CMPN001x33_260114_LH00793_B23GCKKLT3	fusidic acid	steroid antibacterial	No resistance	0	
122Csv-CMPN001x33_260114_LH00793_B23GCKKLT3	mupirocin	pseudomonic acid	No resistance	0	
122Csv-CMPN001x33_260114_LH00793_B23GCKKLT3	rifampicin	rifamycin	No resistance	0	
122Csv-CMPN001x33_260114_LH00793_B23GCKKLT3	metronidazole	nitroimidazole	No resistance	0	
122Csv-CMPN001x33_260114_LH00793_B23GCKKLT3	narasin	ionophores	No resistance	0	
122Csv-CMPN001x33_260114_LH00793_B23GCKKLT3	salinomycin	ionophores	No resistance	0	
122Csv-CMPN001x33_260114_LH00793_B23GCKKLT3	maduramicin	ionophores	No resistance	0	
123Cs-CMPN001x34_260114_LH00793_B23GCKKLT3	gentamicin	aminoglycoside	No resistance	0	
123Cs-CMPN001x34_260114_LH00793_B23GCKKLT3	tobramycin	aminoglycoside	No resistance	0	
123Cs-CMPN001x34_260114_LH00793_B23GCKKLT3	streptomycin	aminoglycoside	No resistance	0	
123Cs-CMPN001x34_260114_LH00793_B23GCKKLT3	amikacin	aminoglycoside	No resistance	0	
123Cs-CMPN001x34_260114_LH00793_B23GCKKLT3	isepamicin	aminoglycoside	No resistance	0	
123Cs-CMPN001x34_260114_LH00793_B23GCKKLT3	dibekacin	aminoglycoside	No resistance	0	
123Cs-CMPN001x34_260114_LH00793_B23GCKKLT3	kanamycin	aminoglycoside	No resistance	0	
123Cs-CMPN001x34_260114_LH00793_B23GCKKLT3	neomycin	aminoglycoside	No resistance	0	
123Cs-CMPN001x34_260114_LH00793_B23GCKKLT3	lividomycin	aminoglycoside	No resistance	0	
123Cs-CMPN001x34_260114_LH00793_B23GCKKLT3	paromomycin	aminoglycoside	No resistance	0	
123Cs-CMPN001x34_260114_LH00793_B23GCKKLT3	ribostamycin	aminoglycoside	No resistance	0	
123Cs-CMPN001x34_260114_LH00793_B23GCKKLT3	unknown aminoglycoside	aminoglycoside	No resistance	0	
123Cs-CMPN001x34_260114_LH00793_B23GCKKLT3	butiromycin	aminoglycoside	No resistance	0	
123Cs-CMPN001x34_260114_LH00793_B23GCKKLT3	butirosin	aminoglycoside	No resistance	0	
123Cs-CMPN001x34_260114_LH00793_B23GCKKLT3	hygromycin	aminoglycoside	No resistance	0	
123Cs-CMPN001x34_260114_LH00793_B23GCKKLT3	netilmicin	aminoglycoside	No resistance	0	
123Cs-CMPN001x34_260114_LH00793_B23GCKKLT3	apramycin	aminoglycoside	No resistance	0	
123Cs-CMPN001x34_260114_LH00793_B23GCKKLT3	sisomicin	aminoglycoside	No resistance	0	
123Cs-CMPN001x34_260114_LH00793_B23GCKKLT3	arbekacin	aminoglycoside	No resistance	0	
123Cs-CMPN001x34_260114_LH00793_B23GCKKLT3	kasugamycin	aminoglycoside	No resistance	0	
123Cs-CMPN001x34_260114_LH00793_B23GCKKLT3	astromicin	aminoglycoside	No resistance	0	
123Cs-CMPN001x34_260114_LH00793_B23GCKKLT3	fortimicin	aminoglycoside	No resistance	0	
123Cs-CMPN001x34_260114_LH00793_B23GCKKLT3	spectinomycin	aminocyclitol	No resistance	0	
123Cs-CMPN001x34_260114_LH00793_B23GCKKLT3	fluoroquinolone	quinolone	No resistance	0	
123Cs-CMPN001x34_260114_LH00793_B23GCKKLT3	ciprofloxacin	quinolone	No resistance	0	
123Cs-CMPN001x34_260114_LH00793_B23GCKKLT3	unknown quinolone	quinolone	No resistance	0	
123Cs-CMPN001x34_260114_LH00793_B23GCKKLT3	nalidixic acid	quinolone	No resistance	0	
123Cs-CMPN001x34_260114_LH00793_B23GCKKLT3	amoxicillin	beta-lactam	No resistance	0	
123Cs-CMPN001x34_260114_LH00793_B23GCKKLT3	amoxicillin+clavulanic acid	beta-lactam	No resistance	0	
123Cs-CMPN001x34_260114_LH00793_B23GCKKLT3	ampicillin	beta-lactam	No resistance	0	
123Cs-CMPN001x34_260114_LH00793_B23GCKKLT3	ampicillin+clavulanic acid	beta-lactam	No resistance	0	
123Cs-CMPN001x34_260114_LH00793_B23GCKKLT3	cefepime	beta-lactam	No resistance	0	
123Cs-CMPN001x34_260114_LH00793_B23GCKKLT3	cefixime	beta-lactam	No resistance	0	
123Cs-CMPN001x34_260114_LH00793_B23GCKKLT3	cefotaxime	beta-lactam	No resistance	0	
123Cs-CMPN001x34_260114_LH00793_B23GCKKLT3	cefoxitin	beta-lactam	No resistance	0	
123Cs-CMPN001x34_260114_LH00793_B23GCKKLT3	ceftazidime	beta-lactam	No resistance	0	
123Cs-CMPN001x34_260114_LH00793_B23GCKKLT3	ertapenem	beta-lactam	No resistance	0	
123Cs-CMPN001x34_260114_LH00793_B23GCKKLT3	imipenem	beta-lactam	No resistance	0	
123Cs-CMPN001x34_260114_LH00793_B23GCKKLT3	meropenem	beta-lactam	No resistance	0	
123Cs-CMPN001x34_260114_LH00793_B23GCKKLT3	piperacillin	beta-lactam	No resistance	0	
123Cs-CMPN001x34_260114_LH00793_B23GCKKLT3	piperacillin+tazobactam	beta-lactam	No resistance	0	
123Cs-CMPN001x34_260114_LH00793_B23GCKKLT3	unknown beta-lactam	beta-lactam	No resistance	0	
123Cs-CMPN001x34_260114_LH00793_B23GCKKLT3	aztreonam	beta-lactam	No resistance	0	
123Cs-CMPN001x34_260114_LH00793_B23GCKKLT3	cefotaxime+clavulanic acid	beta-lactam	No resistance	0	
123Cs-CMPN001x34_260114_LH00793_B23GCKKLT3	temocillin	beta-lactam	No resistance	0	
123Cs-CMPN001x34_260114_LH00793_B23GCKKLT3	ticarcillin	beta-lactam	No resistance	0	
123Cs-CMPN001x34_260114_LH00793_B23GCKKLT3	ceftazidime+avibactam	beta-lactam	No resistance	0	
123Cs-CMPN001x34_260114_LH00793_B23GCKKLT3	penicillin	beta-lactam	No resistance	0	
123Cs-CMPN001x34_260114_LH00793_B23GCKKLT3	ceftriaxone	beta-lactam	No resistance	0	
123Cs-CMPN001x34_260114_LH00793_B23GCKKLT3	ticarcillin+clavulanic acid	beta-lactam	No resistance	0	
123Cs-CMPN001x34_260114_LH00793_B23GCKKLT3	cephalothin	beta-lactam	No resistance	0	
123Cs-CMPN001x34_260114_LH00793_B23GCKKLT3	piperacillin+clavulanic acid	beta-lactam	No resistance	0	
123Cs-CMPN001x34_260114_LH00793_B23GCKKLT3	ceftiofur	under_development	No resistance	0	
123Cs-CMPN001x34_260114_LH00793_B23GCKKLT3	sulfamethoxazole	folate pathway antagonist	No resistance	0	
123Cs-CMPN001x34_260114_LH00793_B23GCKKLT3	trimethoprim	folate pathway antagonist	No resistance	0	
123Cs-CMPN001x34_260114_LH00793_B23GCKKLT3	fosfomycin	fosfomycin	No resistance	0	
123Cs-CMPN001x34_260114_LH00793_B23GCKKLT3	vancomycin	glycopeptide	No resistance	0	
123Cs-CMPN001x34_260114_LH00793_B23GCKKLT3	teicoplanin	glycopeptide	No resistance	0	
123Cs-CMPN001x34_260114_LH00793_B23GCKKLT3	bleomycin	glycopeptide	No resistance	0	
123Cs-CMPN001x34_260114_LH00793_B23GCKKLT3	lincomycin	lincosamide	Resistant	2	erm(B) (erm(B)_X72021), erm(B) (erm(B)_JN899585)
123Cs-CMPN001x34_260114_LH00793_B23GCKKLT3	clindamycin	lincosamide	Resistant	2	erm(B) (erm(B)_X72021), erm(B) (erm(B)_JN899585)
123Cs-CMPN001x34_260114_LH00793_B23GCKKLT3	dalfopristin	streptogramin a	No resistance	0	
123Cs-CMPN001x34_260114_LH00793_B23GCKKLT3	pristinamycin iia	streptogramin a	No resistance	0	
123Cs-CMPN001x34_260114_LH00793_B23GCKKLT3	virginiamycin m	streptogramin a	No resistance	0	
123Cs-CMPN001x34_260114_LH00793_B23GCKKLT3	quinupristin+dalfopristin	streptogramin a	No resistance	0	
123Cs-CMPN001x34_260114_LH00793_B23GCKKLT3	tiamulin	pleuromutilin	No resistance	0	
123Cs-CMPN001x34_260114_LH00793_B23GCKKLT3	carbomycin	macrolide	No resistance	0	
123Cs-CMPN001x34_260114_LH00793_B23GCKKLT3	erythromycin	macrolide	Resistant	2	erm(B) (erm(B)_X72021), erm(B) (erm(B)_JN899585)
123Cs-CMPN001x34_260114_LH00793_B23GCKKLT3	azithromycin	macrolide	No resistance	0	
123Cs-CMPN001x34_260114_LH00793_B23GCKKLT3	oleandomycin	macrolide	No resistance	0	
123Cs-CMPN001x34_260114_LH00793_B23GCKKLT3	spiramycin	macrolide	No resistance	0	
123Cs-CMPN001x34_260114_LH00793_B23GCKKLT3	tylosin	macrolide	No resistance	0	
123Cs-CMPN001x34_260114_LH00793_B23GCKKLT3	telithromycin	macrolide	No resistance	0	
123Cs-CMPN001x34_260114_LH00793_B23GCKKLT3	tetracycline	tetracycline	Resistant	2	tet(M) (tet(M)_U58985)
123Cs-CMPN001x34_260114_LH00793_B23GCKKLT3	doxycycline	tetracycline	Resistant	2	tet(M) (tet(M)_U58985)
123Cs-CMPN001x34_260114_LH00793_B23GCKKLT3	minocycline	tetracycline	Resistant	2	tet(M) (tet(M)_U58985)
123Cs-CMPN001x34_260114_LH00793_B23GCKKLT3	tigecycline	tetracycline	No resistance	0	
123Cs-CMPN001x34_260114_LH00793_B23GCKKLT3	quinupristin	streptogramin b	Resistant	2	erm(B) (erm(B)_X72021), erm(B) (erm(B)_JN899585)
123Cs-CMPN001x34_260114_LH00793_B23GCKKLT3	pristinamycin ia	streptogramin b	Resistant	2	erm(B) (erm(B)_X72021), erm(B) (erm(B)_JN899585)
123Cs-CMPN001x34_260114_LH00793_B23GCKKLT3	virginiamycin s	streptogramin b	Resistant	2	erm(B) (erm(B)_X72021), erm(B) (erm(B)_JN899585)
123Cs-CMPN001x34_260114_LH00793_B23GCKKLT3	linezolid	oxazolidinone	No resistance	0	
123Cs-CMPN001x34_260114_LH00793_B23GCKKLT3	chloramphenicol	amphenicol	No resistance	0	
123Cs-CMPN001x34_260114_LH00793_B23GCKKLT3	florfenicol	amphenicol	No resistance	0	
123Cs-CMPN001x34_260114_LH00793_B23GCKKLT3	colistin	polymyxin	No resistance	0	
123Cs-CMPN001x34_260114_LH00793_B23GCKKLT3	fusidic acid	steroid antibacterial	No resistance	0	
123Cs-CMPN001x34_260114_LH00793_B23GCKKLT3	mupirocin	pseudomonic acid	No resistance	0	
123Cs-CMPN001x34_260114_LH00793_B23GCKKLT3	rifampicin	rifamycin	No resistance	0	
123Cs-CMPN001x34_260114_LH00793_B23GCKKLT3	metronidazole	nitroimidazole	No resistance	0	
123Cs-CMPN001x34_260114_LH00793_B23GCKKLT3	narasin	ionophores	No resistance	0	
123Cs-CMPN001x34_260114_LH00793_B23GCKKLT3	salinomycin	ionophores	No resistance	0	
123Cs-CMPN001x34_260114_LH00793_B23GCKKLT3	maduramicin	ionophores	No resistance	0	
123Pp-CMPN001x47_260114_LH00793_B23GCKKLT3	gentamicin	aminoglycoside	No resistance	0	
123Pp-CMPN001x47_260114_LH00793_B23GCKKLT3	tobramycin	aminoglycoside	No resistance	0	
123Pp-CMPN001x47_260114_LH00793_B23GCKKLT3	streptomycin	aminoglycoside	No resistance	0	
123Pp-CMPN001x47_260114_LH00793_B23GCKKLT3	amikacin	aminoglycoside	No resistance	0	
123Pp-CMPN001x47_260114_LH00793_B23GCKKLT3	isepamicin	aminoglycoside	No resistance	0	
123Pp-CMPN001x47_260114_LH00793_B23GCKKLT3	dibekacin	aminoglycoside	No resistance	0	
123Pp-CMPN001x47_260114_LH00793_B23GCKKLT3	kanamycin	aminoglycoside	No resistance	0	
123Pp-CMPN001x47_260114_LH00793_B23GCKKLT3	neomycin	aminoglycoside	No resistance	0	
123Pp-CMPN001x47_260114_LH00793_B23GCKKLT3	lividomycin	aminoglycoside	No resistance	0	
123Pp-CMPN001x47_260114_LH00793_B23GCKKLT3	paromomycin	aminoglycoside	No resistance	0	
123Pp-CMPN001x47_260114_LH00793_B23GCKKLT3	ribostamycin	aminoglycoside	No resistance	0	
123Pp-CMPN001x47_260114_LH00793_B23GCKKLT3	unknown aminoglycoside	aminoglycoside	No resistance	0	
123Pp-CMPN001x47_260114_LH00793_B23GCKKLT3	butiromycin	aminoglycoside	No resistance	0	
123Pp-CMPN001x47_260114_LH00793_B23GCKKLT3	butirosin	aminoglycoside	No resistance	0	
123Pp-CMPN001x47_260114_LH00793_B23GCKKLT3	hygromycin	aminoglycoside	No resistance	0	
123Pp-CMPN001x47_260114_LH00793_B23GCKKLT3	netilmicin	aminoglycoside	No resistance	0	
123Pp-CMPN001x47_260114_LH00793_B23GCKKLT3	apramycin	aminoglycoside	No resistance	0	
123Pp-CMPN001x47_260114_LH00793_B23GCKKLT3	sisomicin	aminoglycoside	No resistance	0	
123Pp-CMPN001x47_260114_LH00793_B23GCKKLT3	arbekacin	aminoglycoside	No resistance	0	
123Pp-CMPN001x47_260114_LH00793_B23GCKKLT3	kasugamycin	aminoglycoside	No resistance	0	
123Pp-CMPN001x47_260114_LH00793_B23GCKKLT3	astromicin	aminoglycoside	No resistance	0	
123Pp-CMPN001x47_260114_LH00793_B23GCKKLT3	fortimicin	aminoglycoside	No resistance	0	
123Pp-CMPN001x47_260114_LH00793_B23GCKKLT3	spectinomycin	aminocyclitol	No resistance	0	
123Pp-CMPN001x47_260114_LH00793_B23GCKKLT3	fluoroquinolone	quinolone	No resistance	0	
123Pp-CMPN001x47_260114_LH00793_B23GCKKLT3	ciprofloxacin	quinolone	No resistance	0	
123Pp-CMPN001x47_260114_LH00793_B23GCKKLT3	unknown quinolone	quinolone	No resistance	0	
123Pp-CMPN001x47_260114_LH00793_B23GCKKLT3	nalidixic acid	quinolone	No resistance	0	
123Pp-CMPN001x47_260114_LH00793_B23GCKKLT3	amoxicillin	beta-lactam	No resistance	0	
123Pp-CMPN001x47_260114_LH00793_B23GCKKLT3	amoxicillin+clavulanic acid	beta-lactam	No resistance	0	
123Pp-CMPN001x47_260114_LH00793_B23GCKKLT3	ampicillin	beta-lactam	No resistance	0	
123Pp-CMPN001x47_260114_LH00793_B23GCKKLT3	ampicillin+clavulanic acid	beta-lactam	No resistance	0	
123Pp-CMPN001x47_260114_LH00793_B23GCKKLT3	cefepime	beta-lactam	No resistance	0	
123Pp-CMPN001x47_260114_LH00793_B23GCKKLT3	cefixime	beta-lactam	No resistance	0	
123Pp-CMPN001x47_260114_LH00793_B23GCKKLT3	cefotaxime	beta-lactam	No resistance	0	
123Pp-CMPN001x47_260114_LH00793_B23GCKKLT3	cefoxitin	beta-lactam	No resistance	0	
123Pp-CMPN001x47_260114_LH00793_B23GCKKLT3	ceftazidime	beta-lactam	No resistance	0	
123Pp-CMPN001x47_260114_LH00793_B23GCKKLT3	ertapenem	beta-lactam	No resistance	0	
123Pp-CMPN001x47_260114_LH00793_B23GCKKLT3	imipenem	beta-lactam	No resistance	0	
123Pp-CMPN001x47_260114_LH00793_B23GCKKLT3	meropenem	beta-lactam	No resistance	0	
123Pp-CMPN001x47_260114_LH00793_B23GCKKLT3	piperacillin	beta-lactam	No resistance	0	
123Pp-CMPN001x47_260114_LH00793_B23GCKKLT3	piperacillin+tazobactam	beta-lactam	No resistance	0	
123Pp-CMPN001x47_260114_LH00793_B23GCKKLT3	unknown beta-lactam	beta-lactam	No resistance	0	
123Pp-CMPN001x47_260114_LH00793_B23GCKKLT3	aztreonam	beta-lactam	No resistance	0	
123Pp-CMPN001x47_260114_LH00793_B23GCKKLT3	cefotaxime+clavulanic acid	beta-lactam	No resistance	0	
123Pp-CMPN001x47_260114_LH00793_B23GCKKLT3	temocillin	beta-lactam	No resistance	0	
123Pp-CMPN001x47_260114_LH00793_B23GCKKLT3	ticarcillin	beta-lactam	No resistance	0	
123Pp-CMPN001x47_260114_LH00793_B23GCKKLT3	ceftazidime+avibactam	beta-lactam	No resistance	0	
123Pp-CMPN001x47_260114_LH00793_B23GCKKLT3	penicillin	beta-lactam	No resistance	0	
123Pp-CMPN001x47_260114_LH00793_B23GCKKLT3	ceftriaxone	beta-lactam	No resistance	0	
123Pp-CMPN001x47_260114_LH00793_B23GCKKLT3	ticarcillin+clavulanic acid	beta-lactam	No resistance	0	
123Pp-CMPN001x47_260114_LH00793_B23GCKKLT3	cephalothin	beta-lactam	No resistance	0	
123Pp-CMPN001x47_260114_LH00793_B23GCKKLT3	piperacillin+clavulanic acid	beta-lactam	No resistance	0	
123Pp-CMPN001x47_260114_LH00793_B23GCKKLT3	ceftiofur	under_development	No resistance	0	
123Pp-CMPN001x47_260114_LH00793_B23GCKKLT3	sulfamethoxazole	folate pathway antagonist	No resistance	0	
123Pp-CMPN001x47_260114_LH00793_B23GCKKLT3	trimethoprim	folate pathway antagonist	No resistance	0	
123Pp-CMPN001x47_260114_LH00793_B23GCKKLT3	fosfomycin	fosfomycin	No resistance	0	
123Pp-CMPN001x47_260114_LH00793_B23GCKKLT3	vancomycin	glycopeptide	No resistance	0	
123Pp-CMPN001x47_260114_LH00793_B23GCKKLT3	teicoplanin	glycopeptide	No resistance	0	
123Pp-CMPN001x47_260114_LH00793_B23GCKKLT3	bleomycin	glycopeptide	No resistance	0	
123Pp-CMPN001x47_260114_LH00793_B23GCKKLT3	lincomycin	lincosamide	No resistance	0	
123Pp-CMPN001x47_260114_LH00793_B23GCKKLT3	clindamycin	lincosamide	No resistance	0	
123Pp-CMPN001x47_260114_LH00793_B23GCKKLT3	dalfopristin	streptogramin a	No resistance	0	
123Pp-CMPN001x47_260114_LH00793_B23GCKKLT3	pristinamycin iia	streptogramin a	No resistance	0	
123Pp-CMPN001x47_260114_LH00793_B23GCKKLT3	virginiamycin m	streptogramin a	No resistance	0	
123Pp-CMPN001x47_260114_LH00793_B23GCKKLT3	quinupristin+dalfopristin	streptogramin a	No resistance	0	
123Pp-CMPN001x47_260114_LH00793_B23GCKKLT3	tiamulin	pleuromutilin	No resistance	0	
123Pp-CMPN001x47_260114_LH00793_B23GCKKLT3	carbomycin	macrolide	No resistance	0	
123Pp-CMPN001x47_260114_LH00793_B23GCKKLT3	erythromycin	macrolide	No resistance	0	
123Pp-CMPN001x47_260114_LH00793_B23GCKKLT3	azithromycin	macrolide	No resistance	0	
123Pp-CMPN001x47_260114_LH00793_B23GCKKLT3	oleandomycin	macrolide	No resistance	0	
123Pp-CMPN001x47_260114_LH00793_B23GCKKLT3	spiramycin	macrolide	No resistance	0	
123Pp-CMPN001x47_260114_LH00793_B23GCKKLT3	tylosin	macrolide	No resistance	0	
123Pp-CMPN001x47_260114_LH00793_B23GCKKLT3	telithromycin	macrolide	No resistance	0	
123Pp-CMPN001x47_260114_LH00793_B23GCKKLT3	tetracycline	tetracycline	Resistant	2	tetA(46) (tetA(46)_HQ652506), tetB(46) (tetB(46)_HQ652506)
123Pp-CMPN001x47_260114_LH00793_B23GCKKLT3	doxycycline	tetracycline	Resistant	2	tetA(46) (tetA(46)_HQ652506), tetB(46) (tetB(46)_HQ652506)
123Pp-CMPN001x47_260114_LH00793_B23GCKKLT3	minocycline	tetracycline	No resistance	0	
123Pp-CMPN001x47_260114_LH00793_B23GCKKLT3	tigecycline	tetracycline	Resistant	2	tetA(46) (tetA(46)_HQ652506), tetB(46) (tetB(46)_HQ652506)
123Pp-CMPN001x47_260114_LH00793_B23GCKKLT3	quinupristin	streptogramin b	No resistance	0	
123Pp-CMPN001x47_260114_LH00793_B23GCKKLT3	pristinamycin ia	streptogramin b	No resistance	0	
123Pp-CMPN001x47_260114_LH00793_B23GCKKLT3	virginiamycin s	streptogramin b	No resistance	0	
123Pp-CMPN001x47_260114_LH00793_B23GCKKLT3	linezolid	oxazolidinone	No resistance	0	
123Pp-CMPN001x47_260114_LH00793_B23GCKKLT3	chloramphenicol	amphenicol	No resistance	0	
123Pp-CMPN001x47_260114_LH00793_B23GCKKLT3	florfenicol	amphenicol	No resistance	0	
123Pp-CMPN001x47_260114_LH00793_B23GCKKLT3	colistin	polymyxin	No resistance	0	
123Pp-CMPN001x47_260114_LH00793_B23GCKKLT3	fusidic acid	steroid antibacterial	No resistance	0	
123Pp-CMPN001x47_260114_LH00793_B23GCKKLT3	mupirocin	pseudomonic acid	No resistance	0	
123Pp-CMPN001x47_260114_LH00793_B23GCKKLT3	rifampicin	rifamycin	No resistance	0	
123Pp-CMPN001x47_260114_LH00793_B23GCKKLT3	metronidazole	nitroimidazole	No resistance	0	
123Pp-CMPN001x47_260114_LH00793_B23GCKKLT3	narasin	ionophores	No resistance	0	
123Pp-CMPN001x47_260114_LH00793_B23GCKKLT3	salinomycin	ionophores	No resistance	0	
123Pp-CMPN001x47_260114_LH00793_B23GCKKLT3	maduramicin	ionophores	No resistance	0	
124Ap-CMPN001x61_260114_LH00793_B23GCKKLT3	gentamicin	aminoglycoside	No resistance	0	
124Ap-CMPN001x61_260114_LH00793_B23GCKKLT3	tobramycin	aminoglycoside	No resistance	0	
124Ap-CMPN001x61_260114_LH00793_B23GCKKLT3	streptomycin	aminoglycoside	No resistance	0	
124Ap-CMPN001x61_260114_LH00793_B23GCKKLT3	amikacin	aminoglycoside	No resistance	0	
124Ap-CMPN001x61_260114_LH00793_B23GCKKLT3	isepamicin	aminoglycoside	No resistance	0	
124Ap-CMPN001x61_260114_LH00793_B23GCKKLT3	dibekacin	aminoglycoside	No resistance	0	
124Ap-CMPN001x61_260114_LH00793_B23GCKKLT3	kanamycin	aminoglycoside	No resistance	0	
124Ap-CMPN001x61_260114_LH00793_B23GCKKLT3	neomycin	aminoglycoside	No resistance	0	
124Ap-CMPN001x61_260114_LH00793_B23GCKKLT3	lividomycin	aminoglycoside	No resistance	0	
124Ap-CMPN001x61_260114_LH00793_B23GCKKLT3	paromomycin	aminoglycoside	No resistance	0	
124Ap-CMPN001x61_260114_LH00793_B23GCKKLT3	ribostamycin	aminoglycoside	No resistance	0	
124Ap-CMPN001x61_260114_LH00793_B23GCKKLT3	unknown aminoglycoside	aminoglycoside	No resistance	0	
124Ap-CMPN001x61_260114_LH00793_B23GCKKLT3	butiromycin	aminoglycoside	No resistance	0	
124Ap-CMPN001x61_260114_LH00793_B23GCKKLT3	butirosin	aminoglycoside	No resistance	0	
124Ap-CMPN001x61_260114_LH00793_B23GCKKLT3	hygromycin	aminoglycoside	No resistance	0	
124Ap-CMPN001x61_260114_LH00793_B23GCKKLT3	netilmicin	aminoglycoside	No resistance	0	
124Ap-CMPN001x61_260114_LH00793_B23GCKKLT3	apramycin	aminoglycoside	No resistance	0	
124Ap-CMPN001x61_260114_LH00793_B23GCKKLT3	sisomicin	aminoglycoside	No resistance	0	
124Ap-CMPN001x61_260114_LH00793_B23GCKKLT3	arbekacin	aminoglycoside	No resistance	0	
124Ap-CMPN001x61_260114_LH00793_B23GCKKLT3	kasugamycin	aminoglycoside	No resistance	0	
124Ap-CMPN001x61_260114_LH00793_B23GCKKLT3	astromicin	aminoglycoside	No resistance	0	
124Ap-CMPN001x61_260114_LH00793_B23GCKKLT3	fortimicin	aminoglycoside	No resistance	0	
124Ap-CMPN001x61_260114_LH00793_B23GCKKLT3	spectinomycin	aminocyclitol	No resistance	0	
124Ap-CMPN001x61_260114_LH00793_B23GCKKLT3	fluoroquinolone	quinolone	No resistance	0	
124Ap-CMPN001x61_260114_LH00793_B23GCKKLT3	ciprofloxacin	quinolone	No resistance	0	
124Ap-CMPN001x61_260114_LH00793_B23GCKKLT3	unknown quinolone	quinolone	No resistance	0	
124Ap-CMPN001x61_260114_LH00793_B23GCKKLT3	nalidixic acid	quinolone	No resistance	0	
124Ap-CMPN001x61_260114_LH00793_B23GCKKLT3	amoxicillin	beta-lactam	No resistance	0	
124Ap-CMPN001x61_260114_LH00793_B23GCKKLT3	amoxicillin+clavulanic acid	beta-lactam	No resistance	0	
124Ap-CMPN001x61_260114_LH00793_B23GCKKLT3	ampicillin	beta-lactam	No resistance	0	
124Ap-CMPN001x61_260114_LH00793_B23GCKKLT3	ampicillin+clavulanic acid	beta-lactam	No resistance	0	
124Ap-CMPN001x61_260114_LH00793_B23GCKKLT3	cefepime	beta-lactam	No resistance	0	
124Ap-CMPN001x61_260114_LH00793_B23GCKKLT3	cefixime	beta-lactam	No resistance	0	
124Ap-CMPN001x61_260114_LH00793_B23GCKKLT3	cefotaxime	beta-lactam	No resistance	0	
124Ap-CMPN001x61_260114_LH00793_B23GCKKLT3	cefoxitin	beta-lactam	No resistance	0	
124Ap-CMPN001x61_260114_LH00793_B23GCKKLT3	ceftazidime	beta-lactam	No resistance	0	
124Ap-CMPN001x61_260114_LH00793_B23GCKKLT3	ertapenem	beta-lactam	No resistance	0	
124Ap-CMPN001x61_260114_LH00793_B23GCKKLT3	imipenem	beta-lactam	No resistance	0	
124Ap-CMPN001x61_260114_LH00793_B23GCKKLT3	meropenem	beta-lactam	No resistance	0	
124Ap-CMPN001x61_260114_LH00793_B23GCKKLT3	piperacillin	beta-lactam	No resistance	0	
124Ap-CMPN001x61_260114_LH00793_B23GCKKLT3	piperacillin+tazobactam	beta-lactam	No resistance	0	
124Ap-CMPN001x61_260114_LH00793_B23GCKKLT3	unknown beta-lactam	beta-lactam	No resistance	0	
124Ap-CMPN001x61_260114_LH00793_B23GCKKLT3	aztreonam	beta-lactam	No resistance	0	
124Ap-CMPN001x61_260114_LH00793_B23GCKKLT3	cefotaxime+clavulanic acid	beta-lactam	No resistance	0	
124Ap-CMPN001x61_260114_LH00793_B23GCKKLT3	temocillin	beta-lactam	No resistance	0	
124Ap-CMPN001x61_260114_LH00793_B23GCKKLT3	ticarcillin	beta-lactam	No resistance	0	
124Ap-CMPN001x61_260114_LH00793_B23GCKKLT3	ceftazidime+avibactam	beta-lactam	No resistance	0	
124Ap-CMPN001x61_260114_LH00793_B23GCKKLT3	penicillin	beta-lactam	No resistance	0	
124Ap-CMPN001x61_260114_LH00793_B23GCKKLT3	ceftriaxone	beta-lactam	No resistance	0	
124Ap-CMPN001x61_260114_LH00793_B23GCKKLT3	ticarcillin+clavulanic acid	beta-lactam	No resistance	0	
124Ap-CMPN001x61_260114_LH00793_B23GCKKLT3	cephalothin	beta-lactam	No resistance	0	
124Ap-CMPN001x61_260114_LH00793_B23GCKKLT3	piperacillin+clavulanic acid	beta-lactam	No resistance	0	
124Ap-CMPN001x61_260114_LH00793_B23GCKKLT3	ceftiofur	under_development	No resistance	0	
124Ap-CMPN001x61_260114_LH00793_B23GCKKLT3	sulfamethoxazole	folate pathway antagonist	No resistance	0	
124Ap-CMPN001x61_260114_LH00793_B23GCKKLT3	trimethoprim	folate pathway antagonist	No resistance	0	
124Ap-CMPN001x61_260114_LH00793_B23GCKKLT3	fosfomycin	fosfomycin	No resistance	0	
124Ap-CMPN001x61_260114_LH00793_B23GCKKLT3	vancomycin	glycopeptide	No resistance	0	
124Ap-CMPN001x61_260114_LH00793_B23GCKKLT3	teicoplanin	glycopeptide	No resistance	0	
124Ap-CMPN001x61_260114_LH00793_B23GCKKLT3	bleomycin	glycopeptide	No resistance	0	
124Ap-CMPN001x61_260114_LH00793_B23GCKKLT3	lincomycin	lincosamide	No resistance	0	
124Ap-CMPN001x61_260114_LH00793_B23GCKKLT3	clindamycin	lincosamide	No resistance	0	
124Ap-CMPN001x61_260114_LH00793_B23GCKKLT3	dalfopristin	streptogramin a	No resistance	0	
124Ap-CMPN001x61_260114_LH00793_B23GCKKLT3	pristinamycin iia	streptogramin a	No resistance	0	
124Ap-CMPN001x61_260114_LH00793_B23GCKKLT3	virginiamycin m	streptogramin a	No resistance	0	
124Ap-CMPN001x61_260114_LH00793_B23GCKKLT3	quinupristin+dalfopristin	streptogramin a	No resistance	0	
124Ap-CMPN001x61_260114_LH00793_B23GCKKLT3	tiamulin	pleuromutilin	No resistance	0	
124Ap-CMPN001x61_260114_LH00793_B23GCKKLT3	carbomycin	macrolide	No resistance	0	
124Ap-CMPN001x61_260114_LH00793_B23GCKKLT3	erythromycin	macrolide	Resistant	3	msr(D) (msr(D)_AF274302), mef(A) (mef(A)_U83667)
124Ap-CMPN001x61_260114_LH00793_B23GCKKLT3	azithromycin	macrolide	Resistant	3	msr(D) (msr(D)_AF274302), mef(A) (mef(A)_U83667)
124Ap-CMPN001x61_260114_LH00793_B23GCKKLT3	oleandomycin	macrolide	No resistance	0	
124Ap-CMPN001x61_260114_LH00793_B23GCKKLT3	spiramycin	macrolide	No resistance	0	
124Ap-CMPN001x61_260114_LH00793_B23GCKKLT3	tylosin	macrolide	No resistance	0	
124Ap-CMPN001x61_260114_LH00793_B23GCKKLT3	telithromycin	macrolide	Resistant	3	msr(D) (msr(D)_AF274302)
124Ap-CMPN001x61_260114_LH00793_B23GCKKLT3	tetracycline	tetracycline	Resistant	2	tetA(46) (tetA(46)_HQ652506), tetB(46) (tetB(46)_HQ652506)
124Ap-CMPN001x61_260114_LH00793_B23GCKKLT3	doxycycline	tetracycline	Resistant	2	tetA(46) (tetA(46)_HQ652506), tetB(46) (tetB(46)_HQ652506)
124Ap-CMPN001x61_260114_LH00793_B23GCKKLT3	minocycline	tetracycline	No resistance	0	
124Ap-CMPN001x61_260114_LH00793_B23GCKKLT3	tigecycline	tetracycline	Resistant	2	tetA(46) (tetA(46)_HQ652506), tetB(46) (tetB(46)_HQ652506)
124Ap-CMPN001x61_260114_LH00793_B23GCKKLT3	quinupristin	streptogramin b	Resistant	3	msr(D) (msr(D)_AF274302)
124Ap-CMPN001x61_260114_LH00793_B23GCKKLT3	pristinamycin ia	streptogramin b	Resistant	3	msr(D) (msr(D)_AF274302)
124Ap-CMPN001x61_260114_LH00793_B23GCKKLT3	virginiamycin s	streptogramin b	Resistant	3	msr(D) (msr(D)_AF274302)
124Ap-CMPN001x61_260114_LH00793_B23GCKKLT3	linezolid	oxazolidinone	No resistance	0	
124Ap-CMPN001x61_260114_LH00793_B23GCKKLT3	chloramphenicol	amphenicol	No resistance	0	
124Ap-CMPN001x61_260114_LH00793_B23GCKKLT3	florfenicol	amphenicol	No resistance	0	
124Ap-CMPN001x61_260114_LH00793_B23GCKKLT3	colistin	polymyxin	No resistance	0	
124Ap-CMPN001x61_260114_LH00793_B23GCKKLT3	fusidic acid	steroid antibacterial	No resistance	0	
124Ap-CMPN001x61_260114_LH00793_B23GCKKLT3	mupirocin	pseudomonic acid	No resistance	0	
124Ap-CMPN001x61_260114_LH00793_B23GCKKLT3	rifampicin	rifamycin	No resistance	0	
124Ap-CMPN001x61_260114_LH00793_B23GCKKLT3	metronidazole	nitroimidazole	No resistance	0	
124Ap-CMPN001x61_260114_LH00793_B23GCKKLT3	narasin	ionophores	No resistance	0	
124Ap-CMPN001x61_260114_LH00793_B23GCKKLT3	salinomycin	ionophores	No resistance	0	
124Ap-CMPN001x61_260114_LH00793_B23GCKKLT3	maduramicin	ionophores	No resistance	0	
127Cs-CMPN001x35_260114_LH00793_B23GCKKLT3	gentamicin	aminoglycoside	No resistance	0	
127Cs-CMPN001x35_260114_LH00793_B23GCKKLT3	tobramycin	aminoglycoside	No resistance	0	
127Cs-CMPN001x35_260114_LH00793_B23GCKKLT3	streptomycin	aminoglycoside	No resistance	0	
127Cs-CMPN001x35_260114_LH00793_B23GCKKLT3	amikacin	aminoglycoside	No resistance	0	
127Cs-CMPN001x35_260114_LH00793_B23GCKKLT3	isepamicin	aminoglycoside	No resistance	0	
127Cs-CMPN001x35_260114_LH00793_B23GCKKLT3	dibekacin	aminoglycoside	No resistance	0	
127Cs-CMPN001x35_260114_LH00793_B23GCKKLT3	kanamycin	aminoglycoside	No resistance	0	
127Cs-CMPN001x35_260114_LH00793_B23GCKKLT3	neomycin	aminoglycoside	No resistance	0	
127Cs-CMPN001x35_260114_LH00793_B23GCKKLT3	lividomycin	aminoglycoside	No resistance	0	
127Cs-CMPN001x35_260114_LH00793_B23GCKKLT3	paromomycin	aminoglycoside	No resistance	0	
127Cs-CMPN001x35_260114_LH00793_B23GCKKLT3	ribostamycin	aminoglycoside	No resistance	0	
127Cs-CMPN001x35_260114_LH00793_B23GCKKLT3	unknown aminoglycoside	aminoglycoside	No resistance	0	
127Cs-CMPN001x35_260114_LH00793_B23GCKKLT3	butiromycin	aminoglycoside	No resistance	0	
127Cs-CMPN001x35_260114_LH00793_B23GCKKLT3	butirosin	aminoglycoside	No resistance	0	
127Cs-CMPN001x35_260114_LH00793_B23GCKKLT3	hygromycin	aminoglycoside	No resistance	0	
127Cs-CMPN001x35_260114_LH00793_B23GCKKLT3	netilmicin	aminoglycoside	No resistance	0	
127Cs-CMPN001x35_260114_LH00793_B23GCKKLT3	apramycin	aminoglycoside	No resistance	0	
127Cs-CMPN001x35_260114_LH00793_B23GCKKLT3	sisomicin	aminoglycoside	No resistance	0	
127Cs-CMPN001x35_260114_LH00793_B23GCKKLT3	arbekacin	aminoglycoside	No resistance	0	
127Cs-CMPN001x35_260114_LH00793_B23GCKKLT3	kasugamycin	aminoglycoside	No resistance	0	
127Cs-CMPN001x35_260114_LH00793_B23GCKKLT3	astromicin	aminoglycoside	No resistance	0	
127Cs-CMPN001x35_260114_LH00793_B23GCKKLT3	fortimicin	aminoglycoside	No resistance	0	
127Cs-CMPN001x35_260114_LH00793_B23GCKKLT3	spectinomycin	aminocyclitol	No resistance	0	
127Cs-CMPN001x35_260114_LH00793_B23GCKKLT3	fluoroquinolone	quinolone	No resistance	0	
127Cs-CMPN001x35_260114_LH00793_B23GCKKLT3	ciprofloxacin	quinolone	No resistance	0	
127Cs-CMPN001x35_260114_LH00793_B23GCKKLT3	unknown quinolone	quinolone	No resistance	0	
127Cs-CMPN001x35_260114_LH00793_B23GCKKLT3	nalidixic acid	quinolone	No resistance	0	
127Cs-CMPN001x35_260114_LH00793_B23GCKKLT3	amoxicillin	beta-lactam	No resistance	0	
127Cs-CMPN001x35_260114_LH00793_B23GCKKLT3	amoxicillin+clavulanic acid	beta-lactam	No resistance	0	
127Cs-CMPN001x35_260114_LH00793_B23GCKKLT3	ampicillin	beta-lactam	No resistance	0	
127Cs-CMPN001x35_260114_LH00793_B23GCKKLT3	ampicillin+clavulanic acid	beta-lactam	No resistance	0	
127Cs-CMPN001x35_260114_LH00793_B23GCKKLT3	cefepime	beta-lactam	No resistance	0	
127Cs-CMPN001x35_260114_LH00793_B23GCKKLT3	cefixime	beta-lactam	No resistance	0	
127Cs-CMPN001x35_260114_LH00793_B23GCKKLT3	cefotaxime	beta-lactam	No resistance	0	
127Cs-CMPN001x35_260114_LH00793_B23GCKKLT3	cefoxitin	beta-lactam	No resistance	0	
127Cs-CMPN001x35_260114_LH00793_B23GCKKLT3	ceftazidime	beta-lactam	No resistance	0	
127Cs-CMPN001x35_260114_LH00793_B23GCKKLT3	ertapenem	beta-lactam	No resistance	0	
127Cs-CMPN001x35_260114_LH00793_B23GCKKLT3	imipenem	beta-lactam	No resistance	0	
127Cs-CMPN001x35_260114_LH00793_B23GCKKLT3	meropenem	beta-lactam	No resistance	0	
127Cs-CMPN001x35_260114_LH00793_B23GCKKLT3	piperacillin	beta-lactam	No resistance	0	
127Cs-CMPN001x35_260114_LH00793_B23GCKKLT3	piperacillin+tazobactam	beta-lactam	No resistance	0	
127Cs-CMPN001x35_260114_LH00793_B23GCKKLT3	unknown beta-lactam	beta-lactam	No resistance	0	
127Cs-CMPN001x35_260114_LH00793_B23GCKKLT3	aztreonam	beta-lactam	No resistance	0	
127Cs-CMPN001x35_260114_LH00793_B23GCKKLT3	cefotaxime+clavulanic acid	beta-lactam	No resistance	0	
127Cs-CMPN001x35_260114_LH00793_B23GCKKLT3	temocillin	beta-lactam	No resistance	0	
127Cs-CMPN001x35_260114_LH00793_B23GCKKLT3	ticarcillin	beta-lactam	No resistance	0	
127Cs-CMPN001x35_260114_LH00793_B23GCKKLT3	ceftazidime+avibactam	beta-lactam	No resistance	0	
127Cs-CMPN001x35_260114_LH00793_B23GCKKLT3	penicillin	beta-lactam	No resistance	0	
127Cs-CMPN001x35_260114_LH00793_B23GCKKLT3	ceftriaxone	beta-lactam	No resistance	0	
127Cs-CMPN001x35_260114_LH00793_B23GCKKLT3	ticarcillin+clavulanic acid	beta-lactam	No resistance	0	
127Cs-CMPN001x35_260114_LH00793_B23GCKKLT3	cephalothin	beta-lactam	No resistance	0	
127Cs-CMPN001x35_260114_LH00793_B23GCKKLT3	piperacillin+clavulanic acid	beta-lactam	No resistance	0	
127Cs-CMPN001x35_260114_LH00793_B23GCKKLT3	ceftiofur	under_development	No resistance	0	
127Cs-CMPN001x35_260114_LH00793_B23GCKKLT3	sulfamethoxazole	folate pathway antagonist	No resistance	0	
127Cs-CMPN001x35_260114_LH00793_B23GCKKLT3	trimethoprim	folate pathway antagonist	No resistance	0	
127Cs-CMPN001x35_260114_LH00793_B23GCKKLT3	fosfomycin	fosfomycin	No resistance	0	
127Cs-CMPN001x35_260114_LH00793_B23GCKKLT3	vancomycin	glycopeptide	No resistance	0	
127Cs-CMPN001x35_260114_LH00793_B23GCKKLT3	teicoplanin	glycopeptide	No resistance	0	
127Cs-CMPN001x35_260114_LH00793_B23GCKKLT3	bleomycin	glycopeptide	No resistance	0	
127Cs-CMPN001x35_260114_LH00793_B23GCKKLT3	lincomycin	lincosamide	Resistant	2	erm(B) (erm(B)_X72021), erm(B) (erm(B)_JN899585)
127Cs-CMPN001x35_260114_LH00793_B23GCKKLT3	clindamycin	lincosamide	Resistant	2	erm(B) (erm(B)_X72021), erm(B) (erm(B)_JN899585)
127Cs-CMPN001x35_260114_LH00793_B23GCKKLT3	dalfopristin	streptogramin a	No resistance	0	
127Cs-CMPN001x35_260114_LH00793_B23GCKKLT3	pristinamycin iia	streptogramin a	No resistance	0	
127Cs-CMPN001x35_260114_LH00793_B23GCKKLT3	virginiamycin m	streptogramin a	No resistance	0	
127Cs-CMPN001x35_260114_LH00793_B23GCKKLT3	quinupristin+dalfopristin	streptogramin a	No resistance	0	
127Cs-CMPN001x35_260114_LH00793_B23GCKKLT3	tiamulin	pleuromutilin	No resistance	0	
127Cs-CMPN001x35_260114_LH00793_B23GCKKLT3	carbomycin	macrolide	No resistance	0	
127Cs-CMPN001x35_260114_LH00793_B23GCKKLT3	erythromycin	macrolide	Resistant	2	erm(B) (erm(B)_X72021), erm(B) (erm(B)_JN899585)
127Cs-CMPN001x35_260114_LH00793_B23GCKKLT3	azithromycin	macrolide	No resistance	0	
127Cs-CMPN001x35_260114_LH00793_B23GCKKLT3	oleandomycin	macrolide	No resistance	0	
127Cs-CMPN001x35_260114_LH00793_B23GCKKLT3	spiramycin	macrolide	No resistance	0	
127Cs-CMPN001x35_260114_LH00793_B23GCKKLT3	tylosin	macrolide	No resistance	0	
127Cs-CMPN001x35_260114_LH00793_B23GCKKLT3	telithromycin	macrolide	No resistance	0	
127Cs-CMPN001x35_260114_LH00793_B23GCKKLT3	tetracycline	tetracycline	Resistant	2	tet(M) (tet(M)_X75073)
127Cs-CMPN001x35_260114_LH00793_B23GCKKLT3	doxycycline	tetracycline	Resistant	2	tet(M) (tet(M)_X75073)
127Cs-CMPN001x35_260114_LH00793_B23GCKKLT3	minocycline	tetracycline	Resistant	2	tet(M) (tet(M)_X75073)
127Cs-CMPN001x35_260114_LH00793_B23GCKKLT3	tigecycline	tetracycline	No resistance	0	
127Cs-CMPN001x35_260114_LH00793_B23GCKKLT3	quinupristin	streptogramin b	Resistant	2	erm(B) (erm(B)_X72021), erm(B) (erm(B)_JN899585)
127Cs-CMPN001x35_260114_LH00793_B23GCKKLT3	pristinamycin ia	streptogramin b	Resistant	2	erm(B) (erm(B)_X72021), erm(B) (erm(B)_JN899585)
127Cs-CMPN001x35_260114_LH00793_B23GCKKLT3	virginiamycin s	streptogramin b	Resistant	2	erm(B) (erm(B)_X72021), erm(B) (erm(B)_JN899585)
127Cs-CMPN001x35_260114_LH00793_B23GCKKLT3	linezolid	oxazolidinone	No resistance	0	
127Cs-CMPN001x35_260114_LH00793_B23GCKKLT3	chloramphenicol	amphenicol	No resistance	0	
127Cs-CMPN001x35_260114_LH00793_B23GCKKLT3	florfenicol	amphenicol	No resistance	0	
127Cs-CMPN001x35_260114_LH00793_B23GCKKLT3	colistin	polymyxin	No resistance	0	
127Cs-CMPN001x35_260114_LH00793_B23GCKKLT3	fusidic acid	steroid antibacterial	No resistance	0	
127Cs-CMPN001x35_260114_LH00793_B23GCKKLT3	mupirocin	pseudomonic acid	No resistance	0	
127Cs-CMPN001x35_260114_LH00793_B23GCKKLT3	rifampicin	rifamycin	No resistance	0	
127Cs-CMPN001x35_260114_LH00793_B23GCKKLT3	metronidazole	nitroimidazole	No resistance	0	
127Cs-CMPN001x35_260114_LH00793_B23GCKKLT3	narasin	ionophores	No resistance	0	
127Cs-CMPN001x35_260114_LH00793_B23GCKKLT3	salinomycin	ionophores	No resistance	0	
127Cs-CMPN001x35_260114_LH00793_B23GCKKLT3	maduramicin	ionophores	No resistance	0	
129Cs-CMPN001x36_260114_LH00793_B23GCKKLT3	gentamicin	aminoglycoside	No resistance	0	
129Cs-CMPN001x36_260114_LH00793_B23GCKKLT3	tobramycin	aminoglycoside	No resistance	0	
129Cs-CMPN001x36_260114_LH00793_B23GCKKLT3	streptomycin	aminoglycoside	No resistance	0	
129Cs-CMPN001x36_260114_LH00793_B23GCKKLT3	amikacin	aminoglycoside	No resistance	0	
129Cs-CMPN001x36_260114_LH00793_B23GCKKLT3	isepamicin	aminoglycoside	No resistance	0	
129Cs-CMPN001x36_260114_LH00793_B23GCKKLT3	dibekacin	aminoglycoside	No resistance	0	
129Cs-CMPN001x36_260114_LH00793_B23GCKKLT3	kanamycin	aminoglycoside	No resistance	0	
129Cs-CMPN001x36_260114_LH00793_B23GCKKLT3	neomycin	aminoglycoside	No resistance	0	
129Cs-CMPN001x36_260114_LH00793_B23GCKKLT3	lividomycin	aminoglycoside	No resistance	0	
129Cs-CMPN001x36_260114_LH00793_B23GCKKLT3	paromomycin	aminoglycoside	No resistance	0	
129Cs-CMPN001x36_260114_LH00793_B23GCKKLT3	ribostamycin	aminoglycoside	No resistance	0	
129Cs-CMPN001x36_260114_LH00793_B23GCKKLT3	unknown aminoglycoside	aminoglycoside	No resistance	0	
129Cs-CMPN001x36_260114_LH00793_B23GCKKLT3	butiromycin	aminoglycoside	No resistance	0	
129Cs-CMPN001x36_260114_LH00793_B23GCKKLT3	butirosin	aminoglycoside	No resistance	0	
129Cs-CMPN001x36_260114_LH00793_B23GCKKLT3	hygromycin	aminoglycoside	No resistance	0	
129Cs-CMPN001x36_260114_LH00793_B23GCKKLT3	netilmicin	aminoglycoside	No resistance	0	
129Cs-CMPN001x36_260114_LH00793_B23GCKKLT3	apramycin	aminoglycoside	No resistance	0	
129Cs-CMPN001x36_260114_LH00793_B23GCKKLT3	sisomicin	aminoglycoside	No resistance	0	
129Cs-CMPN001x36_260114_LH00793_B23GCKKLT3	arbekacin	aminoglycoside	No resistance	0	
129Cs-CMPN001x36_260114_LH00793_B23GCKKLT3	kasugamycin	aminoglycoside	No resistance	0	
129Cs-CMPN001x36_260114_LH00793_B23GCKKLT3	astromicin	aminoglycoside	No resistance	0	
129Cs-CMPN001x36_260114_LH00793_B23GCKKLT3	fortimicin	aminoglycoside	No resistance	0	
129Cs-CMPN001x36_260114_LH00793_B23GCKKLT3	spectinomycin	aminocyclitol	No resistance	0	
129Cs-CMPN001x36_260114_LH00793_B23GCKKLT3	fluoroquinolone	quinolone	No resistance	0	
129Cs-CMPN001x36_260114_LH00793_B23GCKKLT3	ciprofloxacin	quinolone	No resistance	0	
129Cs-CMPN001x36_260114_LH00793_B23GCKKLT3	unknown quinolone	quinolone	No resistance	0	
129Cs-CMPN001x36_260114_LH00793_B23GCKKLT3	nalidixic acid	quinolone	No resistance	0	
129Cs-CMPN001x36_260114_LH00793_B23GCKKLT3	amoxicillin	beta-lactam	No resistance	0	
129Cs-CMPN001x36_260114_LH00793_B23GCKKLT3	amoxicillin+clavulanic acid	beta-lactam	No resistance	0	
129Cs-CMPN001x36_260114_LH00793_B23GCKKLT3	ampicillin	beta-lactam	No resistance	0	
129Cs-CMPN001x36_260114_LH00793_B23GCKKLT3	ampicillin+clavulanic acid	beta-lactam	No resistance	0	
129Cs-CMPN001x36_260114_LH00793_B23GCKKLT3	cefepime	beta-lactam	No resistance	0	
129Cs-CMPN001x36_260114_LH00793_B23GCKKLT3	cefixime	beta-lactam	No resistance	0	
129Cs-CMPN001x36_260114_LH00793_B23GCKKLT3	cefotaxime	beta-lactam	No resistance	0	
129Cs-CMPN001x36_260114_LH00793_B23GCKKLT3	cefoxitin	beta-lactam	No resistance	0	
129Cs-CMPN001x36_260114_LH00793_B23GCKKLT3	ceftazidime	beta-lactam	No resistance	0	
129Cs-CMPN001x36_260114_LH00793_B23GCKKLT3	ertapenem	beta-lactam	No resistance	0	
129Cs-CMPN001x36_260114_LH00793_B23GCKKLT3	imipenem	beta-lactam	No resistance	0	
129Cs-CMPN001x36_260114_LH00793_B23GCKKLT3	meropenem	beta-lactam	No resistance	0	
129Cs-CMPN001x36_260114_LH00793_B23GCKKLT3	piperacillin	beta-lactam	No resistance	0	
129Cs-CMPN001x36_260114_LH00793_B23GCKKLT3	piperacillin+tazobactam	beta-lactam	No resistance	0	
129Cs-CMPN001x36_260114_LH00793_B23GCKKLT3	unknown beta-lactam	beta-lactam	No resistance	0	
129Cs-CMPN001x36_260114_LH00793_B23GCKKLT3	aztreonam	beta-lactam	No resistance	0	
129Cs-CMPN001x36_260114_LH00793_B23GCKKLT3	cefotaxime+clavulanic acid	beta-lactam	No resistance	0	
129Cs-CMPN001x36_260114_LH00793_B23GCKKLT3	temocillin	beta-lactam	No resistance	0	
129Cs-CMPN001x36_260114_LH00793_B23GCKKLT3	ticarcillin	beta-lactam	No resistance	0	
129Cs-CMPN001x36_260114_LH00793_B23GCKKLT3	ceftazidime+avibactam	beta-lactam	No resistance	0	
129Cs-CMPN001x36_260114_LH00793_B23GCKKLT3	penicillin	beta-lactam	No resistance	0	
129Cs-CMPN001x36_260114_LH00793_B23GCKKLT3	ceftriaxone	beta-lactam	No resistance	0	
129Cs-CMPN001x36_260114_LH00793_B23GCKKLT3	ticarcillin+clavulanic acid	beta-lactam	No resistance	0	
129Cs-CMPN001x36_260114_LH00793_B23GCKKLT3	cephalothin	beta-lactam	No resistance	0	
129Cs-CMPN001x36_260114_LH00793_B23GCKKLT3	piperacillin+clavulanic acid	beta-lactam	No resistance	0	
129Cs-CMPN001x36_260114_LH00793_B23GCKKLT3	ceftiofur	under_development	No resistance	0	
129Cs-CMPN001x36_260114_LH00793_B23GCKKLT3	sulfamethoxazole	folate pathway antagonist	No resistance	0	
129Cs-CMPN001x36_260114_LH00793_B23GCKKLT3	trimethoprim	folate pathway antagonist	No resistance	0	
129Cs-CMPN001x36_260114_LH00793_B23GCKKLT3	fosfomycin	fosfomycin	No resistance	0	
129Cs-CMPN001x36_260114_LH00793_B23GCKKLT3	vancomycin	glycopeptide	No resistance	0	
129Cs-CMPN001x36_260114_LH00793_B23GCKKLT3	teicoplanin	glycopeptide	No resistance	0	
129Cs-CMPN001x36_260114_LH00793_B23GCKKLT3	bleomycin	glycopeptide	No resistance	0	
129Cs-CMPN001x36_260114_LH00793_B23GCKKLT3	lincomycin	lincosamide	Resistant	3	erm(B) (erm(B)_U86375)
129Cs-CMPN001x36_260114_LH00793_B23GCKKLT3	clindamycin	lincosamide	Resistant	3	erm(B) (erm(B)_U86375)
129Cs-CMPN001x36_260114_LH00793_B23GCKKLT3	dalfopristin	streptogramin a	No resistance	0	
129Cs-CMPN001x36_260114_LH00793_B23GCKKLT3	pristinamycin iia	streptogramin a	No resistance	0	
129Cs-CMPN001x36_260114_LH00793_B23GCKKLT3	virginiamycin m	streptogramin a	No resistance	0	
129Cs-CMPN001x36_260114_LH00793_B23GCKKLT3	quinupristin+dalfopristin	streptogramin a	No resistance	0	
129Cs-CMPN001x36_260114_LH00793_B23GCKKLT3	tiamulin	pleuromutilin	No resistance	0	
129Cs-CMPN001x36_260114_LH00793_B23GCKKLT3	carbomycin	macrolide	No resistance	0	
129Cs-CMPN001x36_260114_LH00793_B23GCKKLT3	erythromycin	macrolide	Resistant	3	erm(B) (erm(B)_U86375)
129Cs-CMPN001x36_260114_LH00793_B23GCKKLT3	azithromycin	macrolide	No resistance	0	
129Cs-CMPN001x36_260114_LH00793_B23GCKKLT3	oleandomycin	macrolide	No resistance	0	
129Cs-CMPN001x36_260114_LH00793_B23GCKKLT3	spiramycin	macrolide	No resistance	0	
129Cs-CMPN001x36_260114_LH00793_B23GCKKLT3	tylosin	macrolide	No resistance	0	
129Cs-CMPN001x36_260114_LH00793_B23GCKKLT3	telithromycin	macrolide	No resistance	0	
129Cs-CMPN001x36_260114_LH00793_B23GCKKLT3	tetracycline	tetracycline	Resistant	2	tet(M) (tet(M)_FR671418)
129Cs-CMPN001x36_260114_LH00793_B23GCKKLT3	doxycycline	tetracycline	Resistant	2	tet(M) (tet(M)_FR671418)
129Cs-CMPN001x36_260114_LH00793_B23GCKKLT3	minocycline	tetracycline	Resistant	2	tet(M) (tet(M)_FR671418)
129Cs-CMPN001x36_260114_LH00793_B23GCKKLT3	tigecycline	tetracycline	No resistance	0	
129Cs-CMPN001x36_260114_LH00793_B23GCKKLT3	quinupristin	streptogramin b	Resistant	3	erm(B) (erm(B)_U86375)
129Cs-CMPN001x36_260114_LH00793_B23GCKKLT3	pristinamycin ia	streptogramin b	Resistant	3	erm(B) (erm(B)_U86375)
129Cs-CMPN001x36_260114_LH00793_B23GCKKLT3	virginiamycin s	streptogramin b	Resistant	3	erm(B) (erm(B)_U86375)
129Cs-CMPN001x36_260114_LH00793_B23GCKKLT3	linezolid	oxazolidinone	No resistance	0	
129Cs-CMPN001x36_260114_LH00793_B23GCKKLT3	chloramphenicol	amphenicol	No resistance	0	
129Cs-CMPN001x36_260114_LH00793_B23GCKKLT3	florfenicol	amphenicol	No resistance	0	
129Cs-CMPN001x36_260114_LH00793_B23GCKKLT3	colistin	polymyxin	No resistance	0	
129Cs-CMPN001x36_260114_LH00793_B23GCKKLT3	fusidic acid	steroid antibacterial	No resistance	0	
129Cs-CMPN001x36_260114_LH00793_B23GCKKLT3	mupirocin	pseudomonic acid	No resistance	0	
129Cs-CMPN001x36_260114_LH00793_B23GCKKLT3	rifampicin	rifamycin	No resistance	0	
129Cs-CMPN001x36_260114_LH00793_B23GCKKLT3	metronidazole	nitroimidazole	No resistance	0	
129Cs-CMPN001x36_260114_LH00793_B23GCKKLT3	narasin	ionophores	No resistance	0	
129Cs-CMPN001x36_260114_LH00793_B23GCKKLT3	salinomycin	ionophores	No resistance	0	
129Cs-CMPN001x36_260114_LH00793_B23GCKKLT3	maduramicin	ionophores	No resistance	0	
131As-CMPN001x62_260114_LH00793_B23GCKKLT3	gentamicin	aminoglycoside	No resistance	0	
131As-CMPN001x62_260114_LH00793_B23GCKKLT3	tobramycin	aminoglycoside	No resistance	0	
131As-CMPN001x62_260114_LH00793_B23GCKKLT3	streptomycin	aminoglycoside	No resistance	0	
131As-CMPN001x62_260114_LH00793_B23GCKKLT3	amikacin	aminoglycoside	No resistance	0	
131As-CMPN001x62_260114_LH00793_B23GCKKLT3	isepamicin	aminoglycoside	No resistance	0	
131As-CMPN001x62_260114_LH00793_B23GCKKLT3	dibekacin	aminoglycoside	No resistance	0	
131As-CMPN001x62_260114_LH00793_B23GCKKLT3	kanamycin	aminoglycoside	No resistance	0	
131As-CMPN001x62_260114_LH00793_B23GCKKLT3	neomycin	aminoglycoside	No resistance	0	
131As-CMPN001x62_260114_LH00793_B23GCKKLT3	lividomycin	aminoglycoside	No resistance	0	
131As-CMPN001x62_260114_LH00793_B23GCKKLT3	paromomycin	aminoglycoside	No resistance	0	
131As-CMPN001x62_260114_LH00793_B23GCKKLT3	ribostamycin	aminoglycoside	No resistance	0	
131As-CMPN001x62_260114_LH00793_B23GCKKLT3	unknown aminoglycoside	aminoglycoside	No resistance	0	
131As-CMPN001x62_260114_LH00793_B23GCKKLT3	butiromycin	aminoglycoside	No resistance	0	
131As-CMPN001x62_260114_LH00793_B23GCKKLT3	butirosin	aminoglycoside	No resistance	0	
131As-CMPN001x62_260114_LH00793_B23GCKKLT3	hygromycin	aminoglycoside	No resistance	0	
131As-CMPN001x62_260114_LH00793_B23GCKKLT3	netilmicin	aminoglycoside	No resistance	0	
131As-CMPN001x62_260114_LH00793_B23GCKKLT3	apramycin	aminoglycoside	No resistance	0	
131As-CMPN001x62_260114_LH00793_B23GCKKLT3	sisomicin	aminoglycoside	No resistance	0	
131As-CMPN001x62_260114_LH00793_B23GCKKLT3	arbekacin	aminoglycoside	No resistance	0	
131As-CMPN001x62_260114_LH00793_B23GCKKLT3	kasugamycin	aminoglycoside	No resistance	0	
131As-CMPN001x62_260114_LH00793_B23GCKKLT3	astromicin	aminoglycoside	No resistance	0	
131As-CMPN001x62_260114_LH00793_B23GCKKLT3	fortimicin	aminoglycoside	No resistance	0	
131As-CMPN001x62_260114_LH00793_B23GCKKLT3	spectinomycin	aminocyclitol	No resistance	0	
131As-CMPN001x62_260114_LH00793_B23GCKKLT3	fluoroquinolone	quinolone	No resistance	0	
131As-CMPN001x62_260114_LH00793_B23GCKKLT3	ciprofloxacin	quinolone	No resistance	0	
131As-CMPN001x62_260114_LH00793_B23GCKKLT3	unknown quinolone	quinolone	No resistance	0	
131As-CMPN001x62_260114_LH00793_B23GCKKLT3	nalidixic acid	quinolone	No resistance	0	
131As-CMPN001x62_260114_LH00793_B23GCKKLT3	amoxicillin	beta-lactam	No resistance	0	
131As-CMPN001x62_260114_LH00793_B23GCKKLT3	amoxicillin+clavulanic acid	beta-lactam	No resistance	0	
131As-CMPN001x62_260114_LH00793_B23GCKKLT3	ampicillin	beta-lactam	No resistance	0	
131As-CMPN001x62_260114_LH00793_B23GCKKLT3	ampicillin+clavulanic acid	beta-lactam	No resistance	0	
131As-CMPN001x62_260114_LH00793_B23GCKKLT3	cefepime	beta-lactam	No resistance	0	
131As-CMPN001x62_260114_LH00793_B23GCKKLT3	cefixime	beta-lactam	No resistance	0	
131As-CMPN001x62_260114_LH00793_B23GCKKLT3	cefotaxime	beta-lactam	No resistance	0	
131As-CMPN001x62_260114_LH00793_B23GCKKLT3	cefoxitin	beta-lactam	No resistance	0	
131As-CMPN001x62_260114_LH00793_B23GCKKLT3	ceftazidime	beta-lactam	No resistance	0	
131As-CMPN001x62_260114_LH00793_B23GCKKLT3	ertapenem	beta-lactam	No resistance	0	
131As-CMPN001x62_260114_LH00793_B23GCKKLT3	imipenem	beta-lactam	No resistance	0	
131As-CMPN001x62_260114_LH00793_B23GCKKLT3	meropenem	beta-lactam	No resistance	0	
131As-CMPN001x62_260114_LH00793_B23GCKKLT3	piperacillin	beta-lactam	No resistance	0	
131As-CMPN001x62_260114_LH00793_B23GCKKLT3	piperacillin+tazobactam	beta-lactam	No resistance	0	
131As-CMPN001x62_260114_LH00793_B23GCKKLT3	unknown beta-lactam	beta-lactam	No resistance	0	
131As-CMPN001x62_260114_LH00793_B23GCKKLT3	aztreonam	beta-lactam	No resistance	0	
131As-CMPN001x62_260114_LH00793_B23GCKKLT3	cefotaxime+clavulanic acid	beta-lactam	No resistance	0	
131As-CMPN001x62_260114_LH00793_B23GCKKLT3	temocillin	beta-lactam	No resistance	0	
131As-CMPN001x62_260114_LH00793_B23GCKKLT3	ticarcillin	beta-lactam	No resistance	0	
131As-CMPN001x62_260114_LH00793_B23GCKKLT3	ceftazidime+avibactam	beta-lactam	No resistance	0	
131As-CMPN001x62_260114_LH00793_B23GCKKLT3	penicillin	beta-lactam	No resistance	0	
131As-CMPN001x62_260114_LH00793_B23GCKKLT3	ceftriaxone	beta-lactam	No resistance	0	
131As-CMPN001x62_260114_LH00793_B23GCKKLT3	ticarcillin+clavulanic acid	beta-lactam	No resistance	0	
131As-CMPN001x62_260114_LH00793_B23GCKKLT3	cephalothin	beta-lactam	No resistance	0	
131As-CMPN001x62_260114_LH00793_B23GCKKLT3	piperacillin+clavulanic acid	beta-lactam	No resistance	0	
131As-CMPN001x62_260114_LH00793_B23GCKKLT3	ceftiofur	under_development	No resistance	0	
131As-CMPN001x62_260114_LH00793_B23GCKKLT3	sulfamethoxazole	folate pathway antagonist	No resistance	0	
131As-CMPN001x62_260114_LH00793_B23GCKKLT3	trimethoprim	folate pathway antagonist	No resistance	0	
131As-CMPN001x62_260114_LH00793_B23GCKKLT3	fosfomycin	fosfomycin	No resistance	0	
131As-CMPN001x62_260114_LH00793_B23GCKKLT3	vancomycin	glycopeptide	No resistance	0	
131As-CMPN001x62_260114_LH00793_B23GCKKLT3	teicoplanin	glycopeptide	No resistance	0	
131As-CMPN001x62_260114_LH00793_B23GCKKLT3	bleomycin	glycopeptide	No resistance	0	
131As-CMPN001x62_260114_LH00793_B23GCKKLT3	lincomycin	lincosamide	No resistance	0	
131As-CMPN001x62_260114_LH00793_B23GCKKLT3	clindamycin	lincosamide	No resistance	0	
131As-CMPN001x62_260114_LH00793_B23GCKKLT3	dalfopristin	streptogramin a	No resistance	0	
131As-CMPN001x62_260114_LH00793_B23GCKKLT3	pristinamycin iia	streptogramin a	No resistance	0	
131As-CMPN001x62_260114_LH00793_B23GCKKLT3	virginiamycin m	streptogramin a	No resistance	0	
131As-CMPN001x62_260114_LH00793_B23GCKKLT3	quinupristin+dalfopristin	streptogramin a	No resistance	0	
131As-CMPN001x62_260114_LH00793_B23GCKKLT3	tiamulin	pleuromutilin	No resistance	0	
131As-CMPN001x62_260114_LH00793_B23GCKKLT3	carbomycin	macrolide	No resistance	0	
131As-CMPN001x62_260114_LH00793_B23GCKKLT3	erythromycin	macrolide	Resistant	3	msr(D) (msr(D)_AF274302), mef(A) (mef(A)_U83667)
131As-CMPN001x62_260114_LH00793_B23GCKKLT3	azithromycin	macrolide	Resistant	3	msr(D) (msr(D)_AF274302), mef(A) (mef(A)_U83667)
131As-CMPN001x62_260114_LH00793_B23GCKKLT3	oleandomycin	macrolide	No resistance	0	
131As-CMPN001x62_260114_LH00793_B23GCKKLT3	spiramycin	macrolide	No resistance	0	
131As-CMPN001x62_260114_LH00793_B23GCKKLT3	tylosin	macrolide	No resistance	0	
131As-CMPN001x62_260114_LH00793_B23GCKKLT3	telithromycin	macrolide	Resistant	3	msr(D) (msr(D)_AF274302)
131As-CMPN001x62_260114_LH00793_B23GCKKLT3	tetracycline	tetracycline	No resistance	0	
131As-CMPN001x62_260114_LH00793_B23GCKKLT3	doxycycline	tetracycline	No resistance	0	
131As-CMPN001x62_260114_LH00793_B23GCKKLT3	minocycline	tetracycline	No resistance	0	
131As-CMPN001x62_260114_LH00793_B23GCKKLT3	tigecycline	tetracycline	No resistance	0	
131As-CMPN001x62_260114_LH00793_B23GCKKLT3	quinupristin	streptogramin b	Resistant	3	msr(D) (msr(D)_AF274302)
131As-CMPN001x62_260114_LH00793_B23GCKKLT3	pristinamycin ia	streptogramin b	Resistant	3	msr(D) (msr(D)_AF274302)
131As-CMPN001x62_260114_LH00793_B23GCKKLT3	virginiamycin s	streptogramin b	Resistant	3	msr(D) (msr(D)_AF274302)
131As-CMPN001x62_260114_LH00793_B23GCKKLT3	linezolid	oxazolidinone	No resistance	0	
131As-CMPN001x62_260114_LH00793_B23GCKKLT3	chloramphenicol	amphenicol	No resistance	0	
131As-CMPN001x62_260114_LH00793_B23GCKKLT3	florfenicol	amphenicol	No resistance	0	
131As-CMPN001x62_260114_LH00793_B23GCKKLT3	colistin	polymyxin	No resistance	0	
131As-CMPN001x62_260114_LH00793_B23GCKKLT3	fusidic acid	steroid antibacterial	No resistance	0	
131As-CMPN001x62_260114_LH00793_B23GCKKLT3	mupirocin	pseudomonic acid	No resistance	0	
131As-CMPN001x62_260114_LH00793_B23GCKKLT3	rifampicin	rifamycin	No resistance	0	
131As-CMPN001x62_260114_LH00793_B23GCKKLT3	metronidazole	nitroimidazole	No resistance	0	
131As-CMPN001x62_260114_LH00793_B23GCKKLT3	narasin	ionophores	No resistance	0	
131As-CMPN001x62_260114_LH00793_B23GCKKLT3	salinomycin	ionophores	No resistance	0	
131As-CMPN001x62_260114_LH00793_B23GCKKLT3	maduramicin	ionophores	No resistance	0	
131Ca-CMPN001x63_260114_LH00793_B23GCKKLT3	gentamicin	aminoglycoside	No resistance	0	
131Ca-CMPN001x63_260114_LH00793_B23GCKKLT3	tobramycin	aminoglycoside	No resistance	0	
131Ca-CMPN001x63_260114_LH00793_B23GCKKLT3	streptomycin	aminoglycoside	No resistance	0	
131Ca-CMPN001x63_260114_LH00793_B23GCKKLT3	amikacin	aminoglycoside	No resistance	0	
131Ca-CMPN001x63_260114_LH00793_B23GCKKLT3	isepamicin	aminoglycoside	No resistance	0	
131Ca-CMPN001x63_260114_LH00793_B23GCKKLT3	dibekacin	aminoglycoside	No resistance	0	
131Ca-CMPN001x63_260114_LH00793_B23GCKKLT3	kanamycin	aminoglycoside	No resistance	0	
131Ca-CMPN001x63_260114_LH00793_B23GCKKLT3	neomycin	aminoglycoside	No resistance	0	
131Ca-CMPN001x63_260114_LH00793_B23GCKKLT3	lividomycin	aminoglycoside	No resistance	0	
131Ca-CMPN001x63_260114_LH00793_B23GCKKLT3	paromomycin	aminoglycoside	No resistance	0	
131Ca-CMPN001x63_260114_LH00793_B23GCKKLT3	ribostamycin	aminoglycoside	No resistance	0	
131Ca-CMPN001x63_260114_LH00793_B23GCKKLT3	unknown aminoglycoside	aminoglycoside	No resistance	0	
131Ca-CMPN001x63_260114_LH00793_B23GCKKLT3	butiromycin	aminoglycoside	No resistance	0	
131Ca-CMPN001x63_260114_LH00793_B23GCKKLT3	butirosin	aminoglycoside	No resistance	0	
131Ca-CMPN001x63_260114_LH00793_B23GCKKLT3	hygromycin	aminoglycoside	No resistance	0	
131Ca-CMPN001x63_260114_LH00793_B23GCKKLT3	netilmicin	aminoglycoside	No resistance	0	
131Ca-CMPN001x63_260114_LH00793_B23GCKKLT3	apramycin	aminoglycoside	No resistance	0	
131Ca-CMPN001x63_260114_LH00793_B23GCKKLT3	sisomicin	aminoglycoside	No resistance	0	
131Ca-CMPN001x63_260114_LH00793_B23GCKKLT3	arbekacin	aminoglycoside	No resistance	0	
131Ca-CMPN001x63_260114_LH00793_B23GCKKLT3	kasugamycin	aminoglycoside	No resistance	0	
131Ca-CMPN001x63_260114_LH00793_B23GCKKLT3	astromicin	aminoglycoside	No resistance	0	
131Ca-CMPN001x63_260114_LH00793_B23GCKKLT3	fortimicin	aminoglycoside	No resistance	0	
131Ca-CMPN001x63_260114_LH00793_B23GCKKLT3	spectinomycin	aminocyclitol	No resistance	0	
131Ca-CMPN001x63_260114_LH00793_B23GCKKLT3	fluoroquinolone	quinolone	No resistance	0	
131Ca-CMPN001x63_260114_LH00793_B23GCKKLT3	ciprofloxacin	quinolone	No resistance	0	
131Ca-CMPN001x63_260114_LH00793_B23GCKKLT3	unknown quinolone	quinolone	No resistance	0	
131Ca-CMPN001x63_260114_LH00793_B23GCKKLT3	nalidixic acid	quinolone	No resistance	0	
131Ca-CMPN001x63_260114_LH00793_B23GCKKLT3	amoxicillin	beta-lactam	No resistance	0	
131Ca-CMPN001x63_260114_LH00793_B23GCKKLT3	amoxicillin+clavulanic acid	beta-lactam	No resistance	0	
131Ca-CMPN001x63_260114_LH00793_B23GCKKLT3	ampicillin	beta-lactam	No resistance	0	
131Ca-CMPN001x63_260114_LH00793_B23GCKKLT3	ampicillin+clavulanic acid	beta-lactam	No resistance	0	
131Ca-CMPN001x63_260114_LH00793_B23GCKKLT3	cefepime	beta-lactam	No resistance	0	
131Ca-CMPN001x63_260114_LH00793_B23GCKKLT3	cefixime	beta-lactam	No resistance	0	
131Ca-CMPN001x63_260114_LH00793_B23GCKKLT3	cefotaxime	beta-lactam	No resistance	0	
131Ca-CMPN001x63_260114_LH00793_B23GCKKLT3	cefoxitin	beta-lactam	No resistance	0	
131Ca-CMPN001x63_260114_LH00793_B23GCKKLT3	ceftazidime	beta-lactam	No resistance	0	
131Ca-CMPN001x63_260114_LH00793_B23GCKKLT3	ertapenem	beta-lactam	No resistance	0	
131Ca-CMPN001x63_260114_LH00793_B23GCKKLT3	imipenem	beta-lactam	No resistance	0	
131Ca-CMPN001x63_260114_LH00793_B23GCKKLT3	meropenem	beta-lactam	No resistance	0	
131Ca-CMPN001x63_260114_LH00793_B23GCKKLT3	piperacillin	beta-lactam	No resistance	0	
131Ca-CMPN001x63_260114_LH00793_B23GCKKLT3	piperacillin+tazobactam	beta-lactam	No resistance	0	
131Ca-CMPN001x63_260114_LH00793_B23GCKKLT3	unknown beta-lactam	beta-lactam	No resistance	0	
131Ca-CMPN001x63_260114_LH00793_B23GCKKLT3	aztreonam	beta-lactam	No resistance	0	
131Ca-CMPN001x63_260114_LH00793_B23GCKKLT3	cefotaxime+clavulanic acid	beta-lactam	No resistance	0	
131Ca-CMPN001x63_260114_LH00793_B23GCKKLT3	temocillin	beta-lactam	No resistance	0	
131Ca-CMPN001x63_260114_LH00793_B23GCKKLT3	ticarcillin	beta-lactam	No resistance	0	
131Ca-CMPN001x63_260114_LH00793_B23GCKKLT3	ceftazidime+avibactam	beta-lactam	No resistance	0	
131Ca-CMPN001x63_260114_LH00793_B23GCKKLT3	penicillin	beta-lactam	No resistance	0	
131Ca-CMPN001x63_260114_LH00793_B23GCKKLT3	ceftriaxone	beta-lactam	No resistance	0	
131Ca-CMPN001x63_260114_LH00793_B23GCKKLT3	ticarcillin+clavulanic acid	beta-lactam	No resistance	0	
131Ca-CMPN001x63_260114_LH00793_B23GCKKLT3	cephalothin	beta-lactam	No resistance	0	
131Ca-CMPN001x63_260114_LH00793_B23GCKKLT3	piperacillin+clavulanic acid	beta-lactam	No resistance	0	
131Ca-CMPN001x63_260114_LH00793_B23GCKKLT3	ceftiofur	under_development	No resistance	0	
131Ca-CMPN001x63_260114_LH00793_B23GCKKLT3	sulfamethoxazole	folate pathway antagonist	No resistance	0	
131Ca-CMPN001x63_260114_LH00793_B23GCKKLT3	trimethoprim	folate pathway antagonist	No resistance	0	
131Ca-CMPN001x63_260114_LH00793_B23GCKKLT3	fosfomycin	fosfomycin	No resistance	0	
131Ca-CMPN001x63_260114_LH00793_B23GCKKLT3	vancomycin	glycopeptide	No resistance	0	
131Ca-CMPN001x63_260114_LH00793_B23GCKKLT3	teicoplanin	glycopeptide	No resistance	0	
131Ca-CMPN001x63_260114_LH00793_B23GCKKLT3	bleomycin	glycopeptide	No resistance	0	
131Ca-CMPN001x63_260114_LH00793_B23GCKKLT3	lincomycin	lincosamide	Resistant	3	erm(B) (erm(B)_X72021)
131Ca-CMPN001x63_260114_LH00793_B23GCKKLT3	clindamycin	lincosamide	Resistant	3	erm(B) (erm(B)_X72021)
131Ca-CMPN001x63_260114_LH00793_B23GCKKLT3	dalfopristin	streptogramin a	No resistance	0	
131Ca-CMPN001x63_260114_LH00793_B23GCKKLT3	pristinamycin iia	streptogramin a	No resistance	0	
131Ca-CMPN001x63_260114_LH00793_B23GCKKLT3	virginiamycin m	streptogramin a	No resistance	0	
131Ca-CMPN001x63_260114_LH00793_B23GCKKLT3	quinupristin+dalfopristin	streptogramin a	No resistance	0	
131Ca-CMPN001x63_260114_LH00793_B23GCKKLT3	tiamulin	pleuromutilin	No resistance	0	
131Ca-CMPN001x63_260114_LH00793_B23GCKKLT3	carbomycin	macrolide	No resistance	0	
131Ca-CMPN001x63_260114_LH00793_B23GCKKLT3	erythromycin	macrolide	Resistant	3	erm(B) (erm(B)_X72021)
131Ca-CMPN001x63_260114_LH00793_B23GCKKLT3	azithromycin	macrolide	No resistance	0	
131Ca-CMPN001x63_260114_LH00793_B23GCKKLT3	oleandomycin	macrolide	No resistance	0	
131Ca-CMPN001x63_260114_LH00793_B23GCKKLT3	spiramycin	macrolide	No resistance	0	
131Ca-CMPN001x63_260114_LH00793_B23GCKKLT3	tylosin	macrolide	No resistance	0	
131Ca-CMPN001x63_260114_LH00793_B23GCKKLT3	telithromycin	macrolide	No resistance	0	
131Ca-CMPN001x63_260114_LH00793_B23GCKKLT3	tetracycline	tetracycline	Resistant	3	tet(M) (tet(M)_X04388)
131Ca-CMPN001x63_260114_LH00793_B23GCKKLT3	doxycycline	tetracycline	Resistant	3	tet(M) (tet(M)_X04388)
131Ca-CMPN001x63_260114_LH00793_B23GCKKLT3	minocycline	tetracycline	Resistant	3	tet(M) (tet(M)_X04388)
131Ca-CMPN001x63_260114_LH00793_B23GCKKLT3	tigecycline	tetracycline	No resistance	0	
131Ca-CMPN001x63_260114_LH00793_B23GCKKLT3	quinupristin	streptogramin b	Resistant	3	erm(B) (erm(B)_X72021)
131Ca-CMPN001x63_260114_LH00793_B23GCKKLT3	pristinamycin ia	streptogramin b	Resistant	3	erm(B) (erm(B)_X72021)
131Ca-CMPN001x63_260114_LH00793_B23GCKKLT3	virginiamycin s	streptogramin b	Resistant	3	erm(B) (erm(B)_X72021)
131Ca-CMPN001x63_260114_LH00793_B23GCKKLT3	linezolid	oxazolidinone	No resistance	0	
131Ca-CMPN001x63_260114_LH00793_B23GCKKLT3	chloramphenicol	amphenicol	No resistance	0	
131Ca-CMPN001x63_260114_LH00793_B23GCKKLT3	florfenicol	amphenicol	No resistance	0	
131Ca-CMPN001x63_260114_LH00793_B23GCKKLT3	colistin	polymyxin	No resistance	0	
131Ca-CMPN001x63_260114_LH00793_B23GCKKLT3	fusidic acid	steroid antibacterial	No resistance	0	
131Ca-CMPN001x63_260114_LH00793_B23GCKKLT3	mupirocin	pseudomonic acid	No resistance	0	
131Ca-CMPN001x63_260114_LH00793_B23GCKKLT3	rifampicin	rifamycin	No resistance	0	
131Ca-CMPN001x63_260114_LH00793_B23GCKKLT3	metronidazole	nitroimidazole	No resistance	0	
131Ca-CMPN001x63_260114_LH00793_B23GCKKLT3	narasin	ionophores	No resistance	0	
131Ca-CMPN001x63_260114_LH00793_B23GCKKLT3	salinomycin	ionophores	No resistance	0	
131Ca-CMPN001x63_260114_LH00793_B23GCKKLT3	maduramicin	ionophores	No resistance	0	
131Cm-CMPN001x37_260114_LH00793_B23GCKKLT3	gentamicin	aminoglycoside	No resistance	0	
131Cm-CMPN001x37_260114_LH00793_B23GCKKLT3	tobramycin	aminoglycoside	No resistance	0	
131Cm-CMPN001x37_260114_LH00793_B23GCKKLT3	streptomycin	aminoglycoside	No resistance	0	
131Cm-CMPN001x37_260114_LH00793_B23GCKKLT3	amikacin	aminoglycoside	No resistance	0	
131Cm-CMPN001x37_260114_LH00793_B23GCKKLT3	isepamicin	aminoglycoside	No resistance	0	
131Cm-CMPN001x37_260114_LH00793_B23GCKKLT3	dibekacin	aminoglycoside	No resistance	0	
131Cm-CMPN001x37_260114_LH00793_B23GCKKLT3	kanamycin	aminoglycoside	No resistance	0	
131Cm-CMPN001x37_260114_LH00793_B23GCKKLT3	neomycin	aminoglycoside	No resistance	0	
131Cm-CMPN001x37_260114_LH00793_B23GCKKLT3	lividomycin	aminoglycoside	No resistance	0	
131Cm-CMPN001x37_260114_LH00793_B23GCKKLT3	paromomycin	aminoglycoside	No resistance	0	
131Cm-CMPN001x37_260114_LH00793_B23GCKKLT3	ribostamycin	aminoglycoside	No resistance	0	
131Cm-CMPN001x37_260114_LH00793_B23GCKKLT3	unknown aminoglycoside	aminoglycoside	No resistance	0	
131Cm-CMPN001x37_260114_LH00793_B23GCKKLT3	butiromycin	aminoglycoside	No resistance	0	
131Cm-CMPN001x37_260114_LH00793_B23GCKKLT3	butirosin	aminoglycoside	No resistance	0	
131Cm-CMPN001x37_260114_LH00793_B23GCKKLT3	hygromycin	aminoglycoside	No resistance	0	
131Cm-CMPN001x37_260114_LH00793_B23GCKKLT3	netilmicin	aminoglycoside	No resistance	0	
131Cm-CMPN001x37_260114_LH00793_B23GCKKLT3	apramycin	aminoglycoside	No resistance	0	
131Cm-CMPN001x37_260114_LH00793_B23GCKKLT3	sisomicin	aminoglycoside	No resistance	0	
131Cm-CMPN001x37_260114_LH00793_B23GCKKLT3	arbekacin	aminoglycoside	No resistance	0	
131Cm-CMPN001x37_260114_LH00793_B23GCKKLT3	kasugamycin	aminoglycoside	No resistance	0	
131Cm-CMPN001x37_260114_LH00793_B23GCKKLT3	astromicin	aminoglycoside	No resistance	0	
131Cm-CMPN001x37_260114_LH00793_B23GCKKLT3	fortimicin	aminoglycoside	No resistance	0	
131Cm-CMPN001x37_260114_LH00793_B23GCKKLT3	spectinomycin	aminocyclitol	No resistance	0	
131Cm-CMPN001x37_260114_LH00793_B23GCKKLT3	fluoroquinolone	quinolone	No resistance	0	
131Cm-CMPN001x37_260114_LH00793_B23GCKKLT3	ciprofloxacin	quinolone	No resistance	0	
131Cm-CMPN001x37_260114_LH00793_B23GCKKLT3	unknown quinolone	quinolone	No resistance	0	
131Cm-CMPN001x37_260114_LH00793_B23GCKKLT3	nalidixic acid	quinolone	No resistance	0	
131Cm-CMPN001x37_260114_LH00793_B23GCKKLT3	amoxicillin	beta-lactam	No resistance	0	
131Cm-CMPN001x37_260114_LH00793_B23GCKKLT3	amoxicillin+clavulanic acid	beta-lactam	No resistance	0	
131Cm-CMPN001x37_260114_LH00793_B23GCKKLT3	ampicillin	beta-lactam	No resistance	0	
131Cm-CMPN001x37_260114_LH00793_B23GCKKLT3	ampicillin+clavulanic acid	beta-lactam	No resistance	0	
131Cm-CMPN001x37_260114_LH00793_B23GCKKLT3	cefepime	beta-lactam	No resistance	0	
131Cm-CMPN001x37_260114_LH00793_B23GCKKLT3	cefixime	beta-lactam	No resistance	0	
131Cm-CMPN001x37_260114_LH00793_B23GCKKLT3	cefotaxime	beta-lactam	No resistance	0	
131Cm-CMPN001x37_260114_LH00793_B23GCKKLT3	cefoxitin	beta-lactam	No resistance	0	
131Cm-CMPN001x37_260114_LH00793_B23GCKKLT3	ceftazidime	beta-lactam	No resistance	0	
131Cm-CMPN001x37_260114_LH00793_B23GCKKLT3	ertapenem	beta-lactam	No resistance	0	
131Cm-CMPN001x37_260114_LH00793_B23GCKKLT3	imipenem	beta-lactam	No resistance	0	
131Cm-CMPN001x37_260114_LH00793_B23GCKKLT3	meropenem	beta-lactam	No resistance	0	
131Cm-CMPN001x37_260114_LH00793_B23GCKKLT3	piperacillin	beta-lactam	No resistance	0	
131Cm-CMPN001x37_260114_LH00793_B23GCKKLT3	piperacillin+tazobactam	beta-lactam	No resistance	0	
131Cm-CMPN001x37_260114_LH00793_B23GCKKLT3	unknown beta-lactam	beta-lactam	No resistance	0	
131Cm-CMPN001x37_260114_LH00793_B23GCKKLT3	aztreonam	beta-lactam	No resistance	0	
131Cm-CMPN001x37_260114_LH00793_B23GCKKLT3	cefotaxime+clavulanic acid	beta-lactam	No resistance	0	
131Cm-CMPN001x37_260114_LH00793_B23GCKKLT3	temocillin	beta-lactam	No resistance	0	
131Cm-CMPN001x37_260114_LH00793_B23GCKKLT3	ticarcillin	beta-lactam	No resistance	0	
131Cm-CMPN001x37_260114_LH00793_B23GCKKLT3	ceftazidime+avibactam	beta-lactam	No resistance	0	
131Cm-CMPN001x37_260114_LH00793_B23GCKKLT3	penicillin	beta-lactam	No resistance	0	
131Cm-CMPN001x37_260114_LH00793_B23GCKKLT3	ceftriaxone	beta-lactam	No resistance	0	
131Cm-CMPN001x37_260114_LH00793_B23GCKKLT3	ticarcillin+clavulanic acid	beta-lactam	No resistance	0	
131Cm-CMPN001x37_260114_LH00793_B23GCKKLT3	cephalothin	beta-lactam	No resistance	0	
131Cm-CMPN001x37_260114_LH00793_B23GCKKLT3	piperacillin+clavulanic acid	beta-lactam	No resistance	0	
131Cm-CMPN001x37_260114_LH00793_B23GCKKLT3	ceftiofur	under_development	No resistance	0	
131Cm-CMPN001x37_260114_LH00793_B23GCKKLT3	sulfamethoxazole	folate pathway antagonist	No resistance	0	
131Cm-CMPN001x37_260114_LH00793_B23GCKKLT3	trimethoprim	folate pathway antagonist	No resistance	0	
131Cm-CMPN001x37_260114_LH00793_B23GCKKLT3	fosfomycin	fosfomycin	No resistance	0	
131Cm-CMPN001x37_260114_LH00793_B23GCKKLT3	vancomycin	glycopeptide	No resistance	0	
131Cm-CMPN001x37_260114_LH00793_B23GCKKLT3	teicoplanin	glycopeptide	No resistance	0	
131Cm-CMPN001x37_260114_LH00793_B23GCKKLT3	bleomycin	glycopeptide	No resistance	0	
131Cm-CMPN001x37_260114_LH00793_B23GCKKLT3	lincomycin	lincosamide	Resistant	3	erm(B) (erm(B)_JN899585)
131Cm-CMPN001x37_260114_LH00793_B23GCKKLT3	clindamycin	lincosamide	Resistant	3	erm(B) (erm(B)_JN899585)
131Cm-CMPN001x37_260114_LH00793_B23GCKKLT3	dalfopristin	streptogramin a	No resistance	0	
131Cm-CMPN001x37_260114_LH00793_B23GCKKLT3	pristinamycin iia	streptogramin a	No resistance	0	
131Cm-CMPN001x37_260114_LH00793_B23GCKKLT3	virginiamycin m	streptogramin a	No resistance	0	
131Cm-CMPN001x37_260114_LH00793_B23GCKKLT3	quinupristin+dalfopristin	streptogramin a	No resistance	0	
131Cm-CMPN001x37_260114_LH00793_B23GCKKLT3	tiamulin	pleuromutilin	No resistance	0	
131Cm-CMPN001x37_260114_LH00793_B23GCKKLT3	carbomycin	macrolide	No resistance	0	
131Cm-CMPN001x37_260114_LH00793_B23GCKKLT3	erythromycin	macrolide	Resistant	3	erm(B) (erm(B)_JN899585)
131Cm-CMPN001x37_260114_LH00793_B23GCKKLT3	azithromycin	macrolide	No resistance	0	
131Cm-CMPN001x37_260114_LH00793_B23GCKKLT3	oleandomycin	macrolide	No resistance	0	
131Cm-CMPN001x37_260114_LH00793_B23GCKKLT3	spiramycin	macrolide	No resistance	0	
131Cm-CMPN001x37_260114_LH00793_B23GCKKLT3	tylosin	macrolide	No resistance	0	
131Cm-CMPN001x37_260114_LH00793_B23GCKKLT3	telithromycin	macrolide	No resistance	0	
131Cm-CMPN001x37_260114_LH00793_B23GCKKLT3	tetracycline	tetracycline	Resistant	2	tet(M) (tet(M)_FR671418)
131Cm-CMPN001x37_260114_LH00793_B23GCKKLT3	doxycycline	tetracycline	Resistant	2	tet(M) (tet(M)_FR671418)
131Cm-CMPN001x37_260114_LH00793_B23GCKKLT3	minocycline	tetracycline	Resistant	2	tet(M) (tet(M)_FR671418)
131Cm-CMPN001x37_260114_LH00793_B23GCKKLT3	tigecycline	tetracycline	No resistance	0	
131Cm-CMPN001x37_260114_LH00793_B23GCKKLT3	quinupristin	streptogramin b	Resistant	3	erm(B) (erm(B)_JN899585)
131Cm-CMPN001x37_260114_LH00793_B23GCKKLT3	pristinamycin ia	streptogramin b	Resistant	3	erm(B) (erm(B)_JN899585)
131Cm-CMPN001x37_260114_LH00793_B23GCKKLT3	virginiamycin s	streptogramin b	Resistant	3	erm(B) (erm(B)_JN899585)
131Cm-CMPN001x37_260114_LH00793_B23GCKKLT3	linezolid	oxazolidinone	No resistance	0	
131Cm-CMPN001x37_260114_LH00793_B23GCKKLT3	chloramphenicol	amphenicol	No resistance	0	
131Cm-CMPN001x37_260114_LH00793_B23GCKKLT3	florfenicol	amphenicol	No resistance	0	
131Cm-CMPN001x37_260114_LH00793_B23GCKKLT3	colistin	polymyxin	No resistance	0	
131Cm-CMPN001x37_260114_LH00793_B23GCKKLT3	fusidic acid	steroid antibacterial	No resistance	0	
131Cm-CMPN001x37_260114_LH00793_B23GCKKLT3	mupirocin	pseudomonic acid	No resistance	0	
131Cm-CMPN001x37_260114_LH00793_B23GCKKLT3	rifampicin	rifamycin	No resistance	0	
131Cm-CMPN001x37_260114_LH00793_B23GCKKLT3	metronidazole	nitroimidazole	No resistance	0	
131Cm-CMPN001x37_260114_LH00793_B23GCKKLT3	narasin	ionophores	No resistance	0	
131Cm-CMPN001x37_260114_LH00793_B23GCKKLT3	salinomycin	ionophores	No resistance	0	
131Cm-CMPN001x37_260114_LH00793_B23GCKKLT3	maduramicin	ionophores	No resistance	0	
132Cs-CMPN001x38_260114_LH00793_B23GCKKLT3	gentamicin	aminoglycoside	No resistance	0	
132Cs-CMPN001x38_260114_LH00793_B23GCKKLT3	tobramycin	aminoglycoside	No resistance	0	
132Cs-CMPN001x38_260114_LH00793_B23GCKKLT3	streptomycin	aminoglycoside	No resistance	0	
132Cs-CMPN001x38_260114_LH00793_B23GCKKLT3	amikacin	aminoglycoside	No resistance	0	
132Cs-CMPN001x38_260114_LH00793_B23GCKKLT3	isepamicin	aminoglycoside	No resistance	0	
132Cs-CMPN001x38_260114_LH00793_B23GCKKLT3	dibekacin	aminoglycoside	No resistance	0	
132Cs-CMPN001x38_260114_LH00793_B23GCKKLT3	kanamycin	aminoglycoside	No resistance	0	
132Cs-CMPN001x38_260114_LH00793_B23GCKKLT3	neomycin	aminoglycoside	No resistance	0	
132Cs-CMPN001x38_260114_LH00793_B23GCKKLT3	lividomycin	aminoglycoside	No resistance	0	
132Cs-CMPN001x38_260114_LH00793_B23GCKKLT3	paromomycin	aminoglycoside	No resistance	0	
132Cs-CMPN001x38_260114_LH00793_B23GCKKLT3	ribostamycin	aminoglycoside	No resistance	0	
132Cs-CMPN001x38_260114_LH00793_B23GCKKLT3	unknown aminoglycoside	aminoglycoside	No resistance	0	
132Cs-CMPN001x38_260114_LH00793_B23GCKKLT3	butiromycin	aminoglycoside	No resistance	0	
132Cs-CMPN001x38_260114_LH00793_B23GCKKLT3	butirosin	aminoglycoside	No resistance	0	
132Cs-CMPN001x38_260114_LH00793_B23GCKKLT3	hygromycin	aminoglycoside	No resistance	0	
132Cs-CMPN001x38_260114_LH00793_B23GCKKLT3	netilmicin	aminoglycoside	No resistance	0	
132Cs-CMPN001x38_260114_LH00793_B23GCKKLT3	apramycin	aminoglycoside	No resistance	0	
132Cs-CMPN001x38_260114_LH00793_B23GCKKLT3	sisomicin	aminoglycoside	No resistance	0	
132Cs-CMPN001x38_260114_LH00793_B23GCKKLT3	arbekacin	aminoglycoside	No resistance	0	
132Cs-CMPN001x38_260114_LH00793_B23GCKKLT3	kasugamycin	aminoglycoside	No resistance	0	
132Cs-CMPN001x38_260114_LH00793_B23GCKKLT3	astromicin	aminoglycoside	No resistance	0	
132Cs-CMPN001x38_260114_LH00793_B23GCKKLT3	fortimicin	aminoglycoside	No resistance	0	
132Cs-CMPN001x38_260114_LH00793_B23GCKKLT3	spectinomycin	aminocyclitol	No resistance	0	
132Cs-CMPN001x38_260114_LH00793_B23GCKKLT3	fluoroquinolone	quinolone	No resistance	0	
132Cs-CMPN001x38_260114_LH00793_B23GCKKLT3	ciprofloxacin	quinolone	No resistance	0	
132Cs-CMPN001x38_260114_LH00793_B23GCKKLT3	unknown quinolone	quinolone	No resistance	0	
132Cs-CMPN001x38_260114_LH00793_B23GCKKLT3	nalidixic acid	quinolone	No resistance	0	
132Cs-CMPN001x38_260114_LH00793_B23GCKKLT3	amoxicillin	beta-lactam	No resistance	0	
132Cs-CMPN001x38_260114_LH00793_B23GCKKLT3	amoxicillin+clavulanic acid	beta-lactam	No resistance	0	
132Cs-CMPN001x38_260114_LH00793_B23GCKKLT3	ampicillin	beta-lactam	No resistance	0	
132Cs-CMPN001x38_260114_LH00793_B23GCKKLT3	ampicillin+clavulanic acid	beta-lactam	No resistance	0	
132Cs-CMPN001x38_260114_LH00793_B23GCKKLT3	cefepime	beta-lactam	No resistance	0	
132Cs-CMPN001x38_260114_LH00793_B23GCKKLT3	cefixime	beta-lactam	No resistance	0	
132Cs-CMPN001x38_260114_LH00793_B23GCKKLT3	cefotaxime	beta-lactam	No resistance	0	
132Cs-CMPN001x38_260114_LH00793_B23GCKKLT3	cefoxitin	beta-lactam	No resistance	0	
132Cs-CMPN001x38_260114_LH00793_B23GCKKLT3	ceftazidime	beta-lactam	No resistance	0	
132Cs-CMPN001x38_260114_LH00793_B23GCKKLT3	ertapenem	beta-lactam	No resistance	0	
132Cs-CMPN001x38_260114_LH00793_B23GCKKLT3	imipenem	beta-lactam	No resistance	0	
132Cs-CMPN001x38_260114_LH00793_B23GCKKLT3	meropenem	beta-lactam	No resistance	0	
132Cs-CMPN001x38_260114_LH00793_B23GCKKLT3	piperacillin	beta-lactam	No resistance	0	
132Cs-CMPN001x38_260114_LH00793_B23GCKKLT3	piperacillin+tazobactam	beta-lactam	No resistance	0	
132Cs-CMPN001x38_260114_LH00793_B23GCKKLT3	unknown beta-lactam	beta-lactam	No resistance	0	
132Cs-CMPN001x38_260114_LH00793_B23GCKKLT3	aztreonam	beta-lactam	No resistance	0	
132Cs-CMPN001x38_260114_LH00793_B23GCKKLT3	cefotaxime+clavulanic acid	beta-lactam	No resistance	0	
132Cs-CMPN001x38_260114_LH00793_B23GCKKLT3	temocillin	beta-lactam	No resistance	0	
132Cs-CMPN001x38_260114_LH00793_B23GCKKLT3	ticarcillin	beta-lactam	No resistance	0	
132Cs-CMPN001x38_260114_LH00793_B23GCKKLT3	ceftazidime+avibactam	beta-lactam	No resistance	0	
132Cs-CMPN001x38_260114_LH00793_B23GCKKLT3	penicillin	beta-lactam	No resistance	0	
132Cs-CMPN001x38_260114_LH00793_B23GCKKLT3	ceftriaxone	beta-lactam	No resistance	0	
132Cs-CMPN001x38_260114_LH00793_B23GCKKLT3	ticarcillin+clavulanic acid	beta-lactam	No resistance	0	
132Cs-CMPN001x38_260114_LH00793_B23GCKKLT3	cephalothin	beta-lactam	No resistance	0	
132Cs-CMPN001x38_260114_LH00793_B23GCKKLT3	piperacillin+clavulanic acid	beta-lactam	No resistance	0	
132Cs-CMPN001x38_260114_LH00793_B23GCKKLT3	ceftiofur	under_development	No resistance	0	
132Cs-CMPN001x38_260114_LH00793_B23GCKKLT3	sulfamethoxazole	folate pathway antagonist	No resistance	0	
132Cs-CMPN001x38_260114_LH00793_B23GCKKLT3	trimethoprim	folate pathway antagonist	No resistance	0	
132Cs-CMPN001x38_260114_LH00793_B23GCKKLT3	fosfomycin	fosfomycin	No resistance	0	
132Cs-CMPN001x38_260114_LH00793_B23GCKKLT3	vancomycin	glycopeptide	No resistance	0	
132Cs-CMPN001x38_260114_LH00793_B23GCKKLT3	teicoplanin	glycopeptide	No resistance	0	
132Cs-CMPN001x38_260114_LH00793_B23GCKKLT3	bleomycin	glycopeptide	No resistance	0	
132Cs-CMPN001x38_260114_LH00793_B23GCKKLT3	lincomycin	lincosamide	Resistant	3	lsa(C) (lsa(C)_HM990671), erm(B) (erm(B)_U86375)
132Cs-CMPN001x38_260114_LH00793_B23GCKKLT3	clindamycin	lincosamide	Resistant	3	lsa(C) (lsa(C)_HM990671), erm(B) (erm(B)_U86375)
132Cs-CMPN001x38_260114_LH00793_B23GCKKLT3	dalfopristin	streptogramin a	Resistant	2	lsa(C) (lsa(C)_HM990671)
132Cs-CMPN001x38_260114_LH00793_B23GCKKLT3	pristinamycin iia	streptogramin a	Resistant	2	lsa(C) (lsa(C)_HM990671)
132Cs-CMPN001x38_260114_LH00793_B23GCKKLT3	virginiamycin m	streptogramin a	Resistant	2	lsa(C) (lsa(C)_HM990671)
132Cs-CMPN001x38_260114_LH00793_B23GCKKLT3	quinupristin+dalfopristin	streptogramin a	No resistance	0	
132Cs-CMPN001x38_260114_LH00793_B23GCKKLT3	tiamulin	pleuromutilin	Resistant	2	lsa(C) (lsa(C)_HM990671)
132Cs-CMPN001x38_260114_LH00793_B23GCKKLT3	carbomycin	macrolide	No resistance	0	
132Cs-CMPN001x38_260114_LH00793_B23GCKKLT3	erythromycin	macrolide	Resistant	3	erm(B) (erm(B)_U86375)
132Cs-CMPN001x38_260114_LH00793_B23GCKKLT3	azithromycin	macrolide	No resistance	0	
132Cs-CMPN001x38_260114_LH00793_B23GCKKLT3	oleandomycin	macrolide	No resistance	0	
132Cs-CMPN001x38_260114_LH00793_B23GCKKLT3	spiramycin	macrolide	No resistance	0	
132Cs-CMPN001x38_260114_LH00793_B23GCKKLT3	tylosin	macrolide	No resistance	0	
132Cs-CMPN001x38_260114_LH00793_B23GCKKLT3	telithromycin	macrolide	No resistance	0	
132Cs-CMPN001x38_260114_LH00793_B23GCKKLT3	tetracycline	tetracycline	Resistant	2	tet(M) (tet(M)_X75073)
132Cs-CMPN001x38_260114_LH00793_B23GCKKLT3	doxycycline	tetracycline	Resistant	2	tet(M) (tet(M)_X75073)
132Cs-CMPN001x38_260114_LH00793_B23GCKKLT3	minocycline	tetracycline	Resistant	2	tet(M) (tet(M)_X75073)
132Cs-CMPN001x38_260114_LH00793_B23GCKKLT3	tigecycline	tetracycline	No resistance	0	
132Cs-CMPN001x38_260114_LH00793_B23GCKKLT3	quinupristin	streptogramin b	Resistant	3	erm(B) (erm(B)_U86375)
132Cs-CMPN001x38_260114_LH00793_B23GCKKLT3	pristinamycin ia	streptogramin b	Resistant	3	erm(B) (erm(B)_U86375)
132Cs-CMPN001x38_260114_LH00793_B23GCKKLT3	virginiamycin s	streptogramin b	Resistant	3	erm(B) (erm(B)_U86375)
132Cs-CMPN001x38_260114_LH00793_B23GCKKLT3	linezolid	oxazolidinone	No resistance	0	
132Cs-CMPN001x38_260114_LH00793_B23GCKKLT3	chloramphenicol	amphenicol	No resistance	0	
132Cs-CMPN001x38_260114_LH00793_B23GCKKLT3	florfenicol	amphenicol	No resistance	0	
132Cs-CMPN001x38_260114_LH00793_B23GCKKLT3	colistin	polymyxin	No resistance	0	
132Cs-CMPN001x38_260114_LH00793_B23GCKKLT3	fusidic acid	steroid antibacterial	No resistance	0	
132Cs-CMPN001x38_260114_LH00793_B23GCKKLT3	mupirocin	pseudomonic acid	No resistance	0	
132Cs-CMPN001x38_260114_LH00793_B23GCKKLT3	rifampicin	rifamycin	No resistance	0	
132Cs-CMPN001x38_260114_LH00793_B23GCKKLT3	metronidazole	nitroimidazole	No resistance	0	
132Cs-CMPN001x38_260114_LH00793_B23GCKKLT3	narasin	ionophores	No resistance	0	
132Cs-CMPN001x38_260114_LH00793_B23GCKKLT3	salinomycin	ionophores	No resistance	0	
132Cs-CMPN001x38_260114_LH00793_B23GCKKLT3	maduramicin	ionophores	No resistance	0	
140Ca-CMPN001x64_260114_LH00793_B23GCKKLT3	gentamicin	aminoglycoside	No resistance	0	
140Ca-CMPN001x64_260114_LH00793_B23GCKKLT3	tobramycin	aminoglycoside	No resistance	0	
140Ca-CMPN001x64_260114_LH00793_B23GCKKLT3	streptomycin	aminoglycoside	No resistance	0	
140Ca-CMPN001x64_260114_LH00793_B23GCKKLT3	amikacin	aminoglycoside	No resistance	0	
140Ca-CMPN001x64_260114_LH00793_B23GCKKLT3	isepamicin	aminoglycoside	No resistance	0	
140Ca-CMPN001x64_260114_LH00793_B23GCKKLT3	dibekacin	aminoglycoside	No resistance	0	
140Ca-CMPN001x64_260114_LH00793_B23GCKKLT3	kanamycin	aminoglycoside	No resistance	0	
140Ca-CMPN001x64_260114_LH00793_B23GCKKLT3	neomycin	aminoglycoside	No resistance	0	
140Ca-CMPN001x64_260114_LH00793_B23GCKKLT3	lividomycin	aminoglycoside	No resistance	0	
140Ca-CMPN001x64_260114_LH00793_B23GCKKLT3	paromomycin	aminoglycoside	No resistance	0	
140Ca-CMPN001x64_260114_LH00793_B23GCKKLT3	ribostamycin	aminoglycoside	No resistance	0	
140Ca-CMPN001x64_260114_LH00793_B23GCKKLT3	unknown aminoglycoside	aminoglycoside	No resistance	0	
140Ca-CMPN001x64_260114_LH00793_B23GCKKLT3	butiromycin	aminoglycoside	No resistance	0	
140Ca-CMPN001x64_260114_LH00793_B23GCKKLT3	butirosin	aminoglycoside	No resistance	0	
140Ca-CMPN001x64_260114_LH00793_B23GCKKLT3	hygromycin	aminoglycoside	No resistance	0	
140Ca-CMPN001x64_260114_LH00793_B23GCKKLT3	netilmicin	aminoglycoside	No resistance	0	
140Ca-CMPN001x64_260114_LH00793_B23GCKKLT3	apramycin	aminoglycoside	No resistance	0	
140Ca-CMPN001x64_260114_LH00793_B23GCKKLT3	sisomicin	aminoglycoside	No resistance	0	
140Ca-CMPN001x64_260114_LH00793_B23GCKKLT3	arbekacin	aminoglycoside	No resistance	0	
140Ca-CMPN001x64_260114_LH00793_B23GCKKLT3	kasugamycin	aminoglycoside	No resistance	0	
140Ca-CMPN001x64_260114_LH00793_B23GCKKLT3	astromicin	aminoglycoside	No resistance	0	
140Ca-CMPN001x64_260114_LH00793_B23GCKKLT3	fortimicin	aminoglycoside	No resistance	0	
140Ca-CMPN001x64_260114_LH00793_B23GCKKLT3	spectinomycin	aminocyclitol	No resistance	0	
140Ca-CMPN001x64_260114_LH00793_B23GCKKLT3	fluoroquinolone	quinolone	No resistance	0	
140Ca-CMPN001x64_260114_LH00793_B23GCKKLT3	ciprofloxacin	quinolone	No resistance	0	
140Ca-CMPN001x64_260114_LH00793_B23GCKKLT3	unknown quinolone	quinolone	No resistance	0	
140Ca-CMPN001x64_260114_LH00793_B23GCKKLT3	nalidixic acid	quinolone	No resistance	0	
140Ca-CMPN001x64_260114_LH00793_B23GCKKLT3	amoxicillin	beta-lactam	No resistance	0	
140Ca-CMPN001x64_260114_LH00793_B23GCKKLT3	amoxicillin+clavulanic acid	beta-lactam	No resistance	0	
140Ca-CMPN001x64_260114_LH00793_B23GCKKLT3	ampicillin	beta-lactam	No resistance	0	
140Ca-CMPN001x64_260114_LH00793_B23GCKKLT3	ampicillin+clavulanic acid	beta-lactam	No resistance	0	
140Ca-CMPN001x64_260114_LH00793_B23GCKKLT3	cefepime	beta-lactam	No resistance	0	
140Ca-CMPN001x64_260114_LH00793_B23GCKKLT3	cefixime	beta-lactam	No resistance	0	
140Ca-CMPN001x64_260114_LH00793_B23GCKKLT3	cefotaxime	beta-lactam	No resistance	0	
140Ca-CMPN001x64_260114_LH00793_B23GCKKLT3	cefoxitin	beta-lactam	No resistance	0	
140Ca-CMPN001x64_260114_LH00793_B23GCKKLT3	ceftazidime	beta-lactam	No resistance	0	
140Ca-CMPN001x64_260114_LH00793_B23GCKKLT3	ertapenem	beta-lactam	No resistance	0	
140Ca-CMPN001x64_260114_LH00793_B23GCKKLT3	imipenem	beta-lactam	No resistance	0	
140Ca-CMPN001x64_260114_LH00793_B23GCKKLT3	meropenem	beta-lactam	No resistance	0	
140Ca-CMPN001x64_260114_LH00793_B23GCKKLT3	piperacillin	beta-lactam	No resistance	0	
140Ca-CMPN001x64_260114_LH00793_B23GCKKLT3	piperacillin+tazobactam	beta-lactam	No resistance	0	
140Ca-CMPN001x64_260114_LH00793_B23GCKKLT3	unknown beta-lactam	beta-lactam	No resistance	0	
140Ca-CMPN001x64_260114_LH00793_B23GCKKLT3	aztreonam	beta-lactam	No resistance	0	
140Ca-CMPN001x64_260114_LH00793_B23GCKKLT3	cefotaxime+clavulanic acid	beta-lactam	No resistance	0	
140Ca-CMPN001x64_260114_LH00793_B23GCKKLT3	temocillin	beta-lactam	No resistance	0	
140Ca-CMPN001x64_260114_LH00793_B23GCKKLT3	ticarcillin	beta-lactam	No resistance	0	
140Ca-CMPN001x64_260114_LH00793_B23GCKKLT3	ceftazidime+avibactam	beta-lactam	No resistance	0	
140Ca-CMPN001x64_260114_LH00793_B23GCKKLT3	penicillin	beta-lactam	No resistance	0	
140Ca-CMPN001x64_260114_LH00793_B23GCKKLT3	ceftriaxone	beta-lactam	No resistance	0	
140Ca-CMPN001x64_260114_LH00793_B23GCKKLT3	ticarcillin+clavulanic acid	beta-lactam	No resistance	0	
140Ca-CMPN001x64_260114_LH00793_B23GCKKLT3	cephalothin	beta-lactam	No resistance	0	
140Ca-CMPN001x64_260114_LH00793_B23GCKKLT3	piperacillin+clavulanic acid	beta-lactam	No resistance	0	
140Ca-CMPN001x64_260114_LH00793_B23GCKKLT3	ceftiofur	under_development	No resistance	0	
140Ca-CMPN001x64_260114_LH00793_B23GCKKLT3	sulfamethoxazole	folate pathway antagonist	No resistance	0	
140Ca-CMPN001x64_260114_LH00793_B23GCKKLT3	trimethoprim	folate pathway antagonist	No resistance	0	
140Ca-CMPN001x64_260114_LH00793_B23GCKKLT3	fosfomycin	fosfomycin	No resistance	0	
140Ca-CMPN001x64_260114_LH00793_B23GCKKLT3	vancomycin	glycopeptide	No resistance	0	
140Ca-CMPN001x64_260114_LH00793_B23GCKKLT3	teicoplanin	glycopeptide	No resistance	0	
140Ca-CMPN001x64_260114_LH00793_B23GCKKLT3	bleomycin	glycopeptide	No resistance	0	
140Ca-CMPN001x64_260114_LH00793_B23GCKKLT3	lincomycin	lincosamide	Resistant	3	erm(B) (erm(B)_U86375)
140Ca-CMPN001x64_260114_LH00793_B23GCKKLT3	clindamycin	lincosamide	Resistant	3	erm(B) (erm(B)_U86375)
140Ca-CMPN001x64_260114_LH00793_B23GCKKLT3	dalfopristin	streptogramin a	No resistance	0	
140Ca-CMPN001x64_260114_LH00793_B23GCKKLT3	pristinamycin iia	streptogramin a	No resistance	0	
140Ca-CMPN001x64_260114_LH00793_B23GCKKLT3	virginiamycin m	streptogramin a	No resistance	0	
140Ca-CMPN001x64_260114_LH00793_B23GCKKLT3	quinupristin+dalfopristin	streptogramin a	No resistance	0	
140Ca-CMPN001x64_260114_LH00793_B23GCKKLT3	tiamulin	pleuromutilin	No resistance	0	
140Ca-CMPN001x64_260114_LH00793_B23GCKKLT3	carbomycin	macrolide	No resistance	0	
140Ca-CMPN001x64_260114_LH00793_B23GCKKLT3	erythromycin	macrolide	Resistant	3	erm(B) (erm(B)_U86375)
140Ca-CMPN001x64_260114_LH00793_B23GCKKLT3	azithromycin	macrolide	No resistance	0	
140Ca-CMPN001x64_260114_LH00793_B23GCKKLT3	oleandomycin	macrolide	No resistance	0	
140Ca-CMPN001x64_260114_LH00793_B23GCKKLT3	spiramycin	macrolide	No resistance	0	
140Ca-CMPN001x64_260114_LH00793_B23GCKKLT3	tylosin	macrolide	No resistance	0	
140Ca-CMPN001x64_260114_LH00793_B23GCKKLT3	telithromycin	macrolide	No resistance	0	
140Ca-CMPN001x64_260114_LH00793_B23GCKKLT3	tetracycline	tetracycline	Resistant	3	tet(32) (tet(32)_EU722333), tet(M) (tet(M)_X75073)
140Ca-CMPN001x64_260114_LH00793_B23GCKKLT3	doxycycline	tetracycline	Resistant	3	tet(32) (tet(32)_EU722333), tet(M) (tet(M)_X75073)
140Ca-CMPN001x64_260114_LH00793_B23GCKKLT3	minocycline	tetracycline	Resistant	3	tet(32) (tet(32)_EU722333), tet(M) (tet(M)_X75073)
140Ca-CMPN001x64_260114_LH00793_B23GCKKLT3	tigecycline	tetracycline	No resistance	0	
140Ca-CMPN001x64_260114_LH00793_B23GCKKLT3	quinupristin	streptogramin b	Resistant	3	erm(B) (erm(B)_U86375)
140Ca-CMPN001x64_260114_LH00793_B23GCKKLT3	pristinamycin ia	streptogramin b	Resistant	3	erm(B) (erm(B)_U86375)
140Ca-CMPN001x64_260114_LH00793_B23GCKKLT3	virginiamycin s	streptogramin b	Resistant	3	erm(B) (erm(B)_U86375)
140Ca-CMPN001x64_260114_LH00793_B23GCKKLT3	linezolid	oxazolidinone	No resistance	0	
140Ca-CMPN001x64_260114_LH00793_B23GCKKLT3	chloramphenicol	amphenicol	No resistance	0	
140Ca-CMPN001x64_260114_LH00793_B23GCKKLT3	florfenicol	amphenicol	No resistance	0	
140Ca-CMPN001x64_260114_LH00793_B23GCKKLT3	colistin	polymyxin	No resistance	0	
140Ca-CMPN001x64_260114_LH00793_B23GCKKLT3	fusidic acid	steroid antibacterial	No resistance	0	
140Ca-CMPN001x64_260114_LH00793_B23GCKKLT3	mupirocin	pseudomonic acid	No resistance	0	
140Ca-CMPN001x64_260114_LH00793_B23GCKKLT3	rifampicin	rifamycin	No resistance	0	
140Ca-CMPN001x64_260114_LH00793_B23GCKKLT3	metronidazole	nitroimidazole	No resistance	0	
140Ca-CMPN001x64_260114_LH00793_B23GCKKLT3	narasin	ionophores	No resistance	0	
140Ca-CMPN001x64_260114_LH00793_B23GCKKLT3	salinomycin	ionophores	No resistance	0	
140Ca-CMPN001x64_260114_LH00793_B23GCKKLT3	maduramicin	ionophores	No resistance	0	
140Cp-CMPN001x65_260114_LH00793_B23GCKKLT3	gentamicin	aminoglycoside	No resistance	0	
140Cp-CMPN001x65_260114_LH00793_B23GCKKLT3	tobramycin	aminoglycoside	No resistance	0	
140Cp-CMPN001x65_260114_LH00793_B23GCKKLT3	streptomycin	aminoglycoside	No resistance	0	
140Cp-CMPN001x65_260114_LH00793_B23GCKKLT3	amikacin	aminoglycoside	No resistance	0	
140Cp-CMPN001x65_260114_LH00793_B23GCKKLT3	isepamicin	aminoglycoside	No resistance	0	
140Cp-CMPN001x65_260114_LH00793_B23GCKKLT3	dibekacin	aminoglycoside	No resistance	0	
140Cp-CMPN001x65_260114_LH00793_B23GCKKLT3	kanamycin	aminoglycoside	No resistance	0	
140Cp-CMPN001x65_260114_LH00793_B23GCKKLT3	neomycin	aminoglycoside	No resistance	0	
140Cp-CMPN001x65_260114_LH00793_B23GCKKLT3	lividomycin	aminoglycoside	No resistance	0	
140Cp-CMPN001x65_260114_LH00793_B23GCKKLT3	paromomycin	aminoglycoside	No resistance	0	
140Cp-CMPN001x65_260114_LH00793_B23GCKKLT3	ribostamycin	aminoglycoside	No resistance	0	
140Cp-CMPN001x65_260114_LH00793_B23GCKKLT3	unknown aminoglycoside	aminoglycoside	No resistance	0	
140Cp-CMPN001x65_260114_LH00793_B23GCKKLT3	butiromycin	aminoglycoside	No resistance	0	
140Cp-CMPN001x65_260114_LH00793_B23GCKKLT3	butirosin	aminoglycoside	No resistance	0	
140Cp-CMPN001x65_260114_LH00793_B23GCKKLT3	hygromycin	aminoglycoside	No resistance	0	
140Cp-CMPN001x65_260114_LH00793_B23GCKKLT3	netilmicin	aminoglycoside	No resistance	0	
140Cp-CMPN001x65_260114_LH00793_B23GCKKLT3	apramycin	aminoglycoside	No resistance	0	
140Cp-CMPN001x65_260114_LH00793_B23GCKKLT3	sisomicin	aminoglycoside	No resistance	0	
140Cp-CMPN001x65_260114_LH00793_B23GCKKLT3	arbekacin	aminoglycoside	No resistance	0	
140Cp-CMPN001x65_260114_LH00793_B23GCKKLT3	kasugamycin	aminoglycoside	No resistance	0	
140Cp-CMPN001x65_260114_LH00793_B23GCKKLT3	astromicin	aminoglycoside	No resistance	0	
140Cp-CMPN001x65_260114_LH00793_B23GCKKLT3	fortimicin	aminoglycoside	No resistance	0	
140Cp-CMPN001x65_260114_LH00793_B23GCKKLT3	spectinomycin	aminocyclitol	No resistance	0	
140Cp-CMPN001x65_260114_LH00793_B23GCKKLT3	fluoroquinolone	quinolone	No resistance	0	
140Cp-CMPN001x65_260114_LH00793_B23GCKKLT3	ciprofloxacin	quinolone	No resistance	0	
140Cp-CMPN001x65_260114_LH00793_B23GCKKLT3	unknown quinolone	quinolone	No resistance	0	
140Cp-CMPN001x65_260114_LH00793_B23GCKKLT3	nalidixic acid	quinolone	No resistance	0	
140Cp-CMPN001x65_260114_LH00793_B23GCKKLT3	amoxicillin	beta-lactam	No resistance	0	
140Cp-CMPN001x65_260114_LH00793_B23GCKKLT3	amoxicillin+clavulanic acid	beta-lactam	No resistance	0	
140Cp-CMPN001x65_260114_LH00793_B23GCKKLT3	ampicillin	beta-lactam	No resistance	0	
140Cp-CMPN001x65_260114_LH00793_B23GCKKLT3	ampicillin+clavulanic acid	beta-lactam	No resistance	0	
140Cp-CMPN001x65_260114_LH00793_B23GCKKLT3	cefepime	beta-lactam	No resistance	0	
140Cp-CMPN001x65_260114_LH00793_B23GCKKLT3	cefixime	beta-lactam	No resistance	0	
140Cp-CMPN001x65_260114_LH00793_B23GCKKLT3	cefotaxime	beta-lactam	No resistance	0	
140Cp-CMPN001x65_260114_LH00793_B23GCKKLT3	cefoxitin	beta-lactam	No resistance	0	
140Cp-CMPN001x65_260114_LH00793_B23GCKKLT3	ceftazidime	beta-lactam	No resistance	0	
140Cp-CMPN001x65_260114_LH00793_B23GCKKLT3	ertapenem	beta-lactam	No resistance	0	
140Cp-CMPN001x65_260114_LH00793_B23GCKKLT3	imipenem	beta-lactam	No resistance	0	
140Cp-CMPN001x65_260114_LH00793_B23GCKKLT3	meropenem	beta-lactam	No resistance	0	
140Cp-CMPN001x65_260114_LH00793_B23GCKKLT3	piperacillin	beta-lactam	No resistance	0	
140Cp-CMPN001x65_260114_LH00793_B23GCKKLT3	piperacillin+tazobactam	beta-lactam	No resistance	0	
140Cp-CMPN001x65_260114_LH00793_B23GCKKLT3	unknown beta-lactam	beta-lactam	No resistance	0	
140Cp-CMPN001x65_260114_LH00793_B23GCKKLT3	aztreonam	beta-lactam	No resistance	0	
140Cp-CMPN001x65_260114_LH00793_B23GCKKLT3	cefotaxime+clavulanic acid	beta-lactam	No resistance	0	
140Cp-CMPN001x65_260114_LH00793_B23GCKKLT3	temocillin	beta-lactam	No resistance	0	
140Cp-CMPN001x65_260114_LH00793_B23GCKKLT3	ticarcillin	beta-lactam	No resistance	0	
140Cp-CMPN001x65_260114_LH00793_B23GCKKLT3	ceftazidime+avibactam	beta-lactam	No resistance	0	
140Cp-CMPN001x65_260114_LH00793_B23GCKKLT3	penicillin	beta-lactam	No resistance	0	
140Cp-CMPN001x65_260114_LH00793_B23GCKKLT3	ceftriaxone	beta-lactam	No resistance	0	
140Cp-CMPN001x65_260114_LH00793_B23GCKKLT3	ticarcillin+clavulanic acid	beta-lactam	No resistance	0	
140Cp-CMPN001x65_260114_LH00793_B23GCKKLT3	cephalothin	beta-lactam	No resistance	0	
140Cp-CMPN001x65_260114_LH00793_B23GCKKLT3	piperacillin+clavulanic acid	beta-lactam	No resistance	0	
140Cp-CMPN001x65_260114_LH00793_B23GCKKLT3	ceftiofur	under_development	No resistance	0	
140Cp-CMPN001x65_260114_LH00793_B23GCKKLT3	sulfamethoxazole	folate pathway antagonist	No resistance	0	
140Cp-CMPN001x65_260114_LH00793_B23GCKKLT3	trimethoprim	folate pathway antagonist	No resistance	0	
140Cp-CMPN001x65_260114_LH00793_B23GCKKLT3	fosfomycin	fosfomycin	No resistance	0	
140Cp-CMPN001x65_260114_LH00793_B23GCKKLT3	vancomycin	glycopeptide	No resistance	0	
140Cp-CMPN001x65_260114_LH00793_B23GCKKLT3	teicoplanin	glycopeptide	No resistance	0	
140Cp-CMPN001x65_260114_LH00793_B23GCKKLT3	bleomycin	glycopeptide	No resistance	0	
140Cp-CMPN001x65_260114_LH00793_B23GCKKLT3	lincomycin	lincosamide	Resistant	3	erm(B) (erm(B)_U86375)
140Cp-CMPN001x65_260114_LH00793_B23GCKKLT3	clindamycin	lincosamide	Resistant	3	erm(B) (erm(B)_U86375)
140Cp-CMPN001x65_260114_LH00793_B23GCKKLT3	dalfopristin	streptogramin a	No resistance	0	
140Cp-CMPN001x65_260114_LH00793_B23GCKKLT3	pristinamycin iia	streptogramin a	No resistance	0	
140Cp-CMPN001x65_260114_LH00793_B23GCKKLT3	virginiamycin m	streptogramin a	No resistance	0	
140Cp-CMPN001x65_260114_LH00793_B23GCKKLT3	quinupristin+dalfopristin	streptogramin a	No resistance	0	
140Cp-CMPN001x65_260114_LH00793_B23GCKKLT3	tiamulin	pleuromutilin	No resistance	0	
140Cp-CMPN001x65_260114_LH00793_B23GCKKLT3	carbomycin	macrolide	No resistance	0	
140Cp-CMPN001x65_260114_LH00793_B23GCKKLT3	erythromycin	macrolide	Resistant	3	erm(B) (erm(B)_U86375), msr(D) (msr(D)_AF274302), mef(A) (mef(A)_U83667)
140Cp-CMPN001x65_260114_LH00793_B23GCKKLT3	azithromycin	macrolide	Resistant	3	msr(D) (msr(D)_AF274302), mef(A) (mef(A)_U83667)
140Cp-CMPN001x65_260114_LH00793_B23GCKKLT3	oleandomycin	macrolide	No resistance	0	
140Cp-CMPN001x65_260114_LH00793_B23GCKKLT3	spiramycin	macrolide	No resistance	0	
140Cp-CMPN001x65_260114_LH00793_B23GCKKLT3	tylosin	macrolide	No resistance	0	
140Cp-CMPN001x65_260114_LH00793_B23GCKKLT3	telithromycin	macrolide	Resistant	3	msr(D) (msr(D)_AF274302)
140Cp-CMPN001x65_260114_LH00793_B23GCKKLT3	tetracycline	tetracycline	Resistant	2	tet(M) (tet(M)_X04388)
140Cp-CMPN001x65_260114_LH00793_B23GCKKLT3	doxycycline	tetracycline	Resistant	2	tet(M) (tet(M)_X04388)
140Cp-CMPN001x65_260114_LH00793_B23GCKKLT3	minocycline	tetracycline	Resistant	2	tet(M) (tet(M)_X04388)
140Cp-CMPN001x65_260114_LH00793_B23GCKKLT3	tigecycline	tetracycline	No resistance	0	
140Cp-CMPN001x65_260114_LH00793_B23GCKKLT3	quinupristin	streptogramin b	Resistant	3	erm(B) (erm(B)_U86375), msr(D) (msr(D)_AF274302)
140Cp-CMPN001x65_260114_LH00793_B23GCKKLT3	pristinamycin ia	streptogramin b	Resistant	3	erm(B) (erm(B)_U86375), msr(D) (msr(D)_AF274302)
140Cp-CMPN001x65_260114_LH00793_B23GCKKLT3	virginiamycin s	streptogramin b	Resistant	3	erm(B) (erm(B)_U86375), msr(D) (msr(D)_AF274302)
140Cp-CMPN001x65_260114_LH00793_B23GCKKLT3	linezolid	oxazolidinone	No resistance	0	
140Cp-CMPN001x65_260114_LH00793_B23GCKKLT3	chloramphenicol	amphenicol	No resistance	0	
140Cp-CMPN001x65_260114_LH00793_B23GCKKLT3	florfenicol	amphenicol	No resistance	0	
140Cp-CMPN001x65_260114_LH00793_B23GCKKLT3	colistin	polymyxin	No resistance	0	
140Cp-CMPN001x65_260114_LH00793_B23GCKKLT3	fusidic acid	steroid antibacterial	No resistance	0	
140Cp-CMPN001x65_260114_LH00793_B23GCKKLT3	mupirocin	pseudomonic acid	No resistance	0	
140Cp-CMPN001x65_260114_LH00793_B23GCKKLT3	rifampicin	rifamycin	No resistance	0	
140Cp-CMPN001x65_260114_LH00793_B23GCKKLT3	metronidazole	nitroimidazole	No resistance	0	
140Cp-CMPN001x65_260114_LH00793_B23GCKKLT3	narasin	ionophores	No resistance	0	
140Cp-CMPN001x65_260114_LH00793_B23GCKKLT3	salinomycin	ionophores	No resistance	0	
140Cp-CMPN001x65_260114_LH00793_B23GCKKLT3	maduramicin	ionophores	No resistance	0	
141Ap-CMPN001x66_260114_LH00793_B23GCKKLT3	gentamicin	aminoglycoside	No resistance	0	
141Ap-CMPN001x66_260114_LH00793_B23GCKKLT3	tobramycin	aminoglycoside	No resistance	0	
141Ap-CMPN001x66_260114_LH00793_B23GCKKLT3	streptomycin	aminoglycoside	No resistance	0	
141Ap-CMPN001x66_260114_LH00793_B23GCKKLT3	amikacin	aminoglycoside	No resistance	0	
141Ap-CMPN001x66_260114_LH00793_B23GCKKLT3	isepamicin	aminoglycoside	No resistance	0	
141Ap-CMPN001x66_260114_LH00793_B23GCKKLT3	dibekacin	aminoglycoside	No resistance	0	
141Ap-CMPN001x66_260114_LH00793_B23GCKKLT3	kanamycin	aminoglycoside	No resistance	0	
141Ap-CMPN001x66_260114_LH00793_B23GCKKLT3	neomycin	aminoglycoside	No resistance	0	
141Ap-CMPN001x66_260114_LH00793_B23GCKKLT3	lividomycin	aminoglycoside	No resistance	0	
141Ap-CMPN001x66_260114_LH00793_B23GCKKLT3	paromomycin	aminoglycoside	No resistance	0	
141Ap-CMPN001x66_260114_LH00793_B23GCKKLT3	ribostamycin	aminoglycoside	No resistance	0	
141Ap-CMPN001x66_260114_LH00793_B23GCKKLT3	unknown aminoglycoside	aminoglycoside	No resistance	0	
141Ap-CMPN001x66_260114_LH00793_B23GCKKLT3	butiromycin	aminoglycoside	No resistance	0	
141Ap-CMPN001x66_260114_LH00793_B23GCKKLT3	butirosin	aminoglycoside	No resistance	0	
141Ap-CMPN001x66_260114_LH00793_B23GCKKLT3	hygromycin	aminoglycoside	No resistance	0	
141Ap-CMPN001x66_260114_LH00793_B23GCKKLT3	netilmicin	aminoglycoside	No resistance	0	
141Ap-CMPN001x66_260114_LH00793_B23GCKKLT3	apramycin	aminoglycoside	No resistance	0	
141Ap-CMPN001x66_260114_LH00793_B23GCKKLT3	sisomicin	aminoglycoside	No resistance	0	
141Ap-CMPN001x66_260114_LH00793_B23GCKKLT3	arbekacin	aminoglycoside	No resistance	0	
141Ap-CMPN001x66_260114_LH00793_B23GCKKLT3	kasugamycin	aminoglycoside	No resistance	0	
141Ap-CMPN001x66_260114_LH00793_B23GCKKLT3	astromicin	aminoglycoside	No resistance	0	
141Ap-CMPN001x66_260114_LH00793_B23GCKKLT3	fortimicin	aminoglycoside	No resistance	0	
141Ap-CMPN001x66_260114_LH00793_B23GCKKLT3	spectinomycin	aminocyclitol	No resistance	0	
141Ap-CMPN001x66_260114_LH00793_B23GCKKLT3	fluoroquinolone	quinolone	No resistance	0	
141Ap-CMPN001x66_260114_LH00793_B23GCKKLT3	ciprofloxacin	quinolone	No resistance	0	
141Ap-CMPN001x66_260114_LH00793_B23GCKKLT3	unknown quinolone	quinolone	No resistance	0	
141Ap-CMPN001x66_260114_LH00793_B23GCKKLT3	nalidixic acid	quinolone	No resistance	0	
141Ap-CMPN001x66_260114_LH00793_B23GCKKLT3	amoxicillin	beta-lactam	No resistance	0	
141Ap-CMPN001x66_260114_LH00793_B23GCKKLT3	amoxicillin+clavulanic acid	beta-lactam	No resistance	0	
141Ap-CMPN001x66_260114_LH00793_B23GCKKLT3	ampicillin	beta-lactam	No resistance	0	
141Ap-CMPN001x66_260114_LH00793_B23GCKKLT3	ampicillin+clavulanic acid	beta-lactam	No resistance	0	
141Ap-CMPN001x66_260114_LH00793_B23GCKKLT3	cefepime	beta-lactam	No resistance	0	
141Ap-CMPN001x66_260114_LH00793_B23GCKKLT3	cefixime	beta-lactam	No resistance	0	
141Ap-CMPN001x66_260114_LH00793_B23GCKKLT3	cefotaxime	beta-lactam	No resistance	0	
141Ap-CMPN001x66_260114_LH00793_B23GCKKLT3	cefoxitin	beta-lactam	No resistance	0	
141Ap-CMPN001x66_260114_LH00793_B23GCKKLT3	ceftazidime	beta-lactam	No resistance	0	
141Ap-CMPN001x66_260114_LH00793_B23GCKKLT3	ertapenem	beta-lactam	No resistance	0	
141Ap-CMPN001x66_260114_LH00793_B23GCKKLT3	imipenem	beta-lactam	No resistance	0	
141Ap-CMPN001x66_260114_LH00793_B23GCKKLT3	meropenem	beta-lactam	No resistance	0	
141Ap-CMPN001x66_260114_LH00793_B23GCKKLT3	piperacillin	beta-lactam	No resistance	0	
141Ap-CMPN001x66_260114_LH00793_B23GCKKLT3	piperacillin+tazobactam	beta-lactam	No resistance	0	
141Ap-CMPN001x66_260114_LH00793_B23GCKKLT3	unknown beta-lactam	beta-lactam	No resistance	0	
141Ap-CMPN001x66_260114_LH00793_B23GCKKLT3	aztreonam	beta-lactam	No resistance	0	
141Ap-CMPN001x66_260114_LH00793_B23GCKKLT3	cefotaxime+clavulanic acid	beta-lactam	No resistance	0	
141Ap-CMPN001x66_260114_LH00793_B23GCKKLT3	temocillin	beta-lactam	No resistance	0	
141Ap-CMPN001x66_260114_LH00793_B23GCKKLT3	ticarcillin	beta-lactam	No resistance	0	
141Ap-CMPN001x66_260114_LH00793_B23GCKKLT3	ceftazidime+avibactam	beta-lactam	No resistance	0	
141Ap-CMPN001x66_260114_LH00793_B23GCKKLT3	penicillin	beta-lactam	No resistance	0	
141Ap-CMPN001x66_260114_LH00793_B23GCKKLT3	ceftriaxone	beta-lactam	No resistance	0	
141Ap-CMPN001x66_260114_LH00793_B23GCKKLT3	ticarcillin+clavulanic acid	beta-lactam	No resistance	0	
141Ap-CMPN001x66_260114_LH00793_B23GCKKLT3	cephalothin	beta-lactam	No resistance	0	
141Ap-CMPN001x66_260114_LH00793_B23GCKKLT3	piperacillin+clavulanic acid	beta-lactam	No resistance	0	
141Ap-CMPN001x66_260114_LH00793_B23GCKKLT3	ceftiofur	under_development	No resistance	0	
141Ap-CMPN001x66_260114_LH00793_B23GCKKLT3	sulfamethoxazole	folate pathway antagonist	No resistance	0	
141Ap-CMPN001x66_260114_LH00793_B23GCKKLT3	trimethoprim	folate pathway antagonist	No resistance	0	
141Ap-CMPN001x66_260114_LH00793_B23GCKKLT3	fosfomycin	fosfomycin	No resistance	0	
141Ap-CMPN001x66_260114_LH00793_B23GCKKLT3	vancomycin	glycopeptide	No resistance	0	
141Ap-CMPN001x66_260114_LH00793_B23GCKKLT3	teicoplanin	glycopeptide	No resistance	0	
141Ap-CMPN001x66_260114_LH00793_B23GCKKLT3	bleomycin	glycopeptide	No resistance	0	
141Ap-CMPN001x66_260114_LH00793_B23GCKKLT3	lincomycin	lincosamide	Resistant	3	erm(B) (erm(B)_U86375)
141Ap-CMPN001x66_260114_LH00793_B23GCKKLT3	clindamycin	lincosamide	Resistant	3	erm(B) (erm(B)_U86375)
141Ap-CMPN001x66_260114_LH00793_B23GCKKLT3	dalfopristin	streptogramin a	No resistance	0	
141Ap-CMPN001x66_260114_LH00793_B23GCKKLT3	pristinamycin iia	streptogramin a	No resistance	0	
141Ap-CMPN001x66_260114_LH00793_B23GCKKLT3	virginiamycin m	streptogramin a	No resistance	0	
141Ap-CMPN001x66_260114_LH00793_B23GCKKLT3	quinupristin+dalfopristin	streptogramin a	No resistance	0	
141Ap-CMPN001x66_260114_LH00793_B23GCKKLT3	tiamulin	pleuromutilin	No resistance	0	
141Ap-CMPN001x66_260114_LH00793_B23GCKKLT3	carbomycin	macrolide	No resistance	0	
141Ap-CMPN001x66_260114_LH00793_B23GCKKLT3	erythromycin	macrolide	Resistant	3	erm(B) (erm(B)_U86375)
141Ap-CMPN001x66_260114_LH00793_B23GCKKLT3	azithromycin	macrolide	No resistance	0	
141Ap-CMPN001x66_260114_LH00793_B23GCKKLT3	oleandomycin	macrolide	No resistance	0	
141Ap-CMPN001x66_260114_LH00793_B23GCKKLT3	spiramycin	macrolide	No resistance	0	
141Ap-CMPN001x66_260114_LH00793_B23GCKKLT3	tylosin	macrolide	No resistance	0	
141Ap-CMPN001x66_260114_LH00793_B23GCKKLT3	telithromycin	macrolide	No resistance	0	
141Ap-CMPN001x66_260114_LH00793_B23GCKKLT3	tetracycline	tetracycline	Resistant	2	tetA(46) (tetA(46)_HQ652506), tetB(46) (tetB(46)_HQ652506), tet(M) (tet(M)_X75073)
141Ap-CMPN001x66_260114_LH00793_B23GCKKLT3	doxycycline	tetracycline	Resistant	2	tetA(46) (tetA(46)_HQ652506), tetB(46) (tetB(46)_HQ652506), tet(M) (tet(M)_X75073)
141Ap-CMPN001x66_260114_LH00793_B23GCKKLT3	minocycline	tetracycline	Resistant	2	tet(M) (tet(M)_X75073)
141Ap-CMPN001x66_260114_LH00793_B23GCKKLT3	tigecycline	tetracycline	Resistant	2	tetA(46) (tetA(46)_HQ652506), tetB(46) (tetB(46)_HQ652506)
141Ap-CMPN001x66_260114_LH00793_B23GCKKLT3	quinupristin	streptogramin b	Resistant	3	erm(B) (erm(B)_U86375)
141Ap-CMPN001x66_260114_LH00793_B23GCKKLT3	pristinamycin ia	streptogramin b	Resistant	3	erm(B) (erm(B)_U86375)
141Ap-CMPN001x66_260114_LH00793_B23GCKKLT3	virginiamycin s	streptogramin b	Resistant	3	erm(B) (erm(B)_U86375)
141Ap-CMPN001x66_260114_LH00793_B23GCKKLT3	linezolid	oxazolidinone	No resistance	0	
141Ap-CMPN001x66_260114_LH00793_B23GCKKLT3	chloramphenicol	amphenicol	No resistance	0	
141Ap-CMPN001x66_260114_LH00793_B23GCKKLT3	florfenicol	amphenicol	No resistance	0	
141Ap-CMPN001x66_260114_LH00793_B23GCKKLT3	colistin	polymyxin	No resistance	0	
141Ap-CMPN001x66_260114_LH00793_B23GCKKLT3	fusidic acid	steroid antibacterial	No resistance	0	
141Ap-CMPN001x66_260114_LH00793_B23GCKKLT3	mupirocin	pseudomonic acid	No resistance	0	
141Ap-CMPN001x66_260114_LH00793_B23GCKKLT3	rifampicin	rifamycin	No resistance	0	
141Ap-CMPN001x66_260114_LH00793_B23GCKKLT3	metronidazole	nitroimidazole	No resistance	0	
141Ap-CMPN001x66_260114_LH00793_B23GCKKLT3	narasin	ionophores	No resistance	0	
141Ap-CMPN001x66_260114_LH00793_B23GCKKLT3	salinomycin	ionophores	No resistance	0	
141Ap-CMPN001x66_260114_LH00793_B23GCKKLT3	maduramicin	ionophores	No resistance	0	
145Cm-CMPN001x68_260114_LH00793_B23GCKKLT3	gentamicin	aminoglycoside	No resistance	0	
145Cm-CMPN001x68_260114_LH00793_B23GCKKLT3	tobramycin	aminoglycoside	No resistance	0	
145Cm-CMPN001x68_260114_LH00793_B23GCKKLT3	streptomycin	aminoglycoside	No resistance	0	
145Cm-CMPN001x68_260114_LH00793_B23GCKKLT3	amikacin	aminoglycoside	No resistance	0	
145Cm-CMPN001x68_260114_LH00793_B23GCKKLT3	isepamicin	aminoglycoside	No resistance	0	
145Cm-CMPN001x68_260114_LH00793_B23GCKKLT3	dibekacin	aminoglycoside	No resistance	0	
145Cm-CMPN001x68_260114_LH00793_B23GCKKLT3	kanamycin	aminoglycoside	No resistance	0	
145Cm-CMPN001x68_260114_LH00793_B23GCKKLT3	neomycin	aminoglycoside	No resistance	0	
145Cm-CMPN001x68_260114_LH00793_B23GCKKLT3	lividomycin	aminoglycoside	No resistance	0	
145Cm-CMPN001x68_260114_LH00793_B23GCKKLT3	paromomycin	aminoglycoside	No resistance	0	
145Cm-CMPN001x68_260114_LH00793_B23GCKKLT3	ribostamycin	aminoglycoside	No resistance	0	
145Cm-CMPN001x68_260114_LH00793_B23GCKKLT3	unknown aminoglycoside	aminoglycoside	No resistance	0	
145Cm-CMPN001x68_260114_LH00793_B23GCKKLT3	butiromycin	aminoglycoside	No resistance	0	
145Cm-CMPN001x68_260114_LH00793_B23GCKKLT3	butirosin	aminoglycoside	No resistance	0	
145Cm-CMPN001x68_260114_LH00793_B23GCKKLT3	hygromycin	aminoglycoside	No resistance	0	
145Cm-CMPN001x68_260114_LH00793_B23GCKKLT3	netilmicin	aminoglycoside	No resistance	0	
145Cm-CMPN001x68_260114_LH00793_B23GCKKLT3	apramycin	aminoglycoside	No resistance	0	
145Cm-CMPN001x68_260114_LH00793_B23GCKKLT3	sisomicin	aminoglycoside	No resistance	0	
145Cm-CMPN001x68_260114_LH00793_B23GCKKLT3	arbekacin	aminoglycoside	No resistance	0	
145Cm-CMPN001x68_260114_LH00793_B23GCKKLT3	kasugamycin	aminoglycoside	No resistance	0	
145Cm-CMPN001x68_260114_LH00793_B23GCKKLT3	astromicin	aminoglycoside	No resistance	0	
145Cm-CMPN001x68_260114_LH00793_B23GCKKLT3	fortimicin	aminoglycoside	No resistance	0	
145Cm-CMPN001x68_260114_LH00793_B23GCKKLT3	spectinomycin	aminocyclitol	No resistance	0	
145Cm-CMPN001x68_260114_LH00793_B23GCKKLT3	fluoroquinolone	quinolone	No resistance	0	
145Cm-CMPN001x68_260114_LH00793_B23GCKKLT3	ciprofloxacin	quinolone	No resistance	0	
145Cm-CMPN001x68_260114_LH00793_B23GCKKLT3	unknown quinolone	quinolone	No resistance	0	
145Cm-CMPN001x68_260114_LH00793_B23GCKKLT3	nalidixic acid	quinolone	No resistance	0	
145Cm-CMPN001x68_260114_LH00793_B23GCKKLT3	amoxicillin	beta-lactam	No resistance	0	
145Cm-CMPN001x68_260114_LH00793_B23GCKKLT3	amoxicillin+clavulanic acid	beta-lactam	No resistance	0	
145Cm-CMPN001x68_260114_LH00793_B23GCKKLT3	ampicillin	beta-lactam	No resistance	0	
145Cm-CMPN001x68_260114_LH00793_B23GCKKLT3	ampicillin+clavulanic acid	beta-lactam	No resistance	0	
145Cm-CMPN001x68_260114_LH00793_B23GCKKLT3	cefepime	beta-lactam	No resistance	0	
145Cm-CMPN001x68_260114_LH00793_B23GCKKLT3	cefixime	beta-lactam	No resistance	0	
145Cm-CMPN001x68_260114_LH00793_B23GCKKLT3	cefotaxime	beta-lactam	No resistance	0	
145Cm-CMPN001x68_260114_LH00793_B23GCKKLT3	cefoxitin	beta-lactam	No resistance	0	
145Cm-CMPN001x68_260114_LH00793_B23GCKKLT3	ceftazidime	beta-lactam	No resistance	0	
145Cm-CMPN001x68_260114_LH00793_B23GCKKLT3	ertapenem	beta-lactam	No resistance	0	
145Cm-CMPN001x68_260114_LH00793_B23GCKKLT3	imipenem	beta-lactam	No resistance	0	
145Cm-CMPN001x68_260114_LH00793_B23GCKKLT3	meropenem	beta-lactam	No resistance	0	
145Cm-CMPN001x68_260114_LH00793_B23GCKKLT3	piperacillin	beta-lactam	No resistance	0	
145Cm-CMPN001x68_260114_LH00793_B23GCKKLT3	piperacillin+tazobactam	beta-lactam	No resistance	0	
145Cm-CMPN001x68_260114_LH00793_B23GCKKLT3	unknown beta-lactam	beta-lactam	No resistance	0	
145Cm-CMPN001x68_260114_LH00793_B23GCKKLT3	aztreonam	beta-lactam	No resistance	0	
145Cm-CMPN001x68_260114_LH00793_B23GCKKLT3	cefotaxime+clavulanic acid	beta-lactam	No resistance	0	
145Cm-CMPN001x68_260114_LH00793_B23GCKKLT3	temocillin	beta-lactam	No resistance	0	
145Cm-CMPN001x68_260114_LH00793_B23GCKKLT3	ticarcillin	beta-lactam	No resistance	0	
145Cm-CMPN001x68_260114_LH00793_B23GCKKLT3	ceftazidime+avibactam	beta-lactam	No resistance	0	
145Cm-CMPN001x68_260114_LH00793_B23GCKKLT3	penicillin	beta-lactam	No resistance	0	
145Cm-CMPN001x68_260114_LH00793_B23GCKKLT3	ceftriaxone	beta-lactam	No resistance	0	
145Cm-CMPN001x68_260114_LH00793_B23GCKKLT3	ticarcillin+clavulanic acid	beta-lactam	No resistance	0	
145Cm-CMPN001x68_260114_LH00793_B23GCKKLT3	cephalothin	beta-lactam	No resistance	0	
145Cm-CMPN001x68_260114_LH00793_B23GCKKLT3	piperacillin+clavulanic acid	beta-lactam	No resistance	0	
145Cm-CMPN001x68_260114_LH00793_B23GCKKLT3	ceftiofur	under_development	No resistance	0	
145Cm-CMPN001x68_260114_LH00793_B23GCKKLT3	sulfamethoxazole	folate pathway antagonist	No resistance	0	
145Cm-CMPN001x68_260114_LH00793_B23GCKKLT3	trimethoprim	folate pathway antagonist	No resistance	0	
145Cm-CMPN001x68_260114_LH00793_B23GCKKLT3	fosfomycin	fosfomycin	No resistance	0	
145Cm-CMPN001x68_260114_LH00793_B23GCKKLT3	vancomycin	glycopeptide	No resistance	0	
145Cm-CMPN001x68_260114_LH00793_B23GCKKLT3	teicoplanin	glycopeptide	No resistance	0	
145Cm-CMPN001x68_260114_LH00793_B23GCKKLT3	bleomycin	glycopeptide	No resistance	0	
145Cm-CMPN001x68_260114_LH00793_B23GCKKLT3	lincomycin	lincosamide	Resistant	3	erm(B) (erm(B)_X72021)
145Cm-CMPN001x68_260114_LH00793_B23GCKKLT3	clindamycin	lincosamide	Resistant	3	erm(B) (erm(B)_X72021)
145Cm-CMPN001x68_260114_LH00793_B23GCKKLT3	dalfopristin	streptogramin a	No resistance	0	
145Cm-CMPN001x68_260114_LH00793_B23GCKKLT3	pristinamycin iia	streptogramin a	No resistance	0	
145Cm-CMPN001x68_260114_LH00793_B23GCKKLT3	virginiamycin m	streptogramin a	No resistance	0	
145Cm-CMPN001x68_260114_LH00793_B23GCKKLT3	quinupristin+dalfopristin	streptogramin a	No resistance	0	
145Cm-CMPN001x68_260114_LH00793_B23GCKKLT3	tiamulin	pleuromutilin	No resistance	0	
145Cm-CMPN001x68_260114_LH00793_B23GCKKLT3	carbomycin	macrolide	No resistance	0	
145Cm-CMPN001x68_260114_LH00793_B23GCKKLT3	erythromycin	macrolide	Resistant	3	erm(B) (erm(B)_X72021)
145Cm-CMPN001x68_260114_LH00793_B23GCKKLT3	azithromycin	macrolide	No resistance	0	
145Cm-CMPN001x68_260114_LH00793_B23GCKKLT3	oleandomycin	macrolide	No resistance	0	
145Cm-CMPN001x68_260114_LH00793_B23GCKKLT3	spiramycin	macrolide	No resistance	0	
145Cm-CMPN001x68_260114_LH00793_B23GCKKLT3	tylosin	macrolide	No resistance	0	
145Cm-CMPN001x68_260114_LH00793_B23GCKKLT3	telithromycin	macrolide	No resistance	0	
145Cm-CMPN001x68_260114_LH00793_B23GCKKLT3	tetracycline	tetracycline	Resistant	2	tet(M) (tet(M)_FR671418)
145Cm-CMPN001x68_260114_LH00793_B23GCKKLT3	doxycycline	tetracycline	Resistant	2	tet(M) (tet(M)_FR671418)
145Cm-CMPN001x68_260114_LH00793_B23GCKKLT3	minocycline	tetracycline	Resistant	2	tet(M) (tet(M)_FR671418)
145Cm-CMPN001x68_260114_LH00793_B23GCKKLT3	tigecycline	tetracycline	No resistance	0	
145Cm-CMPN001x68_260114_LH00793_B23GCKKLT3	quinupristin	streptogramin b	Resistant	3	erm(B) (erm(B)_X72021)
145Cm-CMPN001x68_260114_LH00793_B23GCKKLT3	pristinamycin ia	streptogramin b	Resistant	3	erm(B) (erm(B)_X72021)
145Cm-CMPN001x68_260114_LH00793_B23GCKKLT3	virginiamycin s	streptogramin b	Resistant	3	erm(B) (erm(B)_X72021)
145Cm-CMPN001x68_260114_LH00793_B23GCKKLT3	linezolid	oxazolidinone	No resistance	0	
145Cm-CMPN001x68_260114_LH00793_B23GCKKLT3	chloramphenicol	amphenicol	No resistance	0	
145Cm-CMPN001x68_260114_LH00793_B23GCKKLT3	florfenicol	amphenicol	No resistance	0	
145Cm-CMPN001x68_260114_LH00793_B23GCKKLT3	colistin	polymyxin	No resistance	0	
145Cm-CMPN001x68_260114_LH00793_B23GCKKLT3	fusidic acid	steroid antibacterial	No resistance	0	
145Cm-CMPN001x68_260114_LH00793_B23GCKKLT3	mupirocin	pseudomonic acid	No resistance	0	
145Cm-CMPN001x68_260114_LH00793_B23GCKKLT3	rifampicin	rifamycin	No resistance	0	
145Cm-CMPN001x68_260114_LH00793_B23GCKKLT3	metronidazole	nitroimidazole	No resistance	0	
145Cm-CMPN001x68_260114_LH00793_B23GCKKLT3	narasin	ionophores	No resistance	0	
145Cm-CMPN001x68_260114_LH00793_B23GCKKLT3	salinomycin	ionophores	No resistance	0	
145Cm-CMPN001x68_260114_LH00793_B23GCKKLT3	maduramicin	ionophores	No resistance	0	
145Csv-CMPN001x67_260114_LH00793_B23GCKKLT3	gentamicin	aminoglycoside	No resistance	0	
145Csv-CMPN001x67_260114_LH00793_B23GCKKLT3	tobramycin	aminoglycoside	No resistance	0	
145Csv-CMPN001x67_260114_LH00793_B23GCKKLT3	streptomycin	aminoglycoside	No resistance	0	
145Csv-CMPN001x67_260114_LH00793_B23GCKKLT3	amikacin	aminoglycoside	No resistance	0	
145Csv-CMPN001x67_260114_LH00793_B23GCKKLT3	isepamicin	aminoglycoside	No resistance	0	
145Csv-CMPN001x67_260114_LH00793_B23GCKKLT3	dibekacin	aminoglycoside	No resistance	0	
145Csv-CMPN001x67_260114_LH00793_B23GCKKLT3	kanamycin	aminoglycoside	No resistance	0	
145Csv-CMPN001x67_260114_LH00793_B23GCKKLT3	neomycin	aminoglycoside	No resistance	0	
145Csv-CMPN001x67_260114_LH00793_B23GCKKLT3	lividomycin	aminoglycoside	No resistance	0	
145Csv-CMPN001x67_260114_LH00793_B23GCKKLT3	paromomycin	aminoglycoside	No resistance	0	
145Csv-CMPN001x67_260114_LH00793_B23GCKKLT3	ribostamycin	aminoglycoside	No resistance	0	
145Csv-CMPN001x67_260114_LH00793_B23GCKKLT3	unknown aminoglycoside	aminoglycoside	No resistance	0	
145Csv-CMPN001x67_260114_LH00793_B23GCKKLT3	butiromycin	aminoglycoside	No resistance	0	
145Csv-CMPN001x67_260114_LH00793_B23GCKKLT3	butirosin	aminoglycoside	No resistance	0	
145Csv-CMPN001x67_260114_LH00793_B23GCKKLT3	hygromycin	aminoglycoside	No resistance	0	
145Csv-CMPN001x67_260114_LH00793_B23GCKKLT3	netilmicin	aminoglycoside	No resistance	0	
145Csv-CMPN001x67_260114_LH00793_B23GCKKLT3	apramycin	aminoglycoside	No resistance	0	
145Csv-CMPN001x67_260114_LH00793_B23GCKKLT3	sisomicin	aminoglycoside	No resistance	0	
145Csv-CMPN001x67_260114_LH00793_B23GCKKLT3	arbekacin	aminoglycoside	No resistance	0	
145Csv-CMPN001x67_260114_LH00793_B23GCKKLT3	kasugamycin	aminoglycoside	No resistance	0	
145Csv-CMPN001x67_260114_LH00793_B23GCKKLT3	astromicin	aminoglycoside	No resistance	0	
145Csv-CMPN001x67_260114_LH00793_B23GCKKLT3	fortimicin	aminoglycoside	No resistance	0	
145Csv-CMPN001x67_260114_LH00793_B23GCKKLT3	spectinomycin	aminocyclitol	No resistance	0	
145Csv-CMPN001x67_260114_LH00793_B23GCKKLT3	fluoroquinolone	quinolone	No resistance	0	
145Csv-CMPN001x67_260114_LH00793_B23GCKKLT3	ciprofloxacin	quinolone	No resistance	0	
145Csv-CMPN001x67_260114_LH00793_B23GCKKLT3	unknown quinolone	quinolone	No resistance	0	
145Csv-CMPN001x67_260114_LH00793_B23GCKKLT3	nalidixic acid	quinolone	No resistance	0	
145Csv-CMPN001x67_260114_LH00793_B23GCKKLT3	amoxicillin	beta-lactam	No resistance	0	
145Csv-CMPN001x67_260114_LH00793_B23GCKKLT3	amoxicillin+clavulanic acid	beta-lactam	No resistance	0	
145Csv-CMPN001x67_260114_LH00793_B23GCKKLT3	ampicillin	beta-lactam	No resistance	0	
145Csv-CMPN001x67_260114_LH00793_B23GCKKLT3	ampicillin+clavulanic acid	beta-lactam	No resistance	0	
145Csv-CMPN001x67_260114_LH00793_B23GCKKLT3	cefepime	beta-lactam	No resistance	0	
145Csv-CMPN001x67_260114_LH00793_B23GCKKLT3	cefixime	beta-lactam	No resistance	0	
145Csv-CMPN001x67_260114_LH00793_B23GCKKLT3	cefotaxime	beta-lactam	No resistance	0	
145Csv-CMPN001x67_260114_LH00793_B23GCKKLT3	cefoxitin	beta-lactam	No resistance	0	
145Csv-CMPN001x67_260114_LH00793_B23GCKKLT3	ceftazidime	beta-lactam	No resistance	0	
145Csv-CMPN001x67_260114_LH00793_B23GCKKLT3	ertapenem	beta-lactam	No resistance	0	
145Csv-CMPN001x67_260114_LH00793_B23GCKKLT3	imipenem	beta-lactam	No resistance	0	
145Csv-CMPN001x67_260114_LH00793_B23GCKKLT3	meropenem	beta-lactam	No resistance	0	
145Csv-CMPN001x67_260114_LH00793_B23GCKKLT3	piperacillin	beta-lactam	No resistance	0	
145Csv-CMPN001x67_260114_LH00793_B23GCKKLT3	piperacillin+tazobactam	beta-lactam	No resistance	0	
145Csv-CMPN001x67_260114_LH00793_B23GCKKLT3	unknown beta-lactam	beta-lactam	No resistance	0	
145Csv-CMPN001x67_260114_LH00793_B23GCKKLT3	aztreonam	beta-lactam	No resistance	0	
145Csv-CMPN001x67_260114_LH00793_B23GCKKLT3	cefotaxime+clavulanic acid	beta-lactam	No resistance	0	
145Csv-CMPN001x67_260114_LH00793_B23GCKKLT3	temocillin	beta-lactam	No resistance	0	
145Csv-CMPN001x67_260114_LH00793_B23GCKKLT3	ticarcillin	beta-lactam	No resistance	0	
145Csv-CMPN001x67_260114_LH00793_B23GCKKLT3	ceftazidime+avibactam	beta-lactam	No resistance	0	
145Csv-CMPN001x67_260114_LH00793_B23GCKKLT3	penicillin	beta-lactam	No resistance	0	
145Csv-CMPN001x67_260114_LH00793_B23GCKKLT3	ceftriaxone	beta-lactam	No resistance	0	
145Csv-CMPN001x67_260114_LH00793_B23GCKKLT3	ticarcillin+clavulanic acid	beta-lactam	No resistance	0	
145Csv-CMPN001x67_260114_LH00793_B23GCKKLT3	cephalothin	beta-lactam	No resistance	0	
145Csv-CMPN001x67_260114_LH00793_B23GCKKLT3	piperacillin+clavulanic acid	beta-lactam	No resistance	0	
145Csv-CMPN001x67_260114_LH00793_B23GCKKLT3	ceftiofur	under_development	No resistance	0	
145Csv-CMPN001x67_260114_LH00793_B23GCKKLT3	sulfamethoxazole	folate pathway antagonist	No resistance	0	
145Csv-CMPN001x67_260114_LH00793_B23GCKKLT3	trimethoprim	folate pathway antagonist	No resistance	0	
145Csv-CMPN001x67_260114_LH00793_B23GCKKLT3	fosfomycin	fosfomycin	No resistance	0	
145Csv-CMPN001x67_260114_LH00793_B23GCKKLT3	vancomycin	glycopeptide	No resistance	0	
145Csv-CMPN001x67_260114_LH00793_B23GCKKLT3	teicoplanin	glycopeptide	No resistance	0	
145Csv-CMPN001x67_260114_LH00793_B23GCKKLT3	bleomycin	glycopeptide	No resistance	0	
145Csv-CMPN001x67_260114_LH00793_B23GCKKLT3	lincomycin	lincosamide	Resistant	3	erm(B) (erm(B)_X72021)
145Csv-CMPN001x67_260114_LH00793_B23GCKKLT3	clindamycin	lincosamide	Resistant	3	erm(B) (erm(B)_X72021)
145Csv-CMPN001x67_260114_LH00793_B23GCKKLT3	dalfopristin	streptogramin a	No resistance	0	
145Csv-CMPN001x67_260114_LH00793_B23GCKKLT3	pristinamycin iia	streptogramin a	No resistance	0	
145Csv-CMPN001x67_260114_LH00793_B23GCKKLT3	virginiamycin m	streptogramin a	No resistance	0	
145Csv-CMPN001x67_260114_LH00793_B23GCKKLT3	quinupristin+dalfopristin	streptogramin a	No resistance	0	
145Csv-CMPN001x67_260114_LH00793_B23GCKKLT3	tiamulin	pleuromutilin	No resistance	0	
145Csv-CMPN001x67_260114_LH00793_B23GCKKLT3	carbomycin	macrolide	No resistance	0	
145Csv-CMPN001x67_260114_LH00793_B23GCKKLT3	erythromycin	macrolide	Resistant	3	erm(B) (erm(B)_X72021)
145Csv-CMPN001x67_260114_LH00793_B23GCKKLT3	azithromycin	macrolide	No resistance	0	
145Csv-CMPN001x67_260114_LH00793_B23GCKKLT3	oleandomycin	macrolide	No resistance	0	
145Csv-CMPN001x67_260114_LH00793_B23GCKKLT3	spiramycin	macrolide	No resistance	0	
145Csv-CMPN001x67_260114_LH00793_B23GCKKLT3	tylosin	macrolide	No resistance	0	
145Csv-CMPN001x67_260114_LH00793_B23GCKKLT3	telithromycin	macrolide	No resistance	0	
145Csv-CMPN001x67_260114_LH00793_B23GCKKLT3	tetracycline	tetracycline	Resistant	2	tet(M) (tet(M)_FR671418)
145Csv-CMPN001x67_260114_LH00793_B23GCKKLT3	doxycycline	tetracycline	Resistant	2	tet(M) (tet(M)_FR671418)
145Csv-CMPN001x67_260114_LH00793_B23GCKKLT3	minocycline	tetracycline	Resistant	2	tet(M) (tet(M)_FR671418)
145Csv-CMPN001x67_260114_LH00793_B23GCKKLT3	tigecycline	tetracycline	No resistance	0	
145Csv-CMPN001x67_260114_LH00793_B23GCKKLT3	quinupristin	streptogramin b	Resistant	3	erm(B) (erm(B)_X72021)
145Csv-CMPN001x67_260114_LH00793_B23GCKKLT3	pristinamycin ia	streptogramin b	Resistant	3	erm(B) (erm(B)_X72021)
145Csv-CMPN001x67_260114_LH00793_B23GCKKLT3	virginiamycin s	streptogramin b	Resistant	3	erm(B) (erm(B)_X72021)
145Csv-CMPN001x67_260114_LH00793_B23GCKKLT3	linezolid	oxazolidinone	No resistance	0	
145Csv-CMPN001x67_260114_LH00793_B23GCKKLT3	chloramphenicol	amphenicol	No resistance	0	
145Csv-CMPN001x67_260114_LH00793_B23GCKKLT3	florfenicol	amphenicol	No resistance	0	
145Csv-CMPN001x67_260114_LH00793_B23GCKKLT3	colistin	polymyxin	No resistance	0	
145Csv-CMPN001x67_260114_LH00793_B23GCKKLT3	fusidic acid	steroid antibacterial	No resistance	0	
145Csv-CMPN001x67_260114_LH00793_B23GCKKLT3	mupirocin	pseudomonic acid	No resistance	0	
145Csv-CMPN001x67_260114_LH00793_B23GCKKLT3	rifampicin	rifamycin	No resistance	0	
145Csv-CMPN001x67_260114_LH00793_B23GCKKLT3	metronidazole	nitroimidazole	No resistance	0	
145Csv-CMPN001x67_260114_LH00793_B23GCKKLT3	narasin	ionophores	No resistance	0	
145Csv-CMPN001x67_260114_LH00793_B23GCKKLT3	salinomycin	ionophores	No resistance	0	
145Csv-CMPN001x67_260114_LH00793_B23GCKKLT3	maduramicin	ionophores	No resistance	0	
146Pp-CMPN001x69_260114_LH00793_B23GCKKLT3	gentamicin	aminoglycoside	No resistance	0	
146Pp-CMPN001x69_260114_LH00793_B23GCKKLT3	tobramycin	aminoglycoside	No resistance	0	
146Pp-CMPN001x69_260114_LH00793_B23GCKKLT3	streptomycin	aminoglycoside	No resistance	0	
146Pp-CMPN001x69_260114_LH00793_B23GCKKLT3	amikacin	aminoglycoside	No resistance	0	
146Pp-CMPN001x69_260114_LH00793_B23GCKKLT3	isepamicin	aminoglycoside	No resistance	0	
146Pp-CMPN001x69_260114_LH00793_B23GCKKLT3	dibekacin	aminoglycoside	No resistance	0	
146Pp-CMPN001x69_260114_LH00793_B23GCKKLT3	kanamycin	aminoglycoside	No resistance	0	
146Pp-CMPN001x69_260114_LH00793_B23GCKKLT3	neomycin	aminoglycoside	No resistance	0	
146Pp-CMPN001x69_260114_LH00793_B23GCKKLT3	lividomycin	aminoglycoside	No resistance	0	
146Pp-CMPN001x69_260114_LH00793_B23GCKKLT3	paromomycin	aminoglycoside	No resistance	0	
146Pp-CMPN001x69_260114_LH00793_B23GCKKLT3	ribostamycin	aminoglycoside	No resistance	0	
146Pp-CMPN001x69_260114_LH00793_B23GCKKLT3	unknown aminoglycoside	aminoglycoside	No resistance	0	
146Pp-CMPN001x69_260114_LH00793_B23GCKKLT3	butiromycin	aminoglycoside	No resistance	0	
146Pp-CMPN001x69_260114_LH00793_B23GCKKLT3	butirosin	aminoglycoside	No resistance	0	
146Pp-CMPN001x69_260114_LH00793_B23GCKKLT3	hygromycin	aminoglycoside	No resistance	0	
146Pp-CMPN001x69_260114_LH00793_B23GCKKLT3	netilmicin	aminoglycoside	No resistance	0	
146Pp-CMPN001x69_260114_LH00793_B23GCKKLT3	apramycin	aminoglycoside	No resistance	0	
146Pp-CMPN001x69_260114_LH00793_B23GCKKLT3	sisomicin	aminoglycoside	No resistance	0	
146Pp-CMPN001x69_260114_LH00793_B23GCKKLT3	arbekacin	aminoglycoside	No resistance	0	
146Pp-CMPN001x69_260114_LH00793_B23GCKKLT3	kasugamycin	aminoglycoside	No resistance	0	
146Pp-CMPN001x69_260114_LH00793_B23GCKKLT3	astromicin	aminoglycoside	No resistance	0	
146Pp-CMPN001x69_260114_LH00793_B23GCKKLT3	fortimicin	aminoglycoside	No resistance	0	
146Pp-CMPN001x69_260114_LH00793_B23GCKKLT3	spectinomycin	aminocyclitol	No resistance	0	
146Pp-CMPN001x69_260114_LH00793_B23GCKKLT3	fluoroquinolone	quinolone	No resistance	0	
146Pp-CMPN001x69_260114_LH00793_B23GCKKLT3	ciprofloxacin	quinolone	No resistance	0	
146Pp-CMPN001x69_260114_LH00793_B23GCKKLT3	unknown quinolone	quinolone	No resistance	0	
146Pp-CMPN001x69_260114_LH00793_B23GCKKLT3	nalidixic acid	quinolone	No resistance	0	
146Pp-CMPN001x69_260114_LH00793_B23GCKKLT3	amoxicillin	beta-lactam	No resistance	0	
146Pp-CMPN001x69_260114_LH00793_B23GCKKLT3	amoxicillin+clavulanic acid	beta-lactam	No resistance	0	
146Pp-CMPN001x69_260114_LH00793_B23GCKKLT3	ampicillin	beta-lactam	No resistance	0	
146Pp-CMPN001x69_260114_LH00793_B23GCKKLT3	ampicillin+clavulanic acid	beta-lactam	No resistance	0	
146Pp-CMPN001x69_260114_LH00793_B23GCKKLT3	cefepime	beta-lactam	No resistance	0	
146Pp-CMPN001x69_260114_LH00793_B23GCKKLT3	cefixime	beta-lactam	No resistance	0	
146Pp-CMPN001x69_260114_LH00793_B23GCKKLT3	cefotaxime	beta-lactam	No resistance	0	
146Pp-CMPN001x69_260114_LH00793_B23GCKKLT3	cefoxitin	beta-lactam	No resistance	0	
146Pp-CMPN001x69_260114_LH00793_B23GCKKLT3	ceftazidime	beta-lactam	No resistance	0	
146Pp-CMPN001x69_260114_LH00793_B23GCKKLT3	ertapenem	beta-lactam	No resistance	0	
146Pp-CMPN001x69_260114_LH00793_B23GCKKLT3	imipenem	beta-lactam	No resistance	0	
146Pp-CMPN001x69_260114_LH00793_B23GCKKLT3	meropenem	beta-lactam	No resistance	0	
146Pp-CMPN001x69_260114_LH00793_B23GCKKLT3	piperacillin	beta-lactam	No resistance	0	
146Pp-CMPN001x69_260114_LH00793_B23GCKKLT3	piperacillin+tazobactam	beta-lactam	No resistance	0	
146Pp-CMPN001x69_260114_LH00793_B23GCKKLT3	unknown beta-lactam	beta-lactam	No resistance	0	
146Pp-CMPN001x69_260114_LH00793_B23GCKKLT3	aztreonam	beta-lactam	No resistance	0	
146Pp-CMPN001x69_260114_LH00793_B23GCKKLT3	cefotaxime+clavulanic acid	beta-lactam	No resistance	0	
146Pp-CMPN001x69_260114_LH00793_B23GCKKLT3	temocillin	beta-lactam	No resistance	0	
146Pp-CMPN001x69_260114_LH00793_B23GCKKLT3	ticarcillin	beta-lactam	No resistance	0	
146Pp-CMPN001x69_260114_LH00793_B23GCKKLT3	ceftazidime+avibactam	beta-lactam	No resistance	0	
146Pp-CMPN001x69_260114_LH00793_B23GCKKLT3	penicillin	beta-lactam	No resistance	0	
146Pp-CMPN001x69_260114_LH00793_B23GCKKLT3	ceftriaxone	beta-lactam	No resistance	0	
146Pp-CMPN001x69_260114_LH00793_B23GCKKLT3	ticarcillin+clavulanic acid	beta-lactam	No resistance	0	
146Pp-CMPN001x69_260114_LH00793_B23GCKKLT3	cephalothin	beta-lactam	No resistance	0	
146Pp-CMPN001x69_260114_LH00793_B23GCKKLT3	piperacillin+clavulanic acid	beta-lactam	No resistance	0	
146Pp-CMPN001x69_260114_LH00793_B23GCKKLT3	ceftiofur	under_development	No resistance	0	
146Pp-CMPN001x69_260114_LH00793_B23GCKKLT3	sulfamethoxazole	folate pathway antagonist	No resistance	0	
146Pp-CMPN001x69_260114_LH00793_B23GCKKLT3	trimethoprim	folate pathway antagonist	No resistance	0	
146Pp-CMPN001x69_260114_LH00793_B23GCKKLT3	fosfomycin	fosfomycin	No resistance	0	
146Pp-CMPN001x69_260114_LH00793_B23GCKKLT3	vancomycin	glycopeptide	No resistance	0	
146Pp-CMPN001x69_260114_LH00793_B23GCKKLT3	teicoplanin	glycopeptide	No resistance	0	
146Pp-CMPN001x69_260114_LH00793_B23GCKKLT3	bleomycin	glycopeptide	No resistance	0	
146Pp-CMPN001x69_260114_LH00793_B23GCKKLT3	lincomycin	lincosamide	No resistance	0	
146Pp-CMPN001x69_260114_LH00793_B23GCKKLT3	clindamycin	lincosamide	No resistance	0	
146Pp-CMPN001x69_260114_LH00793_B23GCKKLT3	dalfopristin	streptogramin a	No resistance	0	
146Pp-CMPN001x69_260114_LH00793_B23GCKKLT3	pristinamycin iia	streptogramin a	No resistance	0	
146Pp-CMPN001x69_260114_LH00793_B23GCKKLT3	virginiamycin m	streptogramin a	No resistance	0	
146Pp-CMPN001x69_260114_LH00793_B23GCKKLT3	quinupristin+dalfopristin	streptogramin a	No resistance	0	
146Pp-CMPN001x69_260114_LH00793_B23GCKKLT3	tiamulin	pleuromutilin	No resistance	0	
146Pp-CMPN001x69_260114_LH00793_B23GCKKLT3	carbomycin	macrolide	No resistance	0	
146Pp-CMPN001x69_260114_LH00793_B23GCKKLT3	erythromycin	macrolide	Resistant	3	msr(D) (msr(D)_AF274302), mef(A) (mef(A)_U83667)
146Pp-CMPN001x69_260114_LH00793_B23GCKKLT3	azithromycin	macrolide	Resistant	3	msr(D) (msr(D)_AF274302), mef(A) (mef(A)_U83667)
146Pp-CMPN001x69_260114_LH00793_B23GCKKLT3	oleandomycin	macrolide	No resistance	0	
146Pp-CMPN001x69_260114_LH00793_B23GCKKLT3	spiramycin	macrolide	No resistance	0	
146Pp-CMPN001x69_260114_LH00793_B23GCKKLT3	tylosin	macrolide	No resistance	0	
146Pp-CMPN001x69_260114_LH00793_B23GCKKLT3	telithromycin	macrolide	Resistant	3	msr(D) (msr(D)_AF274302)
146Pp-CMPN001x69_260114_LH00793_B23GCKKLT3	tetracycline	tetracycline	Resistant	2	tetA(46) (tetA(46)_HQ652506), tetB(46) (tetB(46)_HQ652506), tet(M) (tet(M)_X75073)
146Pp-CMPN001x69_260114_LH00793_B23GCKKLT3	doxycycline	tetracycline	Resistant	2	tetA(46) (tetA(46)_HQ652506), tetB(46) (tetB(46)_HQ652506), tet(M) (tet(M)_X75073)
146Pp-CMPN001x69_260114_LH00793_B23GCKKLT3	minocycline	tetracycline	Resistant	2	tet(M) (tet(M)_X75073)
146Pp-CMPN001x69_260114_LH00793_B23GCKKLT3	tigecycline	tetracycline	Resistant	2	tetA(46) (tetA(46)_HQ652506), tetB(46) (tetB(46)_HQ652506)
146Pp-CMPN001x69_260114_LH00793_B23GCKKLT3	quinupristin	streptogramin b	Resistant	3	msr(D) (msr(D)_AF274302)
146Pp-CMPN001x69_260114_LH00793_B23GCKKLT3	pristinamycin ia	streptogramin b	Resistant	3	msr(D) (msr(D)_AF274302)
146Pp-CMPN001x69_260114_LH00793_B23GCKKLT3	virginiamycin s	streptogramin b	Resistant	3	msr(D) (msr(D)_AF274302)
146Pp-CMPN001x69_260114_LH00793_B23GCKKLT3	linezolid	oxazolidinone	No resistance	0	
146Pp-CMPN001x69_260114_LH00793_B23GCKKLT3	chloramphenicol	amphenicol	No resistance	0	
146Pp-CMPN001x69_260114_LH00793_B23GCKKLT3	florfenicol	amphenicol	No resistance	0	
146Pp-CMPN001x69_260114_LH00793_B23GCKKLT3	colistin	polymyxin	No resistance	0	
146Pp-CMPN001x69_260114_LH00793_B23GCKKLT3	fusidic acid	steroid antibacterial	No resistance	0	
146Pp-CMPN001x69_260114_LH00793_B23GCKKLT3	mupirocin	pseudomonic acid	No resistance	0	
146Pp-CMPN001x69_260114_LH00793_B23GCKKLT3	rifampicin	rifamycin	No resistance	0	
146Pp-CMPN001x69_260114_LH00793_B23GCKKLT3	metronidazole	nitroimidazole	No resistance	0	
146Pp-CMPN001x69_260114_LH00793_B23GCKKLT3	narasin	ionophores	No resistance	0	
146Pp-CMPN001x69_260114_LH00793_B23GCKKLT3	salinomycin	ionophores	No resistance	0	
146Pp-CMPN001x69_260114_LH00793_B23GCKKLT3	maduramicin	ionophores	No resistance	0	
148Cm-CMPN001x70_260114_LH00793_B23GCKKLT3	gentamicin	aminoglycoside	No resistance	0	
148Cm-CMPN001x70_260114_LH00793_B23GCKKLT3	tobramycin	aminoglycoside	No resistance	0	
148Cm-CMPN001x70_260114_LH00793_B23GCKKLT3	streptomycin	aminoglycoside	No resistance	0	
148Cm-CMPN001x70_260114_LH00793_B23GCKKLT3	amikacin	aminoglycoside	No resistance	0	
148Cm-CMPN001x70_260114_LH00793_B23GCKKLT3	isepamicin	aminoglycoside	No resistance	0	
148Cm-CMPN001x70_260114_LH00793_B23GCKKLT3	dibekacin	aminoglycoside	No resistance	0	
148Cm-CMPN001x70_260114_LH00793_B23GCKKLT3	kanamycin	aminoglycoside	No resistance	0	
148Cm-CMPN001x70_260114_LH00793_B23GCKKLT3	neomycin	aminoglycoside	No resistance	0	
148Cm-CMPN001x70_260114_LH00793_B23GCKKLT3	lividomycin	aminoglycoside	No resistance	0	
148Cm-CMPN001x70_260114_LH00793_B23GCKKLT3	paromomycin	aminoglycoside	No resistance	0	
148Cm-CMPN001x70_260114_LH00793_B23GCKKLT3	ribostamycin	aminoglycoside	No resistance	0	
148Cm-CMPN001x70_260114_LH00793_B23GCKKLT3	unknown aminoglycoside	aminoglycoside	No resistance	0	
148Cm-CMPN001x70_260114_LH00793_B23GCKKLT3	butiromycin	aminoglycoside	No resistance	0	
148Cm-CMPN001x70_260114_LH00793_B23GCKKLT3	butirosin	aminoglycoside	No resistance	0	
148Cm-CMPN001x70_260114_LH00793_B23GCKKLT3	hygromycin	aminoglycoside	No resistance	0	
148Cm-CMPN001x70_260114_LH00793_B23GCKKLT3	netilmicin	aminoglycoside	No resistance	0	
148Cm-CMPN001x70_260114_LH00793_B23GCKKLT3	apramycin	aminoglycoside	No resistance	0	
148Cm-CMPN001x70_260114_LH00793_B23GCKKLT3	sisomicin	aminoglycoside	No resistance	0	
148Cm-CMPN001x70_260114_LH00793_B23GCKKLT3	arbekacin	aminoglycoside	No resistance	0	
148Cm-CMPN001x70_260114_LH00793_B23GCKKLT3	kasugamycin	aminoglycoside	No resistance	0	
148Cm-CMPN001x70_260114_LH00793_B23GCKKLT3	astromicin	aminoglycoside	No resistance	0	
148Cm-CMPN001x70_260114_LH00793_B23GCKKLT3	fortimicin	aminoglycoside	No resistance	0	
148Cm-CMPN001x70_260114_LH00793_B23GCKKLT3	spectinomycin	aminocyclitol	No resistance	0	
148Cm-CMPN001x70_260114_LH00793_B23GCKKLT3	fluoroquinolone	quinolone	No resistance	0	
148Cm-CMPN001x70_260114_LH00793_B23GCKKLT3	ciprofloxacin	quinolone	No resistance	0	
148Cm-CMPN001x70_260114_LH00793_B23GCKKLT3	unknown quinolone	quinolone	No resistance	0	
148Cm-CMPN001x70_260114_LH00793_B23GCKKLT3	nalidixic acid	quinolone	No resistance	0	
148Cm-CMPN001x70_260114_LH00793_B23GCKKLT3	amoxicillin	beta-lactam	No resistance	0	
148Cm-CMPN001x70_260114_LH00793_B23GCKKLT3	amoxicillin+clavulanic acid	beta-lactam	No resistance	0	
148Cm-CMPN001x70_260114_LH00793_B23GCKKLT3	ampicillin	beta-lactam	No resistance	0	
148Cm-CMPN001x70_260114_LH00793_B23GCKKLT3	ampicillin+clavulanic acid	beta-lactam	No resistance	0	
148Cm-CMPN001x70_260114_LH00793_B23GCKKLT3	cefepime	beta-lactam	No resistance	0	
148Cm-CMPN001x70_260114_LH00793_B23GCKKLT3	cefixime	beta-lactam	No resistance	0	
148Cm-CMPN001x70_260114_LH00793_B23GCKKLT3	cefotaxime	beta-lactam	No resistance	0	
148Cm-CMPN001x70_260114_LH00793_B23GCKKLT3	cefoxitin	beta-lactam	No resistance	0	
148Cm-CMPN001x70_260114_LH00793_B23GCKKLT3	ceftazidime	beta-lactam	No resistance	0	
148Cm-CMPN001x70_260114_LH00793_B23GCKKLT3	ertapenem	beta-lactam	No resistance	0	
148Cm-CMPN001x70_260114_LH00793_B23GCKKLT3	imipenem	beta-lactam	No resistance	0	
148Cm-CMPN001x70_260114_LH00793_B23GCKKLT3	meropenem	beta-lactam	No resistance	0	
148Cm-CMPN001x70_260114_LH00793_B23GCKKLT3	piperacillin	beta-lactam	No resistance	0	
148Cm-CMPN001x70_260114_LH00793_B23GCKKLT3	piperacillin+tazobactam	beta-lactam	No resistance	0	
148Cm-CMPN001x70_260114_LH00793_B23GCKKLT3	unknown beta-lactam	beta-lactam	No resistance	0	
148Cm-CMPN001x70_260114_LH00793_B23GCKKLT3	aztreonam	beta-lactam	No resistance	0	
148Cm-CMPN001x70_260114_LH00793_B23GCKKLT3	cefotaxime+clavulanic acid	beta-lactam	No resistance	0	
148Cm-CMPN001x70_260114_LH00793_B23GCKKLT3	temocillin	beta-lactam	No resistance	0	
148Cm-CMPN001x70_260114_LH00793_B23GCKKLT3	ticarcillin	beta-lactam	No resistance	0	
148Cm-CMPN001x70_260114_LH00793_B23GCKKLT3	ceftazidime+avibactam	beta-lactam	No resistance	0	
148Cm-CMPN001x70_260114_LH00793_B23GCKKLT3	penicillin	beta-lactam	No resistance	0	
148Cm-CMPN001x70_260114_LH00793_B23GCKKLT3	ceftriaxone	beta-lactam	No resistance	0	
148Cm-CMPN001x70_260114_LH00793_B23GCKKLT3	ticarcillin+clavulanic acid	beta-lactam	No resistance	0	
148Cm-CMPN001x70_260114_LH00793_B23GCKKLT3	cephalothin	beta-lactam	No resistance	0	
148Cm-CMPN001x70_260114_LH00793_B23GCKKLT3	piperacillin+clavulanic acid	beta-lactam	No resistance	0	
148Cm-CMPN001x70_260114_LH00793_B23GCKKLT3	ceftiofur	under_development	No resistance	0	
148Cm-CMPN001x70_260114_LH00793_B23GCKKLT3	sulfamethoxazole	folate pathway antagonist	No resistance	0	
148Cm-CMPN001x70_260114_LH00793_B23GCKKLT3	trimethoprim	folate pathway antagonist	No resistance	0	
148Cm-CMPN001x70_260114_LH00793_B23GCKKLT3	fosfomycin	fosfomycin	No resistance	0	
148Cm-CMPN001x70_260114_LH00793_B23GCKKLT3	vancomycin	glycopeptide	No resistance	0	
148Cm-CMPN001x70_260114_LH00793_B23GCKKLT3	teicoplanin	glycopeptide	No resistance	0	
148Cm-CMPN001x70_260114_LH00793_B23GCKKLT3	bleomycin	glycopeptide	No resistance	0	
148Cm-CMPN001x70_260114_LH00793_B23GCKKLT3	lincomycin	lincosamide	Resistant	3	erm(B) (erm(B)_X72021)
148Cm-CMPN001x70_260114_LH00793_B23GCKKLT3	clindamycin	lincosamide	Resistant	3	erm(B) (erm(B)_X72021)
148Cm-CMPN001x70_260114_LH00793_B23GCKKLT3	dalfopristin	streptogramin a	No resistance	0	
148Cm-CMPN001x70_260114_LH00793_B23GCKKLT3	pristinamycin iia	streptogramin a	No resistance	0	
148Cm-CMPN001x70_260114_LH00793_B23GCKKLT3	virginiamycin m	streptogramin a	No resistance	0	
148Cm-CMPN001x70_260114_LH00793_B23GCKKLT3	quinupristin+dalfopristin	streptogramin a	No resistance	0	
148Cm-CMPN001x70_260114_LH00793_B23GCKKLT3	tiamulin	pleuromutilin	No resistance	0	
148Cm-CMPN001x70_260114_LH00793_B23GCKKLT3	carbomycin	macrolide	No resistance	0	
148Cm-CMPN001x70_260114_LH00793_B23GCKKLT3	erythromycin	macrolide	Resistant	3	erm(B) (erm(B)_X72021)
148Cm-CMPN001x70_260114_LH00793_B23GCKKLT3	azithromycin	macrolide	No resistance	0	
148Cm-CMPN001x70_260114_LH00793_B23GCKKLT3	oleandomycin	macrolide	No resistance	0	
148Cm-CMPN001x70_260114_LH00793_B23GCKKLT3	spiramycin	macrolide	No resistance	0	
148Cm-CMPN001x70_260114_LH00793_B23GCKKLT3	tylosin	macrolide	No resistance	0	
148Cm-CMPN001x70_260114_LH00793_B23GCKKLT3	telithromycin	macrolide	No resistance	0	
148Cm-CMPN001x70_260114_LH00793_B23GCKKLT3	tetracycline	tetracycline	Resistant	2	tet(M) (tet(M)_AM990992)
148Cm-CMPN001x70_260114_LH00793_B23GCKKLT3	doxycycline	tetracycline	Resistant	2	tet(M) (tet(M)_AM990992)
148Cm-CMPN001x70_260114_LH00793_B23GCKKLT3	minocycline	tetracycline	Resistant	2	tet(M) (tet(M)_AM990992)
148Cm-CMPN001x70_260114_LH00793_B23GCKKLT3	tigecycline	tetracycline	No resistance	0	
148Cm-CMPN001x70_260114_LH00793_B23GCKKLT3	quinupristin	streptogramin b	Resistant	3	erm(B) (erm(B)_X72021)
148Cm-CMPN001x70_260114_LH00793_B23GCKKLT3	pristinamycin ia	streptogramin b	Resistant	3	erm(B) (erm(B)_X72021)
148Cm-CMPN001x70_260114_LH00793_B23GCKKLT3	virginiamycin s	streptogramin b	Resistant	3	erm(B) (erm(B)_X72021)
148Cm-CMPN001x70_260114_LH00793_B23GCKKLT3	linezolid	oxazolidinone	No resistance	0	
148Cm-CMPN001x70_260114_LH00793_B23GCKKLT3	chloramphenicol	amphenicol	No resistance	0	
148Cm-CMPN001x70_260114_LH00793_B23GCKKLT3	florfenicol	amphenicol	No resistance	0	
148Cm-CMPN001x70_260114_LH00793_B23GCKKLT3	colistin	polymyxin	No resistance	0	
148Cm-CMPN001x70_260114_LH00793_B23GCKKLT3	fusidic acid	steroid antibacterial	No resistance	0	
148Cm-CMPN001x70_260114_LH00793_B23GCKKLT3	mupirocin	pseudomonic acid	No resistance	0	
148Cm-CMPN001x70_260114_LH00793_B23GCKKLT3	rifampicin	rifamycin	No resistance	0	
148Cm-CMPN001x70_260114_LH00793_B23GCKKLT3	metronidazole	nitroimidazole	No resistance	0	
148Cm-CMPN001x70_260114_LH00793_B23GCKKLT3	narasin	ionophores	No resistance	0	
148Cm-CMPN001x70_260114_LH00793_B23GCKKLT3	salinomycin	ionophores	No resistance	0	
148Cm-CMPN001x70_260114_LH00793_B23GCKKLT3	maduramicin	ionophores	No resistance	0	
149Ap-CMPN001x71_260114_LH00793_B23GCKKLT3	gentamicin	aminoglycoside	No resistance	0	
149Ap-CMPN001x71_260114_LH00793_B23GCKKLT3	tobramycin	aminoglycoside	No resistance	0	
149Ap-CMPN001x71_260114_LH00793_B23GCKKLT3	streptomycin	aminoglycoside	No resistance	0	
149Ap-CMPN001x71_260114_LH00793_B23GCKKLT3	amikacin	aminoglycoside	No resistance	0	
149Ap-CMPN001x71_260114_LH00793_B23GCKKLT3	isepamicin	aminoglycoside	No resistance	0	
149Ap-CMPN001x71_260114_LH00793_B23GCKKLT3	dibekacin	aminoglycoside	No resistance	0	
149Ap-CMPN001x71_260114_LH00793_B23GCKKLT3	kanamycin	aminoglycoside	No resistance	0	
149Ap-CMPN001x71_260114_LH00793_B23GCKKLT3	neomycin	aminoglycoside	No resistance	0	
149Ap-CMPN001x71_260114_LH00793_B23GCKKLT3	lividomycin	aminoglycoside	No resistance	0	
149Ap-CMPN001x71_260114_LH00793_B23GCKKLT3	paromomycin	aminoglycoside	No resistance	0	
149Ap-CMPN001x71_260114_LH00793_B23GCKKLT3	ribostamycin	aminoglycoside	No resistance	0	
149Ap-CMPN001x71_260114_LH00793_B23GCKKLT3	unknown aminoglycoside	aminoglycoside	No resistance	0	
149Ap-CMPN001x71_260114_LH00793_B23GCKKLT3	butiromycin	aminoglycoside	No resistance	0	
149Ap-CMPN001x71_260114_LH00793_B23GCKKLT3	butirosin	aminoglycoside	No resistance	0	
149Ap-CMPN001x71_260114_LH00793_B23GCKKLT3	hygromycin	aminoglycoside	No resistance	0	
149Ap-CMPN001x71_260114_LH00793_B23GCKKLT3	netilmicin	aminoglycoside	No resistance	0	
149Ap-CMPN001x71_260114_LH00793_B23GCKKLT3	apramycin	aminoglycoside	No resistance	0	
149Ap-CMPN001x71_260114_LH00793_B23GCKKLT3	sisomicin	aminoglycoside	No resistance	0	
149Ap-CMPN001x71_260114_LH00793_B23GCKKLT3	arbekacin	aminoglycoside	No resistance	0	
149Ap-CMPN001x71_260114_LH00793_B23GCKKLT3	kasugamycin	aminoglycoside	No resistance	0	
149Ap-CMPN001x71_260114_LH00793_B23GCKKLT3	astromicin	aminoglycoside	No resistance	0	
149Ap-CMPN001x71_260114_LH00793_B23GCKKLT3	fortimicin	aminoglycoside	No resistance	0	
149Ap-CMPN001x71_260114_LH00793_B23GCKKLT3	spectinomycin	aminocyclitol	No resistance	0	
149Ap-CMPN001x71_260114_LH00793_B23GCKKLT3	fluoroquinolone	quinolone	No resistance	0	
149Ap-CMPN001x71_260114_LH00793_B23GCKKLT3	ciprofloxacin	quinolone	No resistance	0	
149Ap-CMPN001x71_260114_LH00793_B23GCKKLT3	unknown quinolone	quinolone	No resistance	0	
149Ap-CMPN001x71_260114_LH00793_B23GCKKLT3	nalidixic acid	quinolone	No resistance	0	
149Ap-CMPN001x71_260114_LH00793_B23GCKKLT3	amoxicillin	beta-lactam	No resistance	0	
149Ap-CMPN001x71_260114_LH00793_B23GCKKLT3	amoxicillin+clavulanic acid	beta-lactam	No resistance	0	
149Ap-CMPN001x71_260114_LH00793_B23GCKKLT3	ampicillin	beta-lactam	No resistance	0	
149Ap-CMPN001x71_260114_LH00793_B23GCKKLT3	ampicillin+clavulanic acid	beta-lactam	No resistance	0	
149Ap-CMPN001x71_260114_LH00793_B23GCKKLT3	cefepime	beta-lactam	No resistance	0	
149Ap-CMPN001x71_260114_LH00793_B23GCKKLT3	cefixime	beta-lactam	No resistance	0	
149Ap-CMPN001x71_260114_LH00793_B23GCKKLT3	cefotaxime	beta-lactam	No resistance	0	
149Ap-CMPN001x71_260114_LH00793_B23GCKKLT3	cefoxitin	beta-lactam	No resistance	0	
149Ap-CMPN001x71_260114_LH00793_B23GCKKLT3	ceftazidime	beta-lactam	No resistance	0	
149Ap-CMPN001x71_260114_LH00793_B23GCKKLT3	ertapenem	beta-lactam	No resistance	0	
149Ap-CMPN001x71_260114_LH00793_B23GCKKLT3	imipenem	beta-lactam	No resistance	0	
149Ap-CMPN001x71_260114_LH00793_B23GCKKLT3	meropenem	beta-lactam	No resistance	0	
149Ap-CMPN001x71_260114_LH00793_B23GCKKLT3	piperacillin	beta-lactam	No resistance	0	
149Ap-CMPN001x71_260114_LH00793_B23GCKKLT3	piperacillin+tazobactam	beta-lactam	No resistance	0	
149Ap-CMPN001x71_260114_LH00793_B23GCKKLT3	unknown beta-lactam	beta-lactam	No resistance	0	
149Ap-CMPN001x71_260114_LH00793_B23GCKKLT3	aztreonam	beta-lactam	No resistance	0	
149Ap-CMPN001x71_260114_LH00793_B23GCKKLT3	cefotaxime+clavulanic acid	beta-lactam	No resistance	0	
149Ap-CMPN001x71_260114_LH00793_B23GCKKLT3	temocillin	beta-lactam	No resistance	0	
149Ap-CMPN001x71_260114_LH00793_B23GCKKLT3	ticarcillin	beta-lactam	No resistance	0	
149Ap-CMPN001x71_260114_LH00793_B23GCKKLT3	ceftazidime+avibactam	beta-lactam	No resistance	0	
149Ap-CMPN001x71_260114_LH00793_B23GCKKLT3	penicillin	beta-lactam	No resistance	0	
149Ap-CMPN001x71_260114_LH00793_B23GCKKLT3	ceftriaxone	beta-lactam	No resistance	0	
149Ap-CMPN001x71_260114_LH00793_B23GCKKLT3	ticarcillin+clavulanic acid	beta-lactam	No resistance	0	
149Ap-CMPN001x71_260114_LH00793_B23GCKKLT3	cephalothin	beta-lactam	No resistance	0	
149Ap-CMPN001x71_260114_LH00793_B23GCKKLT3	piperacillin+clavulanic acid	beta-lactam	No resistance	0	
149Ap-CMPN001x71_260114_LH00793_B23GCKKLT3	ceftiofur	under_development	No resistance	0	
149Ap-CMPN001x71_260114_LH00793_B23GCKKLT3	sulfamethoxazole	folate pathway antagonist	No resistance	0	
149Ap-CMPN001x71_260114_LH00793_B23GCKKLT3	trimethoprim	folate pathway antagonist	No resistance	0	
149Ap-CMPN001x71_260114_LH00793_B23GCKKLT3	fosfomycin	fosfomycin	No resistance	0	
149Ap-CMPN001x71_260114_LH00793_B23GCKKLT3	vancomycin	glycopeptide	No resistance	0	
149Ap-CMPN001x71_260114_LH00793_B23GCKKLT3	teicoplanin	glycopeptide	No resistance	0	
149Ap-CMPN001x71_260114_LH00793_B23GCKKLT3	bleomycin	glycopeptide	No resistance	0	
149Ap-CMPN001x71_260114_LH00793_B23GCKKLT3	lincomycin	lincosamide	No resistance	0	
149Ap-CMPN001x71_260114_LH00793_B23GCKKLT3	clindamycin	lincosamide	No resistance	0	
149Ap-CMPN001x71_260114_LH00793_B23GCKKLT3	dalfopristin	streptogramin a	No resistance	0	
149Ap-CMPN001x71_260114_LH00793_B23GCKKLT3	pristinamycin iia	streptogramin a	No resistance	0	
149Ap-CMPN001x71_260114_LH00793_B23GCKKLT3	virginiamycin m	streptogramin a	No resistance	0	
149Ap-CMPN001x71_260114_LH00793_B23GCKKLT3	quinupristin+dalfopristin	streptogramin a	No resistance	0	
149Ap-CMPN001x71_260114_LH00793_B23GCKKLT3	tiamulin	pleuromutilin	No resistance	0	
149Ap-CMPN001x71_260114_LH00793_B23GCKKLT3	carbomycin	macrolide	No resistance	0	
149Ap-CMPN001x71_260114_LH00793_B23GCKKLT3	erythromycin	macrolide	Resistant	3	msr(D) (msr(D)_AF274302), mef(A) (mef(A)_U83667)
149Ap-CMPN001x71_260114_LH00793_B23GCKKLT3	azithromycin	macrolide	Resistant	3	msr(D) (msr(D)_AF274302), mef(A) (mef(A)_U83667)
149Ap-CMPN001x71_260114_LH00793_B23GCKKLT3	oleandomycin	macrolide	No resistance	0	
149Ap-CMPN001x71_260114_LH00793_B23GCKKLT3	spiramycin	macrolide	No resistance	0	
149Ap-CMPN001x71_260114_LH00793_B23GCKKLT3	tylosin	macrolide	No resistance	0	
149Ap-CMPN001x71_260114_LH00793_B23GCKKLT3	telithromycin	macrolide	Resistant	3	msr(D) (msr(D)_AF274302)
149Ap-CMPN001x71_260114_LH00793_B23GCKKLT3	tetracycline	tetracycline	Resistant	2	tetA(46) (tetA(46)_HQ652506), tetB(46) (tetB(46)_HQ652506)
149Ap-CMPN001x71_260114_LH00793_B23GCKKLT3	doxycycline	tetracycline	Resistant	2	tetA(46) (tetA(46)_HQ652506), tetB(46) (tetB(46)_HQ652506)
149Ap-CMPN001x71_260114_LH00793_B23GCKKLT3	minocycline	tetracycline	No resistance	0	
149Ap-CMPN001x71_260114_LH00793_B23GCKKLT3	tigecycline	tetracycline	Resistant	2	tetA(46) (tetA(46)_HQ652506), tetB(46) (tetB(46)_HQ652506)
149Ap-CMPN001x71_260114_LH00793_B23GCKKLT3	quinupristin	streptogramin b	Resistant	3	msr(D) (msr(D)_AF274302)
149Ap-CMPN001x71_260114_LH00793_B23GCKKLT3	pristinamycin ia	streptogramin b	Resistant	3	msr(D) (msr(D)_AF274302)
149Ap-CMPN001x71_260114_LH00793_B23GCKKLT3	virginiamycin s	streptogramin b	Resistant	3	msr(D) (msr(D)_AF274302)
149Ap-CMPN001x71_260114_LH00793_B23GCKKLT3	linezolid	oxazolidinone	No resistance	0	
149Ap-CMPN001x71_260114_LH00793_B23GCKKLT3	chloramphenicol	amphenicol	No resistance	0	
149Ap-CMPN001x71_260114_LH00793_B23GCKKLT3	florfenicol	amphenicol	No resistance	0	
149Ap-CMPN001x71_260114_LH00793_B23GCKKLT3	colistin	polymyxin	No resistance	0	
149Ap-CMPN001x71_260114_LH00793_B23GCKKLT3	fusidic acid	steroid antibacterial	No resistance	0	
149Ap-CMPN001x71_260114_LH00793_B23GCKKLT3	mupirocin	pseudomonic acid	No resistance	0	
149Ap-CMPN001x71_260114_LH00793_B23GCKKLT3	rifampicin	rifamycin	No resistance	0	
149Ap-CMPN001x71_260114_LH00793_B23GCKKLT3	metronidazole	nitroimidazole	No resistance	0	
149Ap-CMPN001x71_260114_LH00793_B23GCKKLT3	narasin	ionophores	No resistance	0	
149Ap-CMPN001x71_260114_LH00793_B23GCKKLT3	salinomycin	ionophores	No resistance	0	
149Ap-CMPN001x71_260114_LH00793_B23GCKKLT3	maduramicin	ionophores	No resistance	0	
149As-CMPN001x72_260114_LH00793_B23GCKKLT3	gentamicin	aminoglycoside	No resistance	0	
149As-CMPN001x72_260114_LH00793_B23GCKKLT3	tobramycin	aminoglycoside	No resistance	0	
149As-CMPN001x72_260114_LH00793_B23GCKKLT3	streptomycin	aminoglycoside	No resistance	0	
149As-CMPN001x72_260114_LH00793_B23GCKKLT3	amikacin	aminoglycoside	No resistance	0	
149As-CMPN001x72_260114_LH00793_B23GCKKLT3	isepamicin	aminoglycoside	No resistance	0	
149As-CMPN001x72_260114_LH00793_B23GCKKLT3	dibekacin	aminoglycoside	No resistance	0	
149As-CMPN001x72_260114_LH00793_B23GCKKLT3	kanamycin	aminoglycoside	No resistance	0	
149As-CMPN001x72_260114_LH00793_B23GCKKLT3	neomycin	aminoglycoside	No resistance	0	
149As-CMPN001x72_260114_LH00793_B23GCKKLT3	lividomycin	aminoglycoside	No resistance	0	
149As-CMPN001x72_260114_LH00793_B23GCKKLT3	paromomycin	aminoglycoside	No resistance	0	
149As-CMPN001x72_260114_LH00793_B23GCKKLT3	ribostamycin	aminoglycoside	No resistance	0	
149As-CMPN001x72_260114_LH00793_B23GCKKLT3	unknown aminoglycoside	aminoglycoside	No resistance	0	
149As-CMPN001x72_260114_LH00793_B23GCKKLT3	butiromycin	aminoglycoside	No resistance	0	
149As-CMPN001x72_260114_LH00793_B23GCKKLT3	butirosin	aminoglycoside	No resistance	0	
149As-CMPN001x72_260114_LH00793_B23GCKKLT3	hygromycin	aminoglycoside	No resistance	0	
149As-CMPN001x72_260114_LH00793_B23GCKKLT3	netilmicin	aminoglycoside	No resistance	0	
149As-CMPN001x72_260114_LH00793_B23GCKKLT3	apramycin	aminoglycoside	No resistance	0	
149As-CMPN001x72_260114_LH00793_B23GCKKLT3	sisomicin	aminoglycoside	No resistance	0	
149As-CMPN001x72_260114_LH00793_B23GCKKLT3	arbekacin	aminoglycoside	No resistance	0	
149As-CMPN001x72_260114_LH00793_B23GCKKLT3	kasugamycin	aminoglycoside	No resistance	0	
149As-CMPN001x72_260114_LH00793_B23GCKKLT3	astromicin	aminoglycoside	No resistance	0	
149As-CMPN001x72_260114_LH00793_B23GCKKLT3	fortimicin	aminoglycoside	No resistance	0	
149As-CMPN001x72_260114_LH00793_B23GCKKLT3	spectinomycin	aminocyclitol	No resistance	0	
149As-CMPN001x72_260114_LH00793_B23GCKKLT3	fluoroquinolone	quinolone	No resistance	0	
149As-CMPN001x72_260114_LH00793_B23GCKKLT3	ciprofloxacin	quinolone	No resistance	0	
149As-CMPN001x72_260114_LH00793_B23GCKKLT3	unknown quinolone	quinolone	No resistance	0	
149As-CMPN001x72_260114_LH00793_B23GCKKLT3	nalidixic acid	quinolone	No resistance	0	
149As-CMPN001x72_260114_LH00793_B23GCKKLT3	amoxicillin	beta-lactam	No resistance	0	
149As-CMPN001x72_260114_LH00793_B23GCKKLT3	amoxicillin+clavulanic acid	beta-lactam	No resistance	0	
149As-CMPN001x72_260114_LH00793_B23GCKKLT3	ampicillin	beta-lactam	No resistance	0	
149As-CMPN001x72_260114_LH00793_B23GCKKLT3	ampicillin+clavulanic acid	beta-lactam	No resistance	0	
149As-CMPN001x72_260114_LH00793_B23GCKKLT3	cefepime	beta-lactam	No resistance	0	
149As-CMPN001x72_260114_LH00793_B23GCKKLT3	cefixime	beta-lactam	No resistance	0	
149As-CMPN001x72_260114_LH00793_B23GCKKLT3	cefotaxime	beta-lactam	No resistance	0	
149As-CMPN001x72_260114_LH00793_B23GCKKLT3	cefoxitin	beta-lactam	No resistance	0	
149As-CMPN001x72_260114_LH00793_B23GCKKLT3	ceftazidime	beta-lactam	No resistance	0	
149As-CMPN001x72_260114_LH00793_B23GCKKLT3	ertapenem	beta-lactam	No resistance	0	
149As-CMPN001x72_260114_LH00793_B23GCKKLT3	imipenem	beta-lactam	No resistance	0	
149As-CMPN001x72_260114_LH00793_B23GCKKLT3	meropenem	beta-lactam	No resistance	0	
149As-CMPN001x72_260114_LH00793_B23GCKKLT3	piperacillin	beta-lactam	No resistance	0	
149As-CMPN001x72_260114_LH00793_B23GCKKLT3	piperacillin+tazobactam	beta-lactam	No resistance	0	
149As-CMPN001x72_260114_LH00793_B23GCKKLT3	unknown beta-lactam	beta-lactam	No resistance	0	
149As-CMPN001x72_260114_LH00793_B23GCKKLT3	aztreonam	beta-lactam	No resistance	0	
149As-CMPN001x72_260114_LH00793_B23GCKKLT3	cefotaxime+clavulanic acid	beta-lactam	No resistance	0	
149As-CMPN001x72_260114_LH00793_B23GCKKLT3	temocillin	beta-lactam	No resistance	0	
149As-CMPN001x72_260114_LH00793_B23GCKKLT3	ticarcillin	beta-lactam	No resistance	0	
149As-CMPN001x72_260114_LH00793_B23GCKKLT3	ceftazidime+avibactam	beta-lactam	No resistance	0	
149As-CMPN001x72_260114_LH00793_B23GCKKLT3	penicillin	beta-lactam	No resistance	0	
149As-CMPN001x72_260114_LH00793_B23GCKKLT3	ceftriaxone	beta-lactam	No resistance	0	
149As-CMPN001x72_260114_LH00793_B23GCKKLT3	ticarcillin+clavulanic acid	beta-lactam	No resistance	0	
149As-CMPN001x72_260114_LH00793_B23GCKKLT3	cephalothin	beta-lactam	No resistance	0	
149As-CMPN001x72_260114_LH00793_B23GCKKLT3	piperacillin+clavulanic acid	beta-lactam	No resistance	0	
149As-CMPN001x72_260114_LH00793_B23GCKKLT3	ceftiofur	under_development	No resistance	0	
149As-CMPN001x72_260114_LH00793_B23GCKKLT3	sulfamethoxazole	folate pathway antagonist	No resistance	0	
149As-CMPN001x72_260114_LH00793_B23GCKKLT3	trimethoprim	folate pathway antagonist	No resistance	0	
149As-CMPN001x72_260114_LH00793_B23GCKKLT3	fosfomycin	fosfomycin	No resistance	0	
149As-CMPN001x72_260114_LH00793_B23GCKKLT3	vancomycin	glycopeptide	No resistance	0	
149As-CMPN001x72_260114_LH00793_B23GCKKLT3	teicoplanin	glycopeptide	No resistance	0	
149As-CMPN001x72_260114_LH00793_B23GCKKLT3	bleomycin	glycopeptide	No resistance	0	
149As-CMPN001x72_260114_LH00793_B23GCKKLT3	lincomycin	lincosamide	No resistance	0	
149As-CMPN001x72_260114_LH00793_B23GCKKLT3	clindamycin	lincosamide	No resistance	0	
149As-CMPN001x72_260114_LH00793_B23GCKKLT3	dalfopristin	streptogramin a	No resistance	0	
149As-CMPN001x72_260114_LH00793_B23GCKKLT3	pristinamycin iia	streptogramin a	No resistance	0	
149As-CMPN001x72_260114_LH00793_B23GCKKLT3	virginiamycin m	streptogramin a	No resistance	0	
149As-CMPN001x72_260114_LH00793_B23GCKKLT3	quinupristin+dalfopristin	streptogramin a	No resistance	0	
149As-CMPN001x72_260114_LH00793_B23GCKKLT3	tiamulin	pleuromutilin	No resistance	0	
149As-CMPN001x72_260114_LH00793_B23GCKKLT3	carbomycin	macrolide	No resistance	0	
149As-CMPN001x72_260114_LH00793_B23GCKKLT3	erythromycin	macrolide	No resistance	0	
149As-CMPN001x72_260114_LH00793_B23GCKKLT3	azithromycin	macrolide	No resistance	0	
149As-CMPN001x72_260114_LH00793_B23GCKKLT3	oleandomycin	macrolide	No resistance	0	
149As-CMPN001x72_260114_LH00793_B23GCKKLT3	spiramycin	macrolide	No resistance	0	
149As-CMPN001x72_260114_LH00793_B23GCKKLT3	tylosin	macrolide	No resistance	0	
149As-CMPN001x72_260114_LH00793_B23GCKKLT3	telithromycin	macrolide	No resistance	0	
149As-CMPN001x72_260114_LH00793_B23GCKKLT3	tetracycline	tetracycline	No resistance	0	
149As-CMPN001x72_260114_LH00793_B23GCKKLT3	doxycycline	tetracycline	No resistance	0	
149As-CMPN001x72_260114_LH00793_B23GCKKLT3	minocycline	tetracycline	No resistance	0	
149As-CMPN001x72_260114_LH00793_B23GCKKLT3	tigecycline	tetracycline	No resistance	0	
149As-CMPN001x72_260114_LH00793_B23GCKKLT3	quinupristin	streptogramin b	No resistance	0	
149As-CMPN001x72_260114_LH00793_B23GCKKLT3	pristinamycin ia	streptogramin b	No resistance	0	
149As-CMPN001x72_260114_LH00793_B23GCKKLT3	virginiamycin s	streptogramin b	No resistance	0	
149As-CMPN001x72_260114_LH00793_B23GCKKLT3	linezolid	oxazolidinone	No resistance	0	
149As-CMPN001x72_260114_LH00793_B23GCKKLT3	chloramphenicol	amphenicol	No resistance	0	
149As-CMPN001x72_260114_LH00793_B23GCKKLT3	florfenicol	amphenicol	No resistance	0	
149As-CMPN001x72_260114_LH00793_B23GCKKLT3	colistin	polymyxin	No resistance	0	
149As-CMPN001x72_260114_LH00793_B23GCKKLT3	fusidic acid	steroid antibacterial	No resistance	0	
149As-CMPN001x72_260114_LH00793_B23GCKKLT3	mupirocin	pseudomonic acid	No resistance	0	
149As-CMPN001x72_260114_LH00793_B23GCKKLT3	rifampicin	rifamycin	No resistance	0	
149As-CMPN001x72_260114_LH00793_B23GCKKLT3	metronidazole	nitroimidazole	No resistance	0	
149As-CMPN001x72_260114_LH00793_B23GCKKLT3	narasin	ionophores	No resistance	0	
149As-CMPN001x72_260114_LH00793_B23GCKKLT3	salinomycin	ionophores	No resistance	0	
149As-CMPN001x72_260114_LH00793_B23GCKKLT3	maduramicin	ionophores	No resistance	0	
149Cc-CMPN001x73_260114_LH00793_B23GCKKLT3	gentamicin	aminoglycoside	No resistance	0	
149Cc-CMPN001x73_260114_LH00793_B23GCKKLT3	tobramycin	aminoglycoside	No resistance	0	
149Cc-CMPN001x73_260114_LH00793_B23GCKKLT3	streptomycin	aminoglycoside	No resistance	0	
149Cc-CMPN001x73_260114_LH00793_B23GCKKLT3	amikacin	aminoglycoside	No resistance	0	
149Cc-CMPN001x73_260114_LH00793_B23GCKKLT3	isepamicin	aminoglycoside	No resistance	0	
149Cc-CMPN001x73_260114_LH00793_B23GCKKLT3	dibekacin	aminoglycoside	No resistance	0	
149Cc-CMPN001x73_260114_LH00793_B23GCKKLT3	kanamycin	aminoglycoside	No resistance	0	
149Cc-CMPN001x73_260114_LH00793_B23GCKKLT3	neomycin	aminoglycoside	No resistance	0	
149Cc-CMPN001x73_260114_LH00793_B23GCKKLT3	lividomycin	aminoglycoside	No resistance	0	
149Cc-CMPN001x73_260114_LH00793_B23GCKKLT3	paromomycin	aminoglycoside	No resistance	0	
149Cc-CMPN001x73_260114_LH00793_B23GCKKLT3	ribostamycin	aminoglycoside	No resistance	0	
149Cc-CMPN001x73_260114_LH00793_B23GCKKLT3	unknown aminoglycoside	aminoglycoside	No resistance	0	
149Cc-CMPN001x73_260114_LH00793_B23GCKKLT3	butiromycin	aminoglycoside	No resistance	0	
149Cc-CMPN001x73_260114_LH00793_B23GCKKLT3	butirosin	aminoglycoside	No resistance	0	
149Cc-CMPN001x73_260114_LH00793_B23GCKKLT3	hygromycin	aminoglycoside	No resistance	0	
149Cc-CMPN001x73_260114_LH00793_B23GCKKLT3	netilmicin	aminoglycoside	No resistance	0	
149Cc-CMPN001x73_260114_LH00793_B23GCKKLT3	apramycin	aminoglycoside	No resistance	0	
149Cc-CMPN001x73_260114_LH00793_B23GCKKLT3	sisomicin	aminoglycoside	No resistance	0	
149Cc-CMPN001x73_260114_LH00793_B23GCKKLT3	arbekacin	aminoglycoside	No resistance	0	
149Cc-CMPN001x73_260114_LH00793_B23GCKKLT3	kasugamycin	aminoglycoside	No resistance	0	
149Cc-CMPN001x73_260114_LH00793_B23GCKKLT3	astromicin	aminoglycoside	No resistance	0	
149Cc-CMPN001x73_260114_LH00793_B23GCKKLT3	fortimicin	aminoglycoside	No resistance	0	
149Cc-CMPN001x73_260114_LH00793_B23GCKKLT3	spectinomycin	aminocyclitol	No resistance	0	
149Cc-CMPN001x73_260114_LH00793_B23GCKKLT3	fluoroquinolone	quinolone	No resistance	0	
149Cc-CMPN001x73_260114_LH00793_B23GCKKLT3	ciprofloxacin	quinolone	No resistance	0	
149Cc-CMPN001x73_260114_LH00793_B23GCKKLT3	unknown quinolone	quinolone	No resistance	0	
149Cc-CMPN001x73_260114_LH00793_B23GCKKLT3	nalidixic acid	quinolone	No resistance	0	
149Cc-CMPN001x73_260114_LH00793_B23GCKKLT3	amoxicillin	beta-lactam	No resistance	0	
149Cc-CMPN001x73_260114_LH00793_B23GCKKLT3	amoxicillin+clavulanic acid	beta-lactam	No resistance	0	
149Cc-CMPN001x73_260114_LH00793_B23GCKKLT3	ampicillin	beta-lactam	No resistance	0	
149Cc-CMPN001x73_260114_LH00793_B23GCKKLT3	ampicillin+clavulanic acid	beta-lactam	No resistance	0	
149Cc-CMPN001x73_260114_LH00793_B23GCKKLT3	cefepime	beta-lactam	No resistance	0	
149Cc-CMPN001x73_260114_LH00793_B23GCKKLT3	cefixime	beta-lactam	No resistance	0	
149Cc-CMPN001x73_260114_LH00793_B23GCKKLT3	cefotaxime	beta-lactam	No resistance	0	
149Cc-CMPN001x73_260114_LH00793_B23GCKKLT3	cefoxitin	beta-lactam	No resistance	0	
149Cc-CMPN001x73_260114_LH00793_B23GCKKLT3	ceftazidime	beta-lactam	No resistance	0	
149Cc-CMPN001x73_260114_LH00793_B23GCKKLT3	ertapenem	beta-lactam	No resistance	0	
149Cc-CMPN001x73_260114_LH00793_B23GCKKLT3	imipenem	beta-lactam	No resistance	0	
149Cc-CMPN001x73_260114_LH00793_B23GCKKLT3	meropenem	beta-lactam	No resistance	0	
149Cc-CMPN001x73_260114_LH00793_B23GCKKLT3	piperacillin	beta-lactam	No resistance	0	
149Cc-CMPN001x73_260114_LH00793_B23GCKKLT3	piperacillin+tazobactam	beta-lactam	No resistance	0	
149Cc-CMPN001x73_260114_LH00793_B23GCKKLT3	unknown beta-lactam	beta-lactam	No resistance	0	
149Cc-CMPN001x73_260114_LH00793_B23GCKKLT3	aztreonam	beta-lactam	No resistance	0	
149Cc-CMPN001x73_260114_LH00793_B23GCKKLT3	cefotaxime+clavulanic acid	beta-lactam	No resistance	0	
149Cc-CMPN001x73_260114_LH00793_B23GCKKLT3	temocillin	beta-lactam	No resistance	0	
149Cc-CMPN001x73_260114_LH00793_B23GCKKLT3	ticarcillin	beta-lactam	No resistance	0	
149Cc-CMPN001x73_260114_LH00793_B23GCKKLT3	ceftazidime+avibactam	beta-lactam	No resistance	0	
149Cc-CMPN001x73_260114_LH00793_B23GCKKLT3	penicillin	beta-lactam	No resistance	0	
149Cc-CMPN001x73_260114_LH00793_B23GCKKLT3	ceftriaxone	beta-lactam	No resistance	0	
149Cc-CMPN001x73_260114_LH00793_B23GCKKLT3	ticarcillin+clavulanic acid	beta-lactam	No resistance	0	
149Cc-CMPN001x73_260114_LH00793_B23GCKKLT3	cephalothin	beta-lactam	No resistance	0	
149Cc-CMPN001x73_260114_LH00793_B23GCKKLT3	piperacillin+clavulanic acid	beta-lactam	No resistance	0	
149Cc-CMPN001x73_260114_LH00793_B23GCKKLT3	ceftiofur	under_development	No resistance	0	
149Cc-CMPN001x73_260114_LH00793_B23GCKKLT3	sulfamethoxazole	folate pathway antagonist	No resistance	0	
149Cc-CMPN001x73_260114_LH00793_B23GCKKLT3	trimethoprim	folate pathway antagonist	No resistance	0	
149Cc-CMPN001x73_260114_LH00793_B23GCKKLT3	fosfomycin	fosfomycin	No resistance	0	
149Cc-CMPN001x73_260114_LH00793_B23GCKKLT3	vancomycin	glycopeptide	No resistance	0	
149Cc-CMPN001x73_260114_LH00793_B23GCKKLT3	teicoplanin	glycopeptide	No resistance	0	
149Cc-CMPN001x73_260114_LH00793_B23GCKKLT3	bleomycin	glycopeptide	No resistance	0	
149Cc-CMPN001x73_260114_LH00793_B23GCKKLT3	lincomycin	lincosamide	Resistant	3	erm(B) (erm(B)_U86375)
149Cc-CMPN001x73_260114_LH00793_B23GCKKLT3	clindamycin	lincosamide	Resistant	3	erm(B) (erm(B)_U86375)
149Cc-CMPN001x73_260114_LH00793_B23GCKKLT3	dalfopristin	streptogramin a	No resistance	0	
149Cc-CMPN001x73_260114_LH00793_B23GCKKLT3	pristinamycin iia	streptogramin a	No resistance	0	
149Cc-CMPN001x73_260114_LH00793_B23GCKKLT3	virginiamycin m	streptogramin a	No resistance	0	
149Cc-CMPN001x73_260114_LH00793_B23GCKKLT3	quinupristin+dalfopristin	streptogramin a	No resistance	0	
149Cc-CMPN001x73_260114_LH00793_B23GCKKLT3	tiamulin	pleuromutilin	No resistance	0	
149Cc-CMPN001x73_260114_LH00793_B23GCKKLT3	carbomycin	macrolide	No resistance	0	
149Cc-CMPN001x73_260114_LH00793_B23GCKKLT3	erythromycin	macrolide	Resistant	3	erm(B) (erm(B)_U86375)
149Cc-CMPN001x73_260114_LH00793_B23GCKKLT3	azithromycin	macrolide	No resistance	0	
149Cc-CMPN001x73_260114_LH00793_B23GCKKLT3	oleandomycin	macrolide	No resistance	0	
149Cc-CMPN001x73_260114_LH00793_B23GCKKLT3	spiramycin	macrolide	No resistance	0	
149Cc-CMPN001x73_260114_LH00793_B23GCKKLT3	tylosin	macrolide	No resistance	0	
149Cc-CMPN001x73_260114_LH00793_B23GCKKLT3	telithromycin	macrolide	No resistance	0	
149Cc-CMPN001x73_260114_LH00793_B23GCKKLT3	tetracycline	tetracycline	Resistant	2	tet(M) (tet(M)_AM990992)
149Cc-CMPN001x73_260114_LH00793_B23GCKKLT3	doxycycline	tetracycline	Resistant	2	tet(M) (tet(M)_AM990992)
149Cc-CMPN001x73_260114_LH00793_B23GCKKLT3	minocycline	tetracycline	Resistant	2	tet(M) (tet(M)_AM990992)
149Cc-CMPN001x73_260114_LH00793_B23GCKKLT3	tigecycline	tetracycline	No resistance	0	
149Cc-CMPN001x73_260114_LH00793_B23GCKKLT3	quinupristin	streptogramin b	Resistant	3	erm(B) (erm(B)_U86375)
149Cc-CMPN001x73_260114_LH00793_B23GCKKLT3	pristinamycin ia	streptogramin b	Resistant	3	erm(B) (erm(B)_U86375)
149Cc-CMPN001x73_260114_LH00793_B23GCKKLT3	virginiamycin s	streptogramin b	Resistant	3	erm(B) (erm(B)_U86375)
149Cc-CMPN001x73_260114_LH00793_B23GCKKLT3	linezolid	oxazolidinone	No resistance	0	
149Cc-CMPN001x73_260114_LH00793_B23GCKKLT3	chloramphenicol	amphenicol	No resistance	0	
149Cc-CMPN001x73_260114_LH00793_B23GCKKLT3	florfenicol	amphenicol	No resistance	0	
149Cc-CMPN001x73_260114_LH00793_B23GCKKLT3	colistin	polymyxin	No resistance	0	
149Cc-CMPN001x73_260114_LH00793_B23GCKKLT3	fusidic acid	steroid antibacterial	No resistance	0	
149Cc-CMPN001x73_260114_LH00793_B23GCKKLT3	mupirocin	pseudomonic acid	No resistance	0	
149Cc-CMPN001x73_260114_LH00793_B23GCKKLT3	rifampicin	rifamycin	No resistance	0	
149Cc-CMPN001x73_260114_LH00793_B23GCKKLT3	metronidazole	nitroimidazole	No resistance	0	
149Cc-CMPN001x73_260114_LH00793_B23GCKKLT3	narasin	ionophores	No resistance	0	
149Cc-CMPN001x73_260114_LH00793_B23GCKKLT3	salinomycin	ionophores	No resistance	0	
149Cc-CMPN001x73_260114_LH00793_B23GCKKLT3	maduramicin	ionophores	No resistance	0	
150Cp-CMPN001x74_260114_LH00793_B23GCKKLT3	gentamicin	aminoglycoside	No resistance	0	
150Cp-CMPN001x74_260114_LH00793_B23GCKKLT3	tobramycin	aminoglycoside	No resistance	0	
150Cp-CMPN001x74_260114_LH00793_B23GCKKLT3	streptomycin	aminoglycoside	No resistance	0	
150Cp-CMPN001x74_260114_LH00793_B23GCKKLT3	amikacin	aminoglycoside	No resistance	0	
150Cp-CMPN001x74_260114_LH00793_B23GCKKLT3	isepamicin	aminoglycoside	No resistance	0	
150Cp-CMPN001x74_260114_LH00793_B23GCKKLT3	dibekacin	aminoglycoside	No resistance	0	
150Cp-CMPN001x74_260114_LH00793_B23GCKKLT3	kanamycin	aminoglycoside	No resistance	0	
150Cp-CMPN001x74_260114_LH00793_B23GCKKLT3	neomycin	aminoglycoside	No resistance	0	
150Cp-CMPN001x74_260114_LH00793_B23GCKKLT3	lividomycin	aminoglycoside	No resistance	0	
150Cp-CMPN001x74_260114_LH00793_B23GCKKLT3	paromomycin	aminoglycoside	No resistance	0	
150Cp-CMPN001x74_260114_LH00793_B23GCKKLT3	ribostamycin	aminoglycoside	No resistance	0	
150Cp-CMPN001x74_260114_LH00793_B23GCKKLT3	unknown aminoglycoside	aminoglycoside	No resistance	0	
150Cp-CMPN001x74_260114_LH00793_B23GCKKLT3	butiromycin	aminoglycoside	No resistance	0	
150Cp-CMPN001x74_260114_LH00793_B23GCKKLT3	butirosin	aminoglycoside	No resistance	0	
150Cp-CMPN001x74_260114_LH00793_B23GCKKLT3	hygromycin	aminoglycoside	No resistance	0	
150Cp-CMPN001x74_260114_LH00793_B23GCKKLT3	netilmicin	aminoglycoside	No resistance	0	
150Cp-CMPN001x74_260114_LH00793_B23GCKKLT3	apramycin	aminoglycoside	No resistance	0	
150Cp-CMPN001x74_260114_LH00793_B23GCKKLT3	sisomicin	aminoglycoside	No resistance	0	
150Cp-CMPN001x74_260114_LH00793_B23GCKKLT3	arbekacin	aminoglycoside	No resistance	0	
150Cp-CMPN001x74_260114_LH00793_B23GCKKLT3	kasugamycin	aminoglycoside	No resistance	0	
150Cp-CMPN001x74_260114_LH00793_B23GCKKLT3	astromicin	aminoglycoside	No resistance	0	
150Cp-CMPN001x74_260114_LH00793_B23GCKKLT3	fortimicin	aminoglycoside	No resistance	0	
150Cp-CMPN001x74_260114_LH00793_B23GCKKLT3	spectinomycin	aminocyclitol	No resistance	0	
150Cp-CMPN001x74_260114_LH00793_B23GCKKLT3	fluoroquinolone	quinolone	No resistance	0	
150Cp-CMPN001x74_260114_LH00793_B23GCKKLT3	ciprofloxacin	quinolone	No resistance	0	
150Cp-CMPN001x74_260114_LH00793_B23GCKKLT3	unknown quinolone	quinolone	No resistance	0	
150Cp-CMPN001x74_260114_LH00793_B23GCKKLT3	nalidixic acid	quinolone	No resistance	0	
150Cp-CMPN001x74_260114_LH00793_B23GCKKLT3	amoxicillin	beta-lactam	No resistance	0	
150Cp-CMPN001x74_260114_LH00793_B23GCKKLT3	amoxicillin+clavulanic acid	beta-lactam	No resistance	0	
150Cp-CMPN001x74_260114_LH00793_B23GCKKLT3	ampicillin	beta-lactam	No resistance	0	
150Cp-CMPN001x74_260114_LH00793_B23GCKKLT3	ampicillin+clavulanic acid	beta-lactam	No resistance	0	
150Cp-CMPN001x74_260114_LH00793_B23GCKKLT3	cefepime	beta-lactam	No resistance	0	
150Cp-CMPN001x74_260114_LH00793_B23GCKKLT3	cefixime	beta-lactam	No resistance	0	
150Cp-CMPN001x74_260114_LH00793_B23GCKKLT3	cefotaxime	beta-lactam	No resistance	0	
150Cp-CMPN001x74_260114_LH00793_B23GCKKLT3	cefoxitin	beta-lactam	No resistance	0	
150Cp-CMPN001x74_260114_LH00793_B23GCKKLT3	ceftazidime	beta-lactam	No resistance	0	
150Cp-CMPN001x74_260114_LH00793_B23GCKKLT3	ertapenem	beta-lactam	No resistance	0	
150Cp-CMPN001x74_260114_LH00793_B23GCKKLT3	imipenem	beta-lactam	No resistance	0	
150Cp-CMPN001x74_260114_LH00793_B23GCKKLT3	meropenem	beta-lactam	No resistance	0	
150Cp-CMPN001x74_260114_LH00793_B23GCKKLT3	piperacillin	beta-lactam	No resistance	0	
150Cp-CMPN001x74_260114_LH00793_B23GCKKLT3	piperacillin+tazobactam	beta-lactam	No resistance	0	
150Cp-CMPN001x74_260114_LH00793_B23GCKKLT3	unknown beta-lactam	beta-lactam	No resistance	0	
150Cp-CMPN001x74_260114_LH00793_B23GCKKLT3	aztreonam	beta-lactam	No resistance	0	
150Cp-CMPN001x74_260114_LH00793_B23GCKKLT3	cefotaxime+clavulanic acid	beta-lactam	No resistance	0	
150Cp-CMPN001x74_260114_LH00793_B23GCKKLT3	temocillin	beta-lactam	No resistance	0	
150Cp-CMPN001x74_260114_LH00793_B23GCKKLT3	ticarcillin	beta-lactam	No resistance	0	
150Cp-CMPN001x74_260114_LH00793_B23GCKKLT3	ceftazidime+avibactam	beta-lactam	No resistance	0	
150Cp-CMPN001x74_260114_LH00793_B23GCKKLT3	penicillin	beta-lactam	No resistance	0	
150Cp-CMPN001x74_260114_LH00793_B23GCKKLT3	ceftriaxone	beta-lactam	No resistance	0	
150Cp-CMPN001x74_260114_LH00793_B23GCKKLT3	ticarcillin+clavulanic acid	beta-lactam	No resistance	0	
150Cp-CMPN001x74_260114_LH00793_B23GCKKLT3	cephalothin	beta-lactam	No resistance	0	
150Cp-CMPN001x74_260114_LH00793_B23GCKKLT3	piperacillin+clavulanic acid	beta-lactam	No resistance	0	
150Cp-CMPN001x74_260114_LH00793_B23GCKKLT3	ceftiofur	under_development	No resistance	0	
150Cp-CMPN001x74_260114_LH00793_B23GCKKLT3	sulfamethoxazole	folate pathway antagonist	No resistance	0	
150Cp-CMPN001x74_260114_LH00793_B23GCKKLT3	trimethoprim	folate pathway antagonist	No resistance	0	
150Cp-CMPN001x74_260114_LH00793_B23GCKKLT3	fosfomycin	fosfomycin	No resistance	0	
150Cp-CMPN001x74_260114_LH00793_B23GCKKLT3	vancomycin	glycopeptide	No resistance	0	
150Cp-CMPN001x74_260114_LH00793_B23GCKKLT3	teicoplanin	glycopeptide	No resistance	0	
150Cp-CMPN001x74_260114_LH00793_B23GCKKLT3	bleomycin	glycopeptide	No resistance	0	
150Cp-CMPN001x74_260114_LH00793_B23GCKKLT3	lincomycin	lincosamide	Resistant	2	erm(B) (erm(B)_X72021), erm(B) (erm(B)_JN899585)
150Cp-CMPN001x74_260114_LH00793_B23GCKKLT3	clindamycin	lincosamide	Resistant	2	erm(B) (erm(B)_X72021), erm(B) (erm(B)_JN899585)
150Cp-CMPN001x74_260114_LH00793_B23GCKKLT3	dalfopristin	streptogramin a	No resistance	0	
150Cp-CMPN001x74_260114_LH00793_B23GCKKLT3	pristinamycin iia	streptogramin a	No resistance	0	
150Cp-CMPN001x74_260114_LH00793_B23GCKKLT3	virginiamycin m	streptogramin a	No resistance	0	
150Cp-CMPN001x74_260114_LH00793_B23GCKKLT3	quinupristin+dalfopristin	streptogramin a	No resistance	0	
150Cp-CMPN001x74_260114_LH00793_B23GCKKLT3	tiamulin	pleuromutilin	No resistance	0	
150Cp-CMPN001x74_260114_LH00793_B23GCKKLT3	carbomycin	macrolide	No resistance	0	
150Cp-CMPN001x74_260114_LH00793_B23GCKKLT3	erythromycin	macrolide	Resistant	2	erm(B) (erm(B)_X72021), erm(B) (erm(B)_JN899585)
150Cp-CMPN001x74_260114_LH00793_B23GCKKLT3	azithromycin	macrolide	No resistance	0	
150Cp-CMPN001x74_260114_LH00793_B23GCKKLT3	oleandomycin	macrolide	No resistance	0	
150Cp-CMPN001x74_260114_LH00793_B23GCKKLT3	spiramycin	macrolide	No resistance	0	
150Cp-CMPN001x74_260114_LH00793_B23GCKKLT3	tylosin	macrolide	No resistance	0	
150Cp-CMPN001x74_260114_LH00793_B23GCKKLT3	telithromycin	macrolide	No resistance	0	
150Cp-CMPN001x74_260114_LH00793_B23GCKKLT3	tetracycline	tetracycline	Resistant	2	tetA(46) (tetA(46)_HQ652506), tetB(46) (tetB(46)_HQ652506), tet(M) (tet(M)_X04388)
150Cp-CMPN001x74_260114_LH00793_B23GCKKLT3	doxycycline	tetracycline	Resistant	2	tetA(46) (tetA(46)_HQ652506), tetB(46) (tetB(46)_HQ652506), tet(M) (tet(M)_X04388)
150Cp-CMPN001x74_260114_LH00793_B23GCKKLT3	minocycline	tetracycline	Resistant	2	tet(M) (tet(M)_X04388)
150Cp-CMPN001x74_260114_LH00793_B23GCKKLT3	tigecycline	tetracycline	Resistant	2	tetA(46) (tetA(46)_HQ652506), tetB(46) (tetB(46)_HQ652506)
150Cp-CMPN001x74_260114_LH00793_B23GCKKLT3	quinupristin	streptogramin b	Resistant	2	erm(B) (erm(B)_X72021), erm(B) (erm(B)_JN899585)
150Cp-CMPN001x74_260114_LH00793_B23GCKKLT3	pristinamycin ia	streptogramin b	Resistant	2	erm(B) (erm(B)_X72021), erm(B) (erm(B)_JN899585)
150Cp-CMPN001x74_260114_LH00793_B23GCKKLT3	virginiamycin s	streptogramin b	Resistant	2	erm(B) (erm(B)_X72021), erm(B) (erm(B)_JN899585)
150Cp-CMPN001x74_260114_LH00793_B23GCKKLT3	linezolid	oxazolidinone	No resistance	0	
150Cp-CMPN001x74_260114_LH00793_B23GCKKLT3	chloramphenicol	amphenicol	No resistance	0	
150Cp-CMPN001x74_260114_LH00793_B23GCKKLT3	florfenicol	amphenicol	No resistance	0	
150Cp-CMPN001x74_260114_LH00793_B23GCKKLT3	colistin	polymyxin	No resistance	0	
150Cp-CMPN001x74_260114_LH00793_B23GCKKLT3	fusidic acid	steroid antibacterial	No resistance	0	
150Cp-CMPN001x74_260114_LH00793_B23GCKKLT3	mupirocin	pseudomonic acid	No resistance	0	
150Cp-CMPN001x74_260114_LH00793_B23GCKKLT3	rifampicin	rifamycin	No resistance	0	
150Cp-CMPN001x74_260114_LH00793_B23GCKKLT3	metronidazole	nitroimidazole	No resistance	0	
150Cp-CMPN001x74_260114_LH00793_B23GCKKLT3	narasin	ionophores	No resistance	0	
150Cp-CMPN001x74_260114_LH00793_B23GCKKLT3	salinomycin	ionophores	No resistance	0	
150Cp-CMPN001x74_260114_LH00793_B23GCKKLT3	maduramicin	ionophores	No resistance	0	
151Cm-CMPN001x75_260114_LH00793_B23GCKKLT3	gentamicin	aminoglycoside	No resistance	0	
151Cm-CMPN001x75_260114_LH00793_B23GCKKLT3	tobramycin	aminoglycoside	No resistance	0	
151Cm-CMPN001x75_260114_LH00793_B23GCKKLT3	streptomycin	aminoglycoside	No resistance	0	
151Cm-CMPN001x75_260114_LH00793_B23GCKKLT3	amikacin	aminoglycoside	No resistance	0	
151Cm-CMPN001x75_260114_LH00793_B23GCKKLT3	isepamicin	aminoglycoside	No resistance	0	
151Cm-CMPN001x75_260114_LH00793_B23GCKKLT3	dibekacin	aminoglycoside	No resistance	0	
151Cm-CMPN001x75_260114_LH00793_B23GCKKLT3	kanamycin	aminoglycoside	No resistance	0	
151Cm-CMPN001x75_260114_LH00793_B23GCKKLT3	neomycin	aminoglycoside	No resistance	0	
151Cm-CMPN001x75_260114_LH00793_B23GCKKLT3	lividomycin	aminoglycoside	No resistance	0	
151Cm-CMPN001x75_260114_LH00793_B23GCKKLT3	paromomycin	aminoglycoside	No resistance	0	
151Cm-CMPN001x75_260114_LH00793_B23GCKKLT3	ribostamycin	aminoglycoside	No resistance	0	
151Cm-CMPN001x75_260114_LH00793_B23GCKKLT3	unknown aminoglycoside	aminoglycoside	No resistance	0	
151Cm-CMPN001x75_260114_LH00793_B23GCKKLT3	butiromycin	aminoglycoside	No resistance	0	
151Cm-CMPN001x75_260114_LH00793_B23GCKKLT3	butirosin	aminoglycoside	No resistance	0	
151Cm-CMPN001x75_260114_LH00793_B23GCKKLT3	hygromycin	aminoglycoside	No resistance	0	
151Cm-CMPN001x75_260114_LH00793_B23GCKKLT3	netilmicin	aminoglycoside	No resistance	0	
151Cm-CMPN001x75_260114_LH00793_B23GCKKLT3	apramycin	aminoglycoside	No resistance	0	
151Cm-CMPN001x75_260114_LH00793_B23GCKKLT3	sisomicin	aminoglycoside	No resistance	0	
151Cm-CMPN001x75_260114_LH00793_B23GCKKLT3	arbekacin	aminoglycoside	No resistance	0	
151Cm-CMPN001x75_260114_LH00793_B23GCKKLT3	kasugamycin	aminoglycoside	No resistance	0	
151Cm-CMPN001x75_260114_LH00793_B23GCKKLT3	astromicin	aminoglycoside	No resistance	0	
151Cm-CMPN001x75_260114_LH00793_B23GCKKLT3	fortimicin	aminoglycoside	No resistance	0	
151Cm-CMPN001x75_260114_LH00793_B23GCKKLT3	spectinomycin	aminocyclitol	No resistance	0	
151Cm-CMPN001x75_260114_LH00793_B23GCKKLT3	fluoroquinolone	quinolone	No resistance	0	
151Cm-CMPN001x75_260114_LH00793_B23GCKKLT3	ciprofloxacin	quinolone	No resistance	0	
151Cm-CMPN001x75_260114_LH00793_B23GCKKLT3	unknown quinolone	quinolone	No resistance	0	
151Cm-CMPN001x75_260114_LH00793_B23GCKKLT3	nalidixic acid	quinolone	No resistance	0	
151Cm-CMPN001x75_260114_LH00793_B23GCKKLT3	amoxicillin	beta-lactam	No resistance	0	
151Cm-CMPN001x75_260114_LH00793_B23GCKKLT3	amoxicillin+clavulanic acid	beta-lactam	No resistance	0	
151Cm-CMPN001x75_260114_LH00793_B23GCKKLT3	ampicillin	beta-lactam	No resistance	0	
151Cm-CMPN001x75_260114_LH00793_B23GCKKLT3	ampicillin+clavulanic acid	beta-lactam	No resistance	0	
151Cm-CMPN001x75_260114_LH00793_B23GCKKLT3	cefepime	beta-lactam	No resistance	0	
151Cm-CMPN001x75_260114_LH00793_B23GCKKLT3	cefixime	beta-lactam	No resistance	0	
151Cm-CMPN001x75_260114_LH00793_B23GCKKLT3	cefotaxime	beta-lactam	No resistance	0	
151Cm-CMPN001x75_260114_LH00793_B23GCKKLT3	cefoxitin	beta-lactam	No resistance	0	
151Cm-CMPN001x75_260114_LH00793_B23GCKKLT3	ceftazidime	beta-lactam	No resistance	0	
151Cm-CMPN001x75_260114_LH00793_B23GCKKLT3	ertapenem	beta-lactam	No resistance	0	
151Cm-CMPN001x75_260114_LH00793_B23GCKKLT3	imipenem	beta-lactam	No resistance	0	
151Cm-CMPN001x75_260114_LH00793_B23GCKKLT3	meropenem	beta-lactam	No resistance	0	
151Cm-CMPN001x75_260114_LH00793_B23GCKKLT3	piperacillin	beta-lactam	No resistance	0	
151Cm-CMPN001x75_260114_LH00793_B23GCKKLT3	piperacillin+tazobactam	beta-lactam	No resistance	0	
151Cm-CMPN001x75_260114_LH00793_B23GCKKLT3	unknown beta-lactam	beta-lactam	No resistance	0	
151Cm-CMPN001x75_260114_LH00793_B23GCKKLT3	aztreonam	beta-lactam	No resistance	0	
151Cm-CMPN001x75_260114_LH00793_B23GCKKLT3	cefotaxime+clavulanic acid	beta-lactam	No resistance	0	
151Cm-CMPN001x75_260114_LH00793_B23GCKKLT3	temocillin	beta-lactam	No resistance	0	
151Cm-CMPN001x75_260114_LH00793_B23GCKKLT3	ticarcillin	beta-lactam	No resistance	0	
151Cm-CMPN001x75_260114_LH00793_B23GCKKLT3	ceftazidime+avibactam	beta-lactam	No resistance	0	
151Cm-CMPN001x75_260114_LH00793_B23GCKKLT3	penicillin	beta-lactam	No resistance	0	
151Cm-CMPN001x75_260114_LH00793_B23GCKKLT3	ceftriaxone	beta-lactam	No resistance	0	
151Cm-CMPN001x75_260114_LH00793_B23GCKKLT3	ticarcillin+clavulanic acid	beta-lactam	No resistance	0	
151Cm-CMPN001x75_260114_LH00793_B23GCKKLT3	cephalothin	beta-lactam	No resistance	0	
151Cm-CMPN001x75_260114_LH00793_B23GCKKLT3	piperacillin+clavulanic acid	beta-lactam	No resistance	0	
151Cm-CMPN001x75_260114_LH00793_B23GCKKLT3	ceftiofur	under_development	No resistance	0	
151Cm-CMPN001x75_260114_LH00793_B23GCKKLT3	sulfamethoxazole	folate pathway antagonist	No resistance	0	
151Cm-CMPN001x75_260114_LH00793_B23GCKKLT3	trimethoprim	folate pathway antagonist	No resistance	0	
151Cm-CMPN001x75_260114_LH00793_B23GCKKLT3	fosfomycin	fosfomycin	No resistance	0	
151Cm-CMPN001x75_260114_LH00793_B23GCKKLT3	vancomycin	glycopeptide	No resistance	0	
151Cm-CMPN001x75_260114_LH00793_B23GCKKLT3	teicoplanin	glycopeptide	No resistance	0	
151Cm-CMPN001x75_260114_LH00793_B23GCKKLT3	bleomycin	glycopeptide	No resistance	0	
151Cm-CMPN001x75_260114_LH00793_B23GCKKLT3	lincomycin	lincosamide	Resistant	3	erm(B) (erm(B)_U86375)
151Cm-CMPN001x75_260114_LH00793_B23GCKKLT3	clindamycin	lincosamide	Resistant	3	erm(B) (erm(B)_U86375)
151Cm-CMPN001x75_260114_LH00793_B23GCKKLT3	dalfopristin	streptogramin a	No resistance	0	
151Cm-CMPN001x75_260114_LH00793_B23GCKKLT3	pristinamycin iia	streptogramin a	No resistance	0	
151Cm-CMPN001x75_260114_LH00793_B23GCKKLT3	virginiamycin m	streptogramin a	No resistance	0	
151Cm-CMPN001x75_260114_LH00793_B23GCKKLT3	quinupristin+dalfopristin	streptogramin a	No resistance	0	
151Cm-CMPN001x75_260114_LH00793_B23GCKKLT3	tiamulin	pleuromutilin	No resistance	0	
151Cm-CMPN001x75_260114_LH00793_B23GCKKLT3	carbomycin	macrolide	No resistance	0	
151Cm-CMPN001x75_260114_LH00793_B23GCKKLT3	erythromycin	macrolide	Resistant	3	erm(B) (erm(B)_U86375)
151Cm-CMPN001x75_260114_LH00793_B23GCKKLT3	azithromycin	macrolide	No resistance	0	
151Cm-CMPN001x75_260114_LH00793_B23GCKKLT3	oleandomycin	macrolide	No resistance	0	
151Cm-CMPN001x75_260114_LH00793_B23GCKKLT3	spiramycin	macrolide	No resistance	0	
151Cm-CMPN001x75_260114_LH00793_B23GCKKLT3	tylosin	macrolide	No resistance	0	
151Cm-CMPN001x75_260114_LH00793_B23GCKKLT3	telithromycin	macrolide	No resistance	0	
151Cm-CMPN001x75_260114_LH00793_B23GCKKLT3	tetracycline	tetracycline	Resistant	2	tet(M) (tet(M)_X92947)
151Cm-CMPN001x75_260114_LH00793_B23GCKKLT3	doxycycline	tetracycline	Resistant	2	tet(M) (tet(M)_X92947)
151Cm-CMPN001x75_260114_LH00793_B23GCKKLT3	minocycline	tetracycline	Resistant	2	tet(M) (tet(M)_X92947)
151Cm-CMPN001x75_260114_LH00793_B23GCKKLT3	tigecycline	tetracycline	No resistance	0	
151Cm-CMPN001x75_260114_LH00793_B23GCKKLT3	quinupristin	streptogramin b	Resistant	3	erm(B) (erm(B)_U86375)
151Cm-CMPN001x75_260114_LH00793_B23GCKKLT3	pristinamycin ia	streptogramin b	Resistant	3	erm(B) (erm(B)_U86375)
151Cm-CMPN001x75_260114_LH00793_B23GCKKLT3	virginiamycin s	streptogramin b	Resistant	3	erm(B) (erm(B)_U86375)
151Cm-CMPN001x75_260114_LH00793_B23GCKKLT3	linezolid	oxazolidinone	No resistance	0	
151Cm-CMPN001x75_260114_LH00793_B23GCKKLT3	chloramphenicol	amphenicol	No resistance	0	
151Cm-CMPN001x75_260114_LH00793_B23GCKKLT3	florfenicol	amphenicol	No resistance	0	
151Cm-CMPN001x75_260114_LH00793_B23GCKKLT3	colistin	polymyxin	No resistance	0	
151Cm-CMPN001x75_260114_LH00793_B23GCKKLT3	fusidic acid	steroid antibacterial	No resistance	0	
151Cm-CMPN001x75_260114_LH00793_B23GCKKLT3	mupirocin	pseudomonic acid	No resistance	0	
151Cm-CMPN001x75_260114_LH00793_B23GCKKLT3	rifampicin	rifamycin	No resistance	0	
151Cm-CMPN001x75_260114_LH00793_B23GCKKLT3	metronidazole	nitroimidazole	No resistance	0	
151Cm-CMPN001x75_260114_LH00793_B23GCKKLT3	narasin	ionophores	No resistance	0	
151Cm-CMPN001x75_260114_LH00793_B23GCKKLT3	salinomycin	ionophores	No resistance	0	
151Cm-CMPN001x75_260114_LH00793_B23GCKKLT3	maduramicin	ionophores	No resistance	0	
155Cvs-CMPN001x76_260114_LH00793_B23GCKKLT3	gentamicin	aminoglycoside	No resistance	0	
155Cvs-CMPN001x76_260114_LH00793_B23GCKKLT3	tobramycin	aminoglycoside	No resistance	0	
155Cvs-CMPN001x76_260114_LH00793_B23GCKKLT3	streptomycin	aminoglycoside	No resistance	0	
155Cvs-CMPN001x76_260114_LH00793_B23GCKKLT3	amikacin	aminoglycoside	No resistance	0	
155Cvs-CMPN001x76_260114_LH00793_B23GCKKLT3	isepamicin	aminoglycoside	No resistance	0	
155Cvs-CMPN001x76_260114_LH00793_B23GCKKLT3	dibekacin	aminoglycoside	No resistance	0	
155Cvs-CMPN001x76_260114_LH00793_B23GCKKLT3	kanamycin	aminoglycoside	No resistance	0	
155Cvs-CMPN001x76_260114_LH00793_B23GCKKLT3	neomycin	aminoglycoside	No resistance	0	
155Cvs-CMPN001x76_260114_LH00793_B23GCKKLT3	lividomycin	aminoglycoside	No resistance	0	
155Cvs-CMPN001x76_260114_LH00793_B23GCKKLT3	paromomycin	aminoglycoside	No resistance	0	
155Cvs-CMPN001x76_260114_LH00793_B23GCKKLT3	ribostamycin	aminoglycoside	No resistance	0	
155Cvs-CMPN001x76_260114_LH00793_B23GCKKLT3	unknown aminoglycoside	aminoglycoside	No resistance	0	
155Cvs-CMPN001x76_260114_LH00793_B23GCKKLT3	butiromycin	aminoglycoside	No resistance	0	
155Cvs-CMPN001x76_260114_LH00793_B23GCKKLT3	butirosin	aminoglycoside	No resistance	0	
155Cvs-CMPN001x76_260114_LH00793_B23GCKKLT3	hygromycin	aminoglycoside	No resistance	0	
155Cvs-CMPN001x76_260114_LH00793_B23GCKKLT3	netilmicin	aminoglycoside	No resistance	0	
155Cvs-CMPN001x76_260114_LH00793_B23GCKKLT3	apramycin	aminoglycoside	No resistance	0	
155Cvs-CMPN001x76_260114_LH00793_B23GCKKLT3	sisomicin	aminoglycoside	No resistance	0	
155Cvs-CMPN001x76_260114_LH00793_B23GCKKLT3	arbekacin	aminoglycoside	No resistance	0	
155Cvs-CMPN001x76_260114_LH00793_B23GCKKLT3	kasugamycin	aminoglycoside	No resistance	0	
155Cvs-CMPN001x76_260114_LH00793_B23GCKKLT3	astromicin	aminoglycoside	No resistance	0	
155Cvs-CMPN001x76_260114_LH00793_B23GCKKLT3	fortimicin	aminoglycoside	No resistance	0	
155Cvs-CMPN001x76_260114_LH00793_B23GCKKLT3	spectinomycin	aminocyclitol	No resistance	0	
155Cvs-CMPN001x76_260114_LH00793_B23GCKKLT3	fluoroquinolone	quinolone	No resistance	0	
155Cvs-CMPN001x76_260114_LH00793_B23GCKKLT3	ciprofloxacin	quinolone	No resistance	0	
155Cvs-CMPN001x76_260114_LH00793_B23GCKKLT3	unknown quinolone	quinolone	No resistance	0	
155Cvs-CMPN001x76_260114_LH00793_B23GCKKLT3	nalidixic acid	quinolone	No resistance	0	
155Cvs-CMPN001x76_260114_LH00793_B23GCKKLT3	amoxicillin	beta-lactam	No resistance	0	
155Cvs-CMPN001x76_260114_LH00793_B23GCKKLT3	amoxicillin+clavulanic acid	beta-lactam	No resistance	0	
155Cvs-CMPN001x76_260114_LH00793_B23GCKKLT3	ampicillin	beta-lactam	No resistance	0	
155Cvs-CMPN001x76_260114_LH00793_B23GCKKLT3	ampicillin+clavulanic acid	beta-lactam	No resistance	0	
155Cvs-CMPN001x76_260114_LH00793_B23GCKKLT3	cefepime	beta-lactam	No resistance	0	
155Cvs-CMPN001x76_260114_LH00793_B23GCKKLT3	cefixime	beta-lactam	No resistance	0	
155Cvs-CMPN001x76_260114_LH00793_B23GCKKLT3	cefotaxime	beta-lactam	No resistance	0	
155Cvs-CMPN001x76_260114_LH00793_B23GCKKLT3	cefoxitin	beta-lactam	No resistance	0	
155Cvs-CMPN001x76_260114_LH00793_B23GCKKLT3	ceftazidime	beta-lactam	No resistance	0	
155Cvs-CMPN001x76_260114_LH00793_B23GCKKLT3	ertapenem	beta-lactam	No resistance	0	
155Cvs-CMPN001x76_260114_LH00793_B23GCKKLT3	imipenem	beta-lactam	No resistance	0	
155Cvs-CMPN001x76_260114_LH00793_B23GCKKLT3	meropenem	beta-lactam	No resistance	0	
155Cvs-CMPN001x76_260114_LH00793_B23GCKKLT3	piperacillin	beta-lactam	No resistance	0	
155Cvs-CMPN001x76_260114_LH00793_B23GCKKLT3	piperacillin+tazobactam	beta-lactam	No resistance	0	
155Cvs-CMPN001x76_260114_LH00793_B23GCKKLT3	unknown beta-lactam	beta-lactam	No resistance	0	
155Cvs-CMPN001x76_260114_LH00793_B23GCKKLT3	aztreonam	beta-lactam	No resistance	0	
155Cvs-CMPN001x76_260114_LH00793_B23GCKKLT3	cefotaxime+clavulanic acid	beta-lactam	No resistance	0	
155Cvs-CMPN001x76_260114_LH00793_B23GCKKLT3	temocillin	beta-lactam	No resistance	0	
155Cvs-CMPN001x76_260114_LH00793_B23GCKKLT3	ticarcillin	beta-lactam	No resistance	0	
155Cvs-CMPN001x76_260114_LH00793_B23GCKKLT3	ceftazidime+avibactam	beta-lactam	No resistance	0	
155Cvs-CMPN001x76_260114_LH00793_B23GCKKLT3	penicillin	beta-lactam	No resistance	0	
155Cvs-CMPN001x76_260114_LH00793_B23GCKKLT3	ceftriaxone	beta-lactam	No resistance	0	
155Cvs-CMPN001x76_260114_LH00793_B23GCKKLT3	ticarcillin+clavulanic acid	beta-lactam	No resistance	0	
155Cvs-CMPN001x76_260114_LH00793_B23GCKKLT3	cephalothin	beta-lactam	No resistance	0	
155Cvs-CMPN001x76_260114_LH00793_B23GCKKLT3	piperacillin+clavulanic acid	beta-lactam	No resistance	0	
155Cvs-CMPN001x76_260114_LH00793_B23GCKKLT3	ceftiofur	under_development	No resistance	0	
155Cvs-CMPN001x76_260114_LH00793_B23GCKKLT3	sulfamethoxazole	folate pathway antagonist	No resistance	0	
155Cvs-CMPN001x76_260114_LH00793_B23GCKKLT3	trimethoprim	folate pathway antagonist	No resistance	0	
155Cvs-CMPN001x76_260114_LH00793_B23GCKKLT3	fosfomycin	fosfomycin	No resistance	0	
155Cvs-CMPN001x76_260114_LH00793_B23GCKKLT3	vancomycin	glycopeptide	No resistance	0	
155Cvs-CMPN001x76_260114_LH00793_B23GCKKLT3	teicoplanin	glycopeptide	No resistance	0	
155Cvs-CMPN001x76_260114_LH00793_B23GCKKLT3	bleomycin	glycopeptide	No resistance	0	
155Cvs-CMPN001x76_260114_LH00793_B23GCKKLT3	lincomycin	lincosamide	Resistant	3	erm(B) (erm(B)_U86375)
155Cvs-CMPN001x76_260114_LH00793_B23GCKKLT3	clindamycin	lincosamide	Resistant	3	erm(B) (erm(B)_U86375)
155Cvs-CMPN001x76_260114_LH00793_B23GCKKLT3	dalfopristin	streptogramin a	No resistance	0	
155Cvs-CMPN001x76_260114_LH00793_B23GCKKLT3	pristinamycin iia	streptogramin a	No resistance	0	
155Cvs-CMPN001x76_260114_LH00793_B23GCKKLT3	virginiamycin m	streptogramin a	No resistance	0	
155Cvs-CMPN001x76_260114_LH00793_B23GCKKLT3	quinupristin+dalfopristin	streptogramin a	No resistance	0	
155Cvs-CMPN001x76_260114_LH00793_B23GCKKLT3	tiamulin	pleuromutilin	No resistance	0	
155Cvs-CMPN001x76_260114_LH00793_B23GCKKLT3	carbomycin	macrolide	No resistance	0	
155Cvs-CMPN001x76_260114_LH00793_B23GCKKLT3	erythromycin	macrolide	Resistant	3	msr(D) (msr(D)_AF274302), mef(A) (mef(A)_U83667), erm(B) (erm(B)_U86375)
155Cvs-CMPN001x76_260114_LH00793_B23GCKKLT3	azithromycin	macrolide	Resistant	3	msr(D) (msr(D)_AF274302), mef(A) (mef(A)_U83667)
155Cvs-CMPN001x76_260114_LH00793_B23GCKKLT3	oleandomycin	macrolide	No resistance	0	
155Cvs-CMPN001x76_260114_LH00793_B23GCKKLT3	spiramycin	macrolide	No resistance	0	
155Cvs-CMPN001x76_260114_LH00793_B23GCKKLT3	tylosin	macrolide	No resistance	0	
155Cvs-CMPN001x76_260114_LH00793_B23GCKKLT3	telithromycin	macrolide	Resistant	3	msr(D) (msr(D)_AF274302)
155Cvs-CMPN001x76_260114_LH00793_B23GCKKLT3	tetracycline	tetracycline	Resistant	2	tet(M) (tet(M)_X75073)
155Cvs-CMPN001x76_260114_LH00793_B23GCKKLT3	doxycycline	tetracycline	Resistant	2	tet(M) (tet(M)_X75073)
155Cvs-CMPN001x76_260114_LH00793_B23GCKKLT3	minocycline	tetracycline	Resistant	2	tet(M) (tet(M)_X75073)
155Cvs-CMPN001x76_260114_LH00793_B23GCKKLT3	tigecycline	tetracycline	No resistance	0	
155Cvs-CMPN001x76_260114_LH00793_B23GCKKLT3	quinupristin	streptogramin b	Resistant	3	msr(D) (msr(D)_AF274302), erm(B) (erm(B)_U86375)
155Cvs-CMPN001x76_260114_LH00793_B23GCKKLT3	pristinamycin ia	streptogramin b	Resistant	3	msr(D) (msr(D)_AF274302), erm(B) (erm(B)_U86375)
155Cvs-CMPN001x76_260114_LH00793_B23GCKKLT3	virginiamycin s	streptogramin b	Resistant	3	msr(D) (msr(D)_AF274302), erm(B) (erm(B)_U86375)
155Cvs-CMPN001x76_260114_LH00793_B23GCKKLT3	linezolid	oxazolidinone	No resistance	0	
155Cvs-CMPN001x76_260114_LH00793_B23GCKKLT3	chloramphenicol	amphenicol	No resistance	0	
155Cvs-CMPN001x76_260114_LH00793_B23GCKKLT3	florfenicol	amphenicol	No resistance	0	
155Cvs-CMPN001x76_260114_LH00793_B23GCKKLT3	colistin	polymyxin	No resistance	0	
155Cvs-CMPN001x76_260114_LH00793_B23GCKKLT3	fusidic acid	steroid antibacterial	No resistance	0	
155Cvs-CMPN001x76_260114_LH00793_B23GCKKLT3	mupirocin	pseudomonic acid	No resistance	0	
155Cvs-CMPN001x76_260114_LH00793_B23GCKKLT3	rifampicin	rifamycin	No resistance	0	
155Cvs-CMPN001x76_260114_LH00793_B23GCKKLT3	metronidazole	nitroimidazole	No resistance	0	
155Cvs-CMPN001x76_260114_LH00793_B23GCKKLT3	narasin	ionophores	No resistance	0	
155Cvs-CMPN001x76_260114_LH00793_B23GCKKLT3	salinomycin	ionophores	No resistance	0	
155Cvs-CMPN001x76_260114_LH00793_B23GCKKLT3	maduramicin	ionophores	No resistance	0	
160Ap-CMPN001x77_260114_LH00793_B23GCKKLT3	gentamicin	aminoglycoside	No resistance	0	
160Ap-CMPN001x77_260114_LH00793_B23GCKKLT3	tobramycin	aminoglycoside	No resistance	0	
160Ap-CMPN001x77_260114_LH00793_B23GCKKLT3	streptomycin	aminoglycoside	No resistance	0	
160Ap-CMPN001x77_260114_LH00793_B23GCKKLT3	amikacin	aminoglycoside	No resistance	0	
160Ap-CMPN001x77_260114_LH00793_B23GCKKLT3	isepamicin	aminoglycoside	No resistance	0	
160Ap-CMPN001x77_260114_LH00793_B23GCKKLT3	dibekacin	aminoglycoside	No resistance	0	
160Ap-CMPN001x77_260114_LH00793_B23GCKKLT3	kanamycin	aminoglycoside	No resistance	0	
160Ap-CMPN001x77_260114_LH00793_B23GCKKLT3	neomycin	aminoglycoside	No resistance	0	
160Ap-CMPN001x77_260114_LH00793_B23GCKKLT3	lividomycin	aminoglycoside	No resistance	0	
160Ap-CMPN001x77_260114_LH00793_B23GCKKLT3	paromomycin	aminoglycoside	No resistance	0	
160Ap-CMPN001x77_260114_LH00793_B23GCKKLT3	ribostamycin	aminoglycoside	No resistance	0	
160Ap-CMPN001x77_260114_LH00793_B23GCKKLT3	unknown aminoglycoside	aminoglycoside	No resistance	0	
160Ap-CMPN001x77_260114_LH00793_B23GCKKLT3	butiromycin	aminoglycoside	No resistance	0	
160Ap-CMPN001x77_260114_LH00793_B23GCKKLT3	butirosin	aminoglycoside	No resistance	0	
160Ap-CMPN001x77_260114_LH00793_B23GCKKLT3	hygromycin	aminoglycoside	No resistance	0	
160Ap-CMPN001x77_260114_LH00793_B23GCKKLT3	netilmicin	aminoglycoside	No resistance	0	
160Ap-CMPN001x77_260114_LH00793_B23GCKKLT3	apramycin	aminoglycoside	No resistance	0	
160Ap-CMPN001x77_260114_LH00793_B23GCKKLT3	sisomicin	aminoglycoside	No resistance	0	
160Ap-CMPN001x77_260114_LH00793_B23GCKKLT3	arbekacin	aminoglycoside	No resistance	0	
160Ap-CMPN001x77_260114_LH00793_B23GCKKLT3	kasugamycin	aminoglycoside	No resistance	0	
160Ap-CMPN001x77_260114_LH00793_B23GCKKLT3	astromicin	aminoglycoside	No resistance	0	
160Ap-CMPN001x77_260114_LH00793_B23GCKKLT3	fortimicin	aminoglycoside	No resistance	0	
160Ap-CMPN001x77_260114_LH00793_B23GCKKLT3	spectinomycin	aminocyclitol	No resistance	0	
160Ap-CMPN001x77_260114_LH00793_B23GCKKLT3	fluoroquinolone	quinolone	No resistance	0	
160Ap-CMPN001x77_260114_LH00793_B23GCKKLT3	ciprofloxacin	quinolone	No resistance	0	
160Ap-CMPN001x77_260114_LH00793_B23GCKKLT3	unknown quinolone	quinolone	No resistance	0	
160Ap-CMPN001x77_260114_LH00793_B23GCKKLT3	nalidixic acid	quinolone	No resistance	0	
160Ap-CMPN001x77_260114_LH00793_B23GCKKLT3	amoxicillin	beta-lactam	No resistance	0	
160Ap-CMPN001x77_260114_LH00793_B23GCKKLT3	amoxicillin+clavulanic acid	beta-lactam	No resistance	0	
160Ap-CMPN001x77_260114_LH00793_B23GCKKLT3	ampicillin	beta-lactam	No resistance	0	
160Ap-CMPN001x77_260114_LH00793_B23GCKKLT3	ampicillin+clavulanic acid	beta-lactam	No resistance	0	
160Ap-CMPN001x77_260114_LH00793_B23GCKKLT3	cefepime	beta-lactam	No resistance	0	
160Ap-CMPN001x77_260114_LH00793_B23GCKKLT3	cefixime	beta-lactam	No resistance	0	
160Ap-CMPN001x77_260114_LH00793_B23GCKKLT3	cefotaxime	beta-lactam	No resistance	0	
160Ap-CMPN001x77_260114_LH00793_B23GCKKLT3	cefoxitin	beta-lactam	No resistance	0	
160Ap-CMPN001x77_260114_LH00793_B23GCKKLT3	ceftazidime	beta-lactam	No resistance	0	
160Ap-CMPN001x77_260114_LH00793_B23GCKKLT3	ertapenem	beta-lactam	No resistance	0	
160Ap-CMPN001x77_260114_LH00793_B23GCKKLT3	imipenem	beta-lactam	No resistance	0	
160Ap-CMPN001x77_260114_LH00793_B23GCKKLT3	meropenem	beta-lactam	No resistance	0	
160Ap-CMPN001x77_260114_LH00793_B23GCKKLT3	piperacillin	beta-lactam	No resistance	0	
160Ap-CMPN001x77_260114_LH00793_B23GCKKLT3	piperacillin+tazobactam	beta-lactam	No resistance	0	
160Ap-CMPN001x77_260114_LH00793_B23GCKKLT3	unknown beta-lactam	beta-lactam	No resistance	0	
160Ap-CMPN001x77_260114_LH00793_B23GCKKLT3	aztreonam	beta-lactam	No resistance	0	
160Ap-CMPN001x77_260114_LH00793_B23GCKKLT3	cefotaxime+clavulanic acid	beta-lactam	No resistance	0	
160Ap-CMPN001x77_260114_LH00793_B23GCKKLT3	temocillin	beta-lactam	No resistance	0	
160Ap-CMPN001x77_260114_LH00793_B23GCKKLT3	ticarcillin	beta-lactam	No resistance	0	
160Ap-CMPN001x77_260114_LH00793_B23GCKKLT3	ceftazidime+avibactam	beta-lactam	No resistance	0	
160Ap-CMPN001x77_260114_LH00793_B23GCKKLT3	penicillin	beta-lactam	No resistance	0	
160Ap-CMPN001x77_260114_LH00793_B23GCKKLT3	ceftriaxone	beta-lactam	No resistance	0	
160Ap-CMPN001x77_260114_LH00793_B23GCKKLT3	ticarcillin+clavulanic acid	beta-lactam	No resistance	0	
160Ap-CMPN001x77_260114_LH00793_B23GCKKLT3	cephalothin	beta-lactam	No resistance	0	
160Ap-CMPN001x77_260114_LH00793_B23GCKKLT3	piperacillin+clavulanic acid	beta-lactam	No resistance	0	
160Ap-CMPN001x77_260114_LH00793_B23GCKKLT3	ceftiofur	under_development	No resistance	0	
160Ap-CMPN001x77_260114_LH00793_B23GCKKLT3	sulfamethoxazole	folate pathway antagonist	No resistance	0	
160Ap-CMPN001x77_260114_LH00793_B23GCKKLT3	trimethoprim	folate pathway antagonist	No resistance	0	
160Ap-CMPN001x77_260114_LH00793_B23GCKKLT3	fosfomycin	fosfomycin	No resistance	0	
160Ap-CMPN001x77_260114_LH00793_B23GCKKLT3	vancomycin	glycopeptide	No resistance	0	
160Ap-CMPN001x77_260114_LH00793_B23GCKKLT3	teicoplanin	glycopeptide	No resistance	0	
160Ap-CMPN001x77_260114_LH00793_B23GCKKLT3	bleomycin	glycopeptide	No resistance	0	
160Ap-CMPN001x77_260114_LH00793_B23GCKKLT3	lincomycin	lincosamide	No resistance	0	
160Ap-CMPN001x77_260114_LH00793_B23GCKKLT3	clindamycin	lincosamide	No resistance	0	
160Ap-CMPN001x77_260114_LH00793_B23GCKKLT3	dalfopristin	streptogramin a	No resistance	0	
160Ap-CMPN001x77_260114_LH00793_B23GCKKLT3	pristinamycin iia	streptogramin a	No resistance	0	
160Ap-CMPN001x77_260114_LH00793_B23GCKKLT3	virginiamycin m	streptogramin a	No resistance	0	
160Ap-CMPN001x77_260114_LH00793_B23GCKKLT3	quinupristin+dalfopristin	streptogramin a	No resistance	0	
160Ap-CMPN001x77_260114_LH00793_B23GCKKLT3	tiamulin	pleuromutilin	No resistance	0	
160Ap-CMPN001x77_260114_LH00793_B23GCKKLT3	carbomycin	macrolide	No resistance	0	
160Ap-CMPN001x77_260114_LH00793_B23GCKKLT3	erythromycin	macrolide	Resistant	3	msr(D) (msr(D)_AF274302), mef(A) (mef(A)_U83667)
160Ap-CMPN001x77_260114_LH00793_B23GCKKLT3	azithromycin	macrolide	Resistant	3	msr(D) (msr(D)_AF274302), mef(A) (mef(A)_U83667)
160Ap-CMPN001x77_260114_LH00793_B23GCKKLT3	oleandomycin	macrolide	No resistance	0	
160Ap-CMPN001x77_260114_LH00793_B23GCKKLT3	spiramycin	macrolide	No resistance	0	
160Ap-CMPN001x77_260114_LH00793_B23GCKKLT3	tylosin	macrolide	No resistance	0	
160Ap-CMPN001x77_260114_LH00793_B23GCKKLT3	telithromycin	macrolide	Resistant	2	msr(D) (msr(D)_AF274302)
160Ap-CMPN001x77_260114_LH00793_B23GCKKLT3	tetracycline	tetracycline	Resistant	2	tetA(46) (tetA(46)_HQ652506), tetB(46) (tetB(46)_HQ652506)
160Ap-CMPN001x77_260114_LH00793_B23GCKKLT3	doxycycline	tetracycline	Resistant	2	tetA(46) (tetA(46)_HQ652506), tetB(46) (tetB(46)_HQ652506)
160Ap-CMPN001x77_260114_LH00793_B23GCKKLT3	minocycline	tetracycline	No resistance	0	
160Ap-CMPN001x77_260114_LH00793_B23GCKKLT3	tigecycline	tetracycline	Resistant	2	tetA(46) (tetA(46)_HQ652506), tetB(46) (tetB(46)_HQ652506)
160Ap-CMPN001x77_260114_LH00793_B23GCKKLT3	quinupristin	streptogramin b	Resistant	2	msr(D) (msr(D)_AF274302)
160Ap-CMPN001x77_260114_LH00793_B23GCKKLT3	pristinamycin ia	streptogramin b	Resistant	2	msr(D) (msr(D)_AF274302)
160Ap-CMPN001x77_260114_LH00793_B23GCKKLT3	virginiamycin s	streptogramin b	Resistant	2	msr(D) (msr(D)_AF274302)
160Ap-CMPN001x77_260114_LH00793_B23GCKKLT3	linezolid	oxazolidinone	No resistance	0	
160Ap-CMPN001x77_260114_LH00793_B23GCKKLT3	chloramphenicol	amphenicol	No resistance	0	
160Ap-CMPN001x77_260114_LH00793_B23GCKKLT3	florfenicol	amphenicol	No resistance	0	
160Ap-CMPN001x77_260114_LH00793_B23GCKKLT3	colistin	polymyxin	No resistance	0	
160Ap-CMPN001x77_260114_LH00793_B23GCKKLT3	fusidic acid	steroid antibacterial	No resistance	0	
160Ap-CMPN001x77_260114_LH00793_B23GCKKLT3	mupirocin	pseudomonic acid	No resistance	0	
160Ap-CMPN001x77_260114_LH00793_B23GCKKLT3	rifampicin	rifamycin	No resistance	0	
160Ap-CMPN001x77_260114_LH00793_B23GCKKLT3	metronidazole	nitroimidazole	No resistance	0	
160Ap-CMPN001x77_260114_LH00793_B23GCKKLT3	narasin	ionophores	No resistance	0	
160Ap-CMPN001x77_260114_LH00793_B23GCKKLT3	salinomycin	ionophores	No resistance	0	
160Ap-CMPN001x77_260114_LH00793_B23GCKKLT3	maduramicin	ionophores	No resistance	0	
55Csv-CMPN001x05_260114_LH00793_B23GCKKLT3	gentamicin	aminoglycoside	No resistance	0	
55Csv-CMPN001x05_260114_LH00793_B23GCKKLT3	tobramycin	aminoglycoside	No resistance	0	
55Csv-CMPN001x05_260114_LH00793_B23GCKKLT3	streptomycin	aminoglycoside	No resistance	0	
55Csv-CMPN001x05_260114_LH00793_B23GCKKLT3	amikacin	aminoglycoside	No resistance	0	
55Csv-CMPN001x05_260114_LH00793_B23GCKKLT3	isepamicin	aminoglycoside	No resistance	0	
55Csv-CMPN001x05_260114_LH00793_B23GCKKLT3	dibekacin	aminoglycoside	No resistance	0	
55Csv-CMPN001x05_260114_LH00793_B23GCKKLT3	kanamycin	aminoglycoside	No resistance	0	
55Csv-CMPN001x05_260114_LH00793_B23GCKKLT3	neomycin	aminoglycoside	No resistance	0	
55Csv-CMPN001x05_260114_LH00793_B23GCKKLT3	lividomycin	aminoglycoside	No resistance	0	
55Csv-CMPN001x05_260114_LH00793_B23GCKKLT3	paromomycin	aminoglycoside	No resistance	0	
55Csv-CMPN001x05_260114_LH00793_B23GCKKLT3	ribostamycin	aminoglycoside	No resistance	0	
55Csv-CMPN001x05_260114_LH00793_B23GCKKLT3	unknown aminoglycoside	aminoglycoside	No resistance	0	
55Csv-CMPN001x05_260114_LH00793_B23GCKKLT3	butiromycin	aminoglycoside	No resistance	0	
55Csv-CMPN001x05_260114_LH00793_B23GCKKLT3	butirosin	aminoglycoside	No resistance	0	
55Csv-CMPN001x05_260114_LH00793_B23GCKKLT3	hygromycin	aminoglycoside	No resistance	0	
55Csv-CMPN001x05_260114_LH00793_B23GCKKLT3	netilmicin	aminoglycoside	No resistance	0	
55Csv-CMPN001x05_260114_LH00793_B23GCKKLT3	apramycin	aminoglycoside	No resistance	0	
55Csv-CMPN001x05_260114_LH00793_B23GCKKLT3	sisomicin	aminoglycoside	No resistance	0	
55Csv-CMPN001x05_260114_LH00793_B23GCKKLT3	arbekacin	aminoglycoside	No resistance	0	
55Csv-CMPN001x05_260114_LH00793_B23GCKKLT3	kasugamycin	aminoglycoside	No resistance	0	
55Csv-CMPN001x05_260114_LH00793_B23GCKKLT3	astromicin	aminoglycoside	No resistance	0	
55Csv-CMPN001x05_260114_LH00793_B23GCKKLT3	fortimicin	aminoglycoside	No resistance	0	
55Csv-CMPN001x05_260114_LH00793_B23GCKKLT3	spectinomycin	aminocyclitol	No resistance	0	
55Csv-CMPN001x05_260114_LH00793_B23GCKKLT3	fluoroquinolone	quinolone	No resistance	0	
55Csv-CMPN001x05_260114_LH00793_B23GCKKLT3	ciprofloxacin	quinolone	No resistance	0	
55Csv-CMPN001x05_260114_LH00793_B23GCKKLT3	unknown quinolone	quinolone	No resistance	0	
55Csv-CMPN001x05_260114_LH00793_B23GCKKLT3	nalidixic acid	quinolone	No resistance	0	
55Csv-CMPN001x05_260114_LH00793_B23GCKKLT3	amoxicillin	beta-lactam	No resistance	0	
55Csv-CMPN001x05_260114_LH00793_B23GCKKLT3	amoxicillin+clavulanic acid	beta-lactam	No resistance	0	
55Csv-CMPN001x05_260114_LH00793_B23GCKKLT3	ampicillin	beta-lactam	No resistance	0	
55Csv-CMPN001x05_260114_LH00793_B23GCKKLT3	ampicillin+clavulanic acid	beta-lactam	No resistance	0	
55Csv-CMPN001x05_260114_LH00793_B23GCKKLT3	cefepime	beta-lactam	No resistance	0	
55Csv-CMPN001x05_260114_LH00793_B23GCKKLT3	cefixime	beta-lactam	No resistance	0	
55Csv-CMPN001x05_260114_LH00793_B23GCKKLT3	cefotaxime	beta-lactam	No resistance	0	
55Csv-CMPN001x05_260114_LH00793_B23GCKKLT3	cefoxitin	beta-lactam	No resistance	0	
55Csv-CMPN001x05_260114_LH00793_B23GCKKLT3	ceftazidime	beta-lactam	No resistance	0	
55Csv-CMPN001x05_260114_LH00793_B23GCKKLT3	ertapenem	beta-lactam	No resistance	0	
55Csv-CMPN001x05_260114_LH00793_B23GCKKLT3	imipenem	beta-lactam	No resistance	0	
55Csv-CMPN001x05_260114_LH00793_B23GCKKLT3	meropenem	beta-lactam	No resistance	0	
55Csv-CMPN001x05_260114_LH00793_B23GCKKLT3	piperacillin	beta-lactam	No resistance	0	
55Csv-CMPN001x05_260114_LH00793_B23GCKKLT3	piperacillin+tazobactam	beta-lactam	No resistance	0	
55Csv-CMPN001x05_260114_LH00793_B23GCKKLT3	unknown beta-lactam	beta-lactam	No resistance	0	
55Csv-CMPN001x05_260114_LH00793_B23GCKKLT3	aztreonam	beta-lactam	No resistance	0	
55Csv-CMPN001x05_260114_LH00793_B23GCKKLT3	cefotaxime+clavulanic acid	beta-lactam	No resistance	0	
55Csv-CMPN001x05_260114_LH00793_B23GCKKLT3	temocillin	beta-lactam	No resistance	0	
55Csv-CMPN001x05_260114_LH00793_B23GCKKLT3	ticarcillin	beta-lactam	No resistance	0	
55Csv-CMPN001x05_260114_LH00793_B23GCKKLT3	ceftazidime+avibactam	beta-lactam	No resistance	0	
55Csv-CMPN001x05_260114_LH00793_B23GCKKLT3	penicillin	beta-lactam	No resistance	0	
55Csv-CMPN001x05_260114_LH00793_B23GCKKLT3	ceftriaxone	beta-lactam	No resistance	0	
55Csv-CMPN001x05_260114_LH00793_B23GCKKLT3	ticarcillin+clavulanic acid	beta-lactam	No resistance	0	
55Csv-CMPN001x05_260114_LH00793_B23GCKKLT3	cephalothin	beta-lactam	No resistance	0	
55Csv-CMPN001x05_260114_LH00793_B23GCKKLT3	piperacillin+clavulanic acid	beta-lactam	No resistance	0	
55Csv-CMPN001x05_260114_LH00793_B23GCKKLT3	ceftiofur	under_development	No resistance	0	
55Csv-CMPN001x05_260114_LH00793_B23GCKKLT3	sulfamethoxazole	folate pathway antagonist	No resistance	0	
55Csv-CMPN001x05_260114_LH00793_B23GCKKLT3	trimethoprim	folate pathway antagonist	No resistance	0	
55Csv-CMPN001x05_260114_LH00793_B23GCKKLT3	fosfomycin	fosfomycin	No resistance	0	
55Csv-CMPN001x05_260114_LH00793_B23GCKKLT3	vancomycin	glycopeptide	No resistance	0	
55Csv-CMPN001x05_260114_LH00793_B23GCKKLT3	teicoplanin	glycopeptide	No resistance	0	
55Csv-CMPN001x05_260114_LH00793_B23GCKKLT3	bleomycin	glycopeptide	No resistance	0	
55Csv-CMPN001x05_260114_LH00793_B23GCKKLT3	lincomycin	lincosamide	Resistant	3	erm(B) (erm(B)_U86375)
55Csv-CMPN001x05_260114_LH00793_B23GCKKLT3	clindamycin	lincosamide	Resistant	3	erm(B) (erm(B)_U86375)
55Csv-CMPN001x05_260114_LH00793_B23GCKKLT3	dalfopristin	streptogramin a	No resistance	0	
55Csv-CMPN001x05_260114_LH00793_B23GCKKLT3	pristinamycin iia	streptogramin a	No resistance	0	
55Csv-CMPN001x05_260114_LH00793_B23GCKKLT3	virginiamycin m	streptogramin a	No resistance	0	
55Csv-CMPN001x05_260114_LH00793_B23GCKKLT3	quinupristin+dalfopristin	streptogramin a	No resistance	0	
55Csv-CMPN001x05_260114_LH00793_B23GCKKLT3	tiamulin	pleuromutilin	No resistance	0	
55Csv-CMPN001x05_260114_LH00793_B23GCKKLT3	carbomycin	macrolide	No resistance	0	
55Csv-CMPN001x05_260114_LH00793_B23GCKKLT3	erythromycin	macrolide	Resistant	3	erm(B) (erm(B)_U86375)
55Csv-CMPN001x05_260114_LH00793_B23GCKKLT3	azithromycin	macrolide	No resistance	0	
55Csv-CMPN001x05_260114_LH00793_B23GCKKLT3	oleandomycin	macrolide	No resistance	0	
55Csv-CMPN001x05_260114_LH00793_B23GCKKLT3	spiramycin	macrolide	No resistance	0	
55Csv-CMPN001x05_260114_LH00793_B23GCKKLT3	tylosin	macrolide	No resistance	0	
55Csv-CMPN001x05_260114_LH00793_B23GCKKLT3	telithromycin	macrolide	No resistance	0	
55Csv-CMPN001x05_260114_LH00793_B23GCKKLT3	tetracycline	tetracycline	Resistant	2	tet(M) (tet(M)_X92947)
55Csv-CMPN001x05_260114_LH00793_B23GCKKLT3	doxycycline	tetracycline	Resistant	2	tet(M) (tet(M)_X92947)
55Csv-CMPN001x05_260114_LH00793_B23GCKKLT3	minocycline	tetracycline	Resistant	2	tet(M) (tet(M)_X92947)
55Csv-CMPN001x05_260114_LH00793_B23GCKKLT3	tigecycline	tetracycline	No resistance	0	
55Csv-CMPN001x05_260114_LH00793_B23GCKKLT3	quinupristin	streptogramin b	Resistant	3	erm(B) (erm(B)_U86375)
55Csv-CMPN001x05_260114_LH00793_B23GCKKLT3	pristinamycin ia	streptogramin b	Resistant	3	erm(B) (erm(B)_U86375)
55Csv-CMPN001x05_260114_LH00793_B23GCKKLT3	virginiamycin s	streptogramin b	Resistant	3	erm(B) (erm(B)_U86375)
55Csv-CMPN001x05_260114_LH00793_B23GCKKLT3	linezolid	oxazolidinone	No resistance	0	
55Csv-CMPN001x05_260114_LH00793_B23GCKKLT3	chloramphenicol	amphenicol	No resistance	0	
55Csv-CMPN001x05_260114_LH00793_B23GCKKLT3	florfenicol	amphenicol	No resistance	0	
55Csv-CMPN001x05_260114_LH00793_B23GCKKLT3	colistin	polymyxin	No resistance	0	
55Csv-CMPN001x05_260114_LH00793_B23GCKKLT3	fusidic acid	steroid antibacterial	No resistance	0	
55Csv-CMPN001x05_260114_LH00793_B23GCKKLT3	mupirocin	pseudomonic acid	No resistance	0	
55Csv-CMPN001x05_260114_LH00793_B23GCKKLT3	rifampicin	rifamycin	No resistance	0	
55Csv-CMPN001x05_260114_LH00793_B23GCKKLT3	metronidazole	nitroimidazole	No resistance	0	
55Csv-CMPN001x05_260114_LH00793_B23GCKKLT3	narasin	ionophores	No resistance	0	
55Csv-CMPN001x05_260114_LH00793_B23GCKKLT3	salinomycin	ionophores	No resistance	0	
55Csv-CMPN001x05_260114_LH00793_B23GCKKLT3	maduramicin	ionophores	No resistance	0	
90Pim-CMPN001x42_260114_LH00793_B23GCKKLT3	gentamicin	aminoglycoside	No resistance	0	
90Pim-CMPN001x42_260114_LH00793_B23GCKKLT3	tobramycin	aminoglycoside	No resistance	0	
90Pim-CMPN001x42_260114_LH00793_B23GCKKLT3	streptomycin	aminoglycoside	No resistance	0	
90Pim-CMPN001x42_260114_LH00793_B23GCKKLT3	amikacin	aminoglycoside	No resistance	0	
90Pim-CMPN001x42_260114_LH00793_B23GCKKLT3	isepamicin	aminoglycoside	No resistance	0	
90Pim-CMPN001x42_260114_LH00793_B23GCKKLT3	dibekacin	aminoglycoside	No resistance	0	
90Pim-CMPN001x42_260114_LH00793_B23GCKKLT3	kanamycin	aminoglycoside	No resistance	0	
90Pim-CMPN001x42_260114_LH00793_B23GCKKLT3	neomycin	aminoglycoside	No resistance	0	
90Pim-CMPN001x42_260114_LH00793_B23GCKKLT3	lividomycin	aminoglycoside	No resistance	0	
90Pim-CMPN001x42_260114_LH00793_B23GCKKLT3	paromomycin	aminoglycoside	No resistance	0	
90Pim-CMPN001x42_260114_LH00793_B23GCKKLT3	ribostamycin	aminoglycoside	No resistance	0	
90Pim-CMPN001x42_260114_LH00793_B23GCKKLT3	unknown aminoglycoside	aminoglycoside	No resistance	0	
90Pim-CMPN001x42_260114_LH00793_B23GCKKLT3	butiromycin	aminoglycoside	No resistance	0	
90Pim-CMPN001x42_260114_LH00793_B23GCKKLT3	butirosin	aminoglycoside	No resistance	0	
90Pim-CMPN001x42_260114_LH00793_B23GCKKLT3	hygromycin	aminoglycoside	No resistance	0	
90Pim-CMPN001x42_260114_LH00793_B23GCKKLT3	netilmicin	aminoglycoside	No resistance	0	
90Pim-CMPN001x42_260114_LH00793_B23GCKKLT3	apramycin	aminoglycoside	No resistance	0	
90Pim-CMPN001x42_260114_LH00793_B23GCKKLT3	sisomicin	aminoglycoside	No resistance	0	
90Pim-CMPN001x42_260114_LH00793_B23GCKKLT3	arbekacin	aminoglycoside	No resistance	0	
90Pim-CMPN001x42_260114_LH00793_B23GCKKLT3	kasugamycin	aminoglycoside	No resistance	0	
90Pim-CMPN001x42_260114_LH00793_B23GCKKLT3	astromicin	aminoglycoside	No resistance	0	
90Pim-CMPN001x42_260114_LH00793_B23GCKKLT3	fortimicin	aminoglycoside	No resistance	0	
90Pim-CMPN001x42_260114_LH00793_B23GCKKLT3	spectinomycin	aminocyclitol	No resistance	0	
90Pim-CMPN001x42_260114_LH00793_B23GCKKLT3	fluoroquinolone	quinolone	No resistance	0	
90Pim-CMPN001x42_260114_LH00793_B23GCKKLT3	ciprofloxacin	quinolone	No resistance	0	
90Pim-CMPN001x42_260114_LH00793_B23GCKKLT3	unknown quinolone	quinolone	No resistance	0	
90Pim-CMPN001x42_260114_LH00793_B23GCKKLT3	nalidixic acid	quinolone	No resistance	0	
90Pim-CMPN001x42_260114_LH00793_B23GCKKLT3	amoxicillin	beta-lactam	No resistance	0	
90Pim-CMPN001x42_260114_LH00793_B23GCKKLT3	amoxicillin+clavulanic acid	beta-lactam	No resistance	0	
90Pim-CMPN001x42_260114_LH00793_B23GCKKLT3	ampicillin	beta-lactam	No resistance	0	
90Pim-CMPN001x42_260114_LH00793_B23GCKKLT3	ampicillin+clavulanic acid	beta-lactam	No resistance	0	
90Pim-CMPN001x42_260114_LH00793_B23GCKKLT3	cefepime	beta-lactam	No resistance	0	
90Pim-CMPN001x42_260114_LH00793_B23GCKKLT3	cefixime	beta-lactam	No resistance	0	
90Pim-CMPN001x42_260114_LH00793_B23GCKKLT3	cefotaxime	beta-lactam	No resistance	0	
90Pim-CMPN001x42_260114_LH00793_B23GCKKLT3	cefoxitin	beta-lactam	No resistance	0	
90Pim-CMPN001x42_260114_LH00793_B23GCKKLT3	ceftazidime	beta-lactam	No resistance	0	
90Pim-CMPN001x42_260114_LH00793_B23GCKKLT3	ertapenem	beta-lactam	No resistance	0	
90Pim-CMPN001x42_260114_LH00793_B23GCKKLT3	imipenem	beta-lactam	No resistance	0	
90Pim-CMPN001x42_260114_LH00793_B23GCKKLT3	meropenem	beta-lactam	No resistance	0	
90Pim-CMPN001x42_260114_LH00793_B23GCKKLT3	piperacillin	beta-lactam	No resistance	0	
90Pim-CMPN001x42_260114_LH00793_B23GCKKLT3	piperacillin+tazobactam	beta-lactam	No resistance	0	
90Pim-CMPN001x42_260114_LH00793_B23GCKKLT3	unknown beta-lactam	beta-lactam	No resistance	0	
90Pim-CMPN001x42_260114_LH00793_B23GCKKLT3	aztreonam	beta-lactam	No resistance	0	
90Pim-CMPN001x42_260114_LH00793_B23GCKKLT3	cefotaxime+clavulanic acid	beta-lactam	No resistance	0	
90Pim-CMPN001x42_260114_LH00793_B23GCKKLT3	temocillin	beta-lactam	No resistance	0	
90Pim-CMPN001x42_260114_LH00793_B23GCKKLT3	ticarcillin	beta-lactam	No resistance	0	
90Pim-CMPN001x42_260114_LH00793_B23GCKKLT3	ceftazidime+avibactam	beta-lactam	No resistance	0	
90Pim-CMPN001x42_260114_LH00793_B23GCKKLT3	penicillin	beta-lactam	No resistance	0	
90Pim-CMPN001x42_260114_LH00793_B23GCKKLT3	ceftriaxone	beta-lactam	No resistance	0	
90Pim-CMPN001x42_260114_LH00793_B23GCKKLT3	ticarcillin+clavulanic acid	beta-lactam	No resistance	0	
90Pim-CMPN001x42_260114_LH00793_B23GCKKLT3	cephalothin	beta-lactam	No resistance	0	
90Pim-CMPN001x42_260114_LH00793_B23GCKKLT3	piperacillin+clavulanic acid	beta-lactam	No resistance	0	
90Pim-CMPN001x42_260114_LH00793_B23GCKKLT3	ceftiofur	under_development	No resistance	0	
90Pim-CMPN001x42_260114_LH00793_B23GCKKLT3	sulfamethoxazole	folate pathway antagonist	No resistance	0	
90Pim-CMPN001x42_260114_LH00793_B23GCKKLT3	trimethoprim	folate pathway antagonist	No resistance	0	
90Pim-CMPN001x42_260114_LH00793_B23GCKKLT3	fosfomycin	fosfomycin	No resistance	0	
90Pim-CMPN001x42_260114_LH00793_B23GCKKLT3	vancomycin	glycopeptide	No resistance	0	
90Pim-CMPN001x42_260114_LH00793_B23GCKKLT3	teicoplanin	glycopeptide	No resistance	0	
90Pim-CMPN001x42_260114_LH00793_B23GCKKLT3	bleomycin	glycopeptide	No resistance	0	
90Pim-CMPN001x42_260114_LH00793_B23GCKKLT3	lincomycin	lincosamide	No resistance	0	
90Pim-CMPN001x42_260114_LH00793_B23GCKKLT3	clindamycin	lincosamide	No resistance	0	
90Pim-CMPN001x42_260114_LH00793_B23GCKKLT3	dalfopristin	streptogramin a	No resistance	0	
90Pim-CMPN001x42_260114_LH00793_B23GCKKLT3	pristinamycin iia	streptogramin a	No resistance	0	
90Pim-CMPN001x42_260114_LH00793_B23GCKKLT3	virginiamycin m	streptogramin a	No resistance	0	
90Pim-CMPN001x42_260114_LH00793_B23GCKKLT3	quinupristin+dalfopristin	streptogramin a	No resistance	0	
90Pim-CMPN001x42_260114_LH00793_B23GCKKLT3	tiamulin	pleuromutilin	No resistance	0	
90Pim-CMPN001x42_260114_LH00793_B23GCKKLT3	carbomycin	macrolide	No resistance	0	
90Pim-CMPN001x42_260114_LH00793_B23GCKKLT3	erythromycin	macrolide	No resistance	0	
90Pim-CMPN001x42_260114_LH00793_B23GCKKLT3	azithromycin	macrolide	No resistance	0	
90Pim-CMPN001x42_260114_LH00793_B23GCKKLT3	oleandomycin	macrolide	No resistance	0	
90Pim-CMPN001x42_260114_LH00793_B23GCKKLT3	spiramycin	macrolide	No resistance	0	
90Pim-CMPN001x42_260114_LH00793_B23GCKKLT3	tylosin	macrolide	No resistance	0	
90Pim-CMPN001x42_260114_LH00793_B23GCKKLT3	telithromycin	macrolide	No resistance	0	
90Pim-CMPN001x42_260114_LH00793_B23GCKKLT3	tetracycline	tetracycline	No resistance	0	
90Pim-CMPN001x42_260114_LH00793_B23GCKKLT3	doxycycline	tetracycline	No resistance	0	
90Pim-CMPN001x42_260114_LH00793_B23GCKKLT3	minocycline	tetracycline	No resistance	0	
90Pim-CMPN001x42_260114_LH00793_B23GCKKLT3	tigecycline	tetracycline	No resistance	0	
90Pim-CMPN001x42_260114_LH00793_B23GCKKLT3	quinupristin	streptogramin b	No resistance	0	
90Pim-CMPN001x42_260114_LH00793_B23GCKKLT3	pristinamycin ia	streptogramin b	No resistance	0	
90Pim-CMPN001x42_260114_LH00793_B23GCKKLT3	virginiamycin s	streptogramin b	No resistance	0	
90Pim-CMPN001x42_260114_LH00793_B23GCKKLT3	linezolid	oxazolidinone	No resistance	0	
90Pim-CMPN001x42_260114_LH00793_B23GCKKLT3	chloramphenicol	amphenicol	No resistance	0	
90Pim-CMPN001x42_260114_LH00793_B23GCKKLT3	florfenicol	amphenicol	No resistance	0	
90Pim-CMPN001x42_260114_LH00793_B23GCKKLT3	colistin	polymyxin	No resistance	0	
90Pim-CMPN001x42_260114_LH00793_B23GCKKLT3	fusidic acid	steroid antibacterial	No resistance	0	
90Pim-CMPN001x42_260114_LH00793_B23GCKKLT3	mupirocin	pseudomonic acid	No resistance	0	
90Pim-CMPN001x42_260114_LH00793_B23GCKKLT3	rifampicin	rifamycin	No resistance	0	
90Pim-CMPN001x42_260114_LH00793_B23GCKKLT3	metronidazole	nitroimidazole	No resistance	0	
90Pim-CMPN001x42_260114_LH00793_B23GCKKLT3	narasin	ionophores	No resistance	0	
90Pim-CMPN001x42_260114_LH00793_B23GCKKLT3	salinomycin	ionophores	No resistance	0	
90Pim-CMPN001x42_260114_LH00793_B23GCKKLT3	maduramicin	ionophores	No resistance	0	
91Csv-CMPN001x13_260114_LH00793_B23GCKKLT3	gentamicin	aminoglycoside	No resistance	0	
91Csv-CMPN001x13_260114_LH00793_B23GCKKLT3	tobramycin	aminoglycoside	No resistance	0	
91Csv-CMPN001x13_260114_LH00793_B23GCKKLT3	streptomycin	aminoglycoside	No resistance	0	
91Csv-CMPN001x13_260114_LH00793_B23GCKKLT3	amikacin	aminoglycoside	No resistance	0	
91Csv-CMPN001x13_260114_LH00793_B23GCKKLT3	isepamicin	aminoglycoside	No resistance	0	
91Csv-CMPN001x13_260114_LH00793_B23GCKKLT3	dibekacin	aminoglycoside	No resistance	0	
91Csv-CMPN001x13_260114_LH00793_B23GCKKLT3	kanamycin	aminoglycoside	No resistance	0	
91Csv-CMPN001x13_260114_LH00793_B23GCKKLT3	neomycin	aminoglycoside	No resistance	0	
91Csv-CMPN001x13_260114_LH00793_B23GCKKLT3	lividomycin	aminoglycoside	No resistance	0	
91Csv-CMPN001x13_260114_LH00793_B23GCKKLT3	paromomycin	aminoglycoside	No resistance	0	
91Csv-CMPN001x13_260114_LH00793_B23GCKKLT3	ribostamycin	aminoglycoside	No resistance	0	
91Csv-CMPN001x13_260114_LH00793_B23GCKKLT3	unknown aminoglycoside	aminoglycoside	No resistance	0	
91Csv-CMPN001x13_260114_LH00793_B23GCKKLT3	butiromycin	aminoglycoside	No resistance	0	
91Csv-CMPN001x13_260114_LH00793_B23GCKKLT3	butirosin	aminoglycoside	No resistance	0	
91Csv-CMPN001x13_260114_LH00793_B23GCKKLT3	hygromycin	aminoglycoside	No resistance	0	
91Csv-CMPN001x13_260114_LH00793_B23GCKKLT3	netilmicin	aminoglycoside	No resistance	0	
91Csv-CMPN001x13_260114_LH00793_B23GCKKLT3	apramycin	aminoglycoside	No resistance	0	
91Csv-CMPN001x13_260114_LH00793_B23GCKKLT3	sisomicin	aminoglycoside	No resistance	0	
91Csv-CMPN001x13_260114_LH00793_B23GCKKLT3	arbekacin	aminoglycoside	No resistance	0	
91Csv-CMPN001x13_260114_LH00793_B23GCKKLT3	kasugamycin	aminoglycoside	No resistance	0	
91Csv-CMPN001x13_260114_LH00793_B23GCKKLT3	astromicin	aminoglycoside	No resistance	0	
91Csv-CMPN001x13_260114_LH00793_B23GCKKLT3	fortimicin	aminoglycoside	No resistance	0	
91Csv-CMPN001x13_260114_LH00793_B23GCKKLT3	spectinomycin	aminocyclitol	No resistance	0	
91Csv-CMPN001x13_260114_LH00793_B23GCKKLT3	fluoroquinolone	quinolone	No resistance	0	
91Csv-CMPN001x13_260114_LH00793_B23GCKKLT3	ciprofloxacin	quinolone	No resistance	0	
91Csv-CMPN001x13_260114_LH00793_B23GCKKLT3	unknown quinolone	quinolone	No resistance	0	
91Csv-CMPN001x13_260114_LH00793_B23GCKKLT3	nalidixic acid	quinolone	No resistance	0	
91Csv-CMPN001x13_260114_LH00793_B23GCKKLT3	amoxicillin	beta-lactam	No resistance	0	
91Csv-CMPN001x13_260114_LH00793_B23GCKKLT3	amoxicillin+clavulanic acid	beta-lactam	No resistance	0	
91Csv-CMPN001x13_260114_LH00793_B23GCKKLT3	ampicillin	beta-lactam	No resistance	0	
91Csv-CMPN001x13_260114_LH00793_B23GCKKLT3	ampicillin+clavulanic acid	beta-lactam	No resistance	0	
91Csv-CMPN001x13_260114_LH00793_B23GCKKLT3	cefepime	beta-lactam	No resistance	0	
91Csv-CMPN001x13_260114_LH00793_B23GCKKLT3	cefixime	beta-lactam	No resistance	0	
91Csv-CMPN001x13_260114_LH00793_B23GCKKLT3	cefotaxime	beta-lactam	No resistance	0	
91Csv-CMPN001x13_260114_LH00793_B23GCKKLT3	cefoxitin	beta-lactam	No resistance	0	
91Csv-CMPN001x13_260114_LH00793_B23GCKKLT3	ceftazidime	beta-lactam	No resistance	0	
91Csv-CMPN001x13_260114_LH00793_B23GCKKLT3	ertapenem	beta-lactam	No resistance	0	
91Csv-CMPN001x13_260114_LH00793_B23GCKKLT3	imipenem	beta-lactam	No resistance	0	
91Csv-CMPN001x13_260114_LH00793_B23GCKKLT3	meropenem	beta-lactam	No resistance	0	
91Csv-CMPN001x13_260114_LH00793_B23GCKKLT3	piperacillin	beta-lactam	No resistance	0	
91Csv-CMPN001x13_260114_LH00793_B23GCKKLT3	piperacillin+tazobactam	beta-lactam	No resistance	0	
91Csv-CMPN001x13_260114_LH00793_B23GCKKLT3	unknown beta-lactam	beta-lactam	No resistance	0	
91Csv-CMPN001x13_260114_LH00793_B23GCKKLT3	aztreonam	beta-lactam	No resistance	0	
91Csv-CMPN001x13_260114_LH00793_B23GCKKLT3	cefotaxime+clavulanic acid	beta-lactam	No resistance	0	
91Csv-CMPN001x13_260114_LH00793_B23GCKKLT3	temocillin	beta-lactam	No resistance	0	
91Csv-CMPN001x13_260114_LH00793_B23GCKKLT3	ticarcillin	beta-lactam	No resistance	0	
91Csv-CMPN001x13_260114_LH00793_B23GCKKLT3	ceftazidime+avibactam	beta-lactam	No resistance	0	
91Csv-CMPN001x13_260114_LH00793_B23GCKKLT3	penicillin	beta-lactam	No resistance	0	
91Csv-CMPN001x13_260114_LH00793_B23GCKKLT3	ceftriaxone	beta-lactam	No resistance	0	
91Csv-CMPN001x13_260114_LH00793_B23GCKKLT3	ticarcillin+clavulanic acid	beta-lactam	No resistance	0	
91Csv-CMPN001x13_260114_LH00793_B23GCKKLT3	cephalothin	beta-lactam	No resistance	0	
91Csv-CMPN001x13_260114_LH00793_B23GCKKLT3	piperacillin+clavulanic acid	beta-lactam	No resistance	0	
91Csv-CMPN001x13_260114_LH00793_B23GCKKLT3	ceftiofur	under_development	No resistance	0	
91Csv-CMPN001x13_260114_LH00793_B23GCKKLT3	sulfamethoxazole	folate pathway antagonist	No resistance	0	
91Csv-CMPN001x13_260114_LH00793_B23GCKKLT3	trimethoprim	folate pathway antagonist	No resistance	0	
91Csv-CMPN001x13_260114_LH00793_B23GCKKLT3	fosfomycin	fosfomycin	No resistance	0	
91Csv-CMPN001x13_260114_LH00793_B23GCKKLT3	vancomycin	glycopeptide	No resistance	0	
91Csv-CMPN001x13_260114_LH00793_B23GCKKLT3	teicoplanin	glycopeptide	No resistance	0	
91Csv-CMPN001x13_260114_LH00793_B23GCKKLT3	bleomycin	glycopeptide	No resistance	0	
91Csv-CMPN001x13_260114_LH00793_B23GCKKLT3	lincomycin	lincosamide	Resistant	3	erm(B) (erm(B)_U86375)
91Csv-CMPN001x13_260114_LH00793_B23GCKKLT3	clindamycin	lincosamide	Resistant	3	erm(B) (erm(B)_U86375)
91Csv-CMPN001x13_260114_LH00793_B23GCKKLT3	dalfopristin	streptogramin a	No resistance	0	
91Csv-CMPN001x13_260114_LH00793_B23GCKKLT3	pristinamycin iia	streptogramin a	No resistance	0	
91Csv-CMPN001x13_260114_LH00793_B23GCKKLT3	virginiamycin m	streptogramin a	No resistance	0	
91Csv-CMPN001x13_260114_LH00793_B23GCKKLT3	quinupristin+dalfopristin	streptogramin a	No resistance	0	
91Csv-CMPN001x13_260114_LH00793_B23GCKKLT3	tiamulin	pleuromutilin	No resistance	0	
91Csv-CMPN001x13_260114_LH00793_B23GCKKLT3	carbomycin	macrolide	No resistance	0	
91Csv-CMPN001x13_260114_LH00793_B23GCKKLT3	erythromycin	macrolide	Resistant	3	msr(D) (msr(D)_AF274302), mef(A) (mef(A)_U83667), erm(B) (erm(B)_U86375)
91Csv-CMPN001x13_260114_LH00793_B23GCKKLT3	azithromycin	macrolide	Resistant	3	msr(D) (msr(D)_AF274302), mef(A) (mef(A)_U83667)
91Csv-CMPN001x13_260114_LH00793_B23GCKKLT3	oleandomycin	macrolide	No resistance	0	
91Csv-CMPN001x13_260114_LH00793_B23GCKKLT3	spiramycin	macrolide	No resistance	0	
91Csv-CMPN001x13_260114_LH00793_B23GCKKLT3	tylosin	macrolide	No resistance	0	
91Csv-CMPN001x13_260114_LH00793_B23GCKKLT3	telithromycin	macrolide	Resistant	2	msr(D) (msr(D)_AF274302)
91Csv-CMPN001x13_260114_LH00793_B23GCKKLT3	tetracycline	tetracycline	Resistant	2	tet(M) (tet(M)_X75073)
91Csv-CMPN001x13_260114_LH00793_B23GCKKLT3	doxycycline	tetracycline	Resistant	2	tet(M) (tet(M)_X75073)
91Csv-CMPN001x13_260114_LH00793_B23GCKKLT3	minocycline	tetracycline	Resistant	2	tet(M) (tet(M)_X75073)
91Csv-CMPN001x13_260114_LH00793_B23GCKKLT3	tigecycline	tetracycline	No resistance	0	
91Csv-CMPN001x13_260114_LH00793_B23GCKKLT3	quinupristin	streptogramin b	Resistant	3	msr(D) (msr(D)_AF274302), erm(B) (erm(B)_U86375)
91Csv-CMPN001x13_260114_LH00793_B23GCKKLT3	pristinamycin ia	streptogramin b	Resistant	3	msr(D) (msr(D)_AF274302), erm(B) (erm(B)_U86375)
91Csv-CMPN001x13_260114_LH00793_B23GCKKLT3	virginiamycin s	streptogramin b	Resistant	3	msr(D) (msr(D)_AF274302), erm(B) (erm(B)_U86375)
91Csv-CMPN001x13_260114_LH00793_B23GCKKLT3	linezolid	oxazolidinone	No resistance	0	
91Csv-CMPN001x13_260114_LH00793_B23GCKKLT3	chloramphenicol	amphenicol	No resistance	0	
91Csv-CMPN001x13_260114_LH00793_B23GCKKLT3	florfenicol	amphenicol	No resistance	0	
91Csv-CMPN001x13_260114_LH00793_B23GCKKLT3	colistin	polymyxin	No resistance	0	
91Csv-CMPN001x13_260114_LH00793_B23GCKKLT3	fusidic acid	steroid antibacterial	No resistance	0	
91Csv-CMPN001x13_260114_LH00793_B23GCKKLT3	mupirocin	pseudomonic acid	No resistance	0	
91Csv-CMPN001x13_260114_LH00793_B23GCKKLT3	rifampicin	rifamycin	No resistance	0	
91Csv-CMPN001x13_260114_LH00793_B23GCKKLT3	metronidazole	nitroimidazole	No resistance	0	
91Csv-CMPN001x13_260114_LH00793_B23GCKKLT3	narasin	ionophores	No resistance	0	
91Csv-CMPN001x13_260114_LH00793_B23GCKKLT3	salinomycin	ionophores	No resistance	0	
91Csv-CMPN001x13_260114_LH00793_B23GCKKLT3	maduramicin	ionophores	No resistance	0	
97Csv-CMPN001x17_260114_LH00793_B23GCKKLT3	gentamicin	aminoglycoside	No resistance	0	
97Csv-CMPN001x17_260114_LH00793_B23GCKKLT3	tobramycin	aminoglycoside	No resistance	0	
97Csv-CMPN001x17_260114_LH00793_B23GCKKLT3	streptomycin	aminoglycoside	No resistance	0	
97Csv-CMPN001x17_260114_LH00793_B23GCKKLT3	amikacin	aminoglycoside	No resistance	0	
97Csv-CMPN001x17_260114_LH00793_B23GCKKLT3	isepamicin	aminoglycoside	No resistance	0	
97Csv-CMPN001x17_260114_LH00793_B23GCKKLT3	dibekacin	aminoglycoside	No resistance	0	
97Csv-CMPN001x17_260114_LH00793_B23GCKKLT3	kanamycin	aminoglycoside	No resistance	0	
97Csv-CMPN001x17_260114_LH00793_B23GCKKLT3	neomycin	aminoglycoside	No resistance	0	
97Csv-CMPN001x17_260114_LH00793_B23GCKKLT3	lividomycin	aminoglycoside	No resistance	0	
97Csv-CMPN001x17_260114_LH00793_B23GCKKLT3	paromomycin	aminoglycoside	No resistance	0	
97Csv-CMPN001x17_260114_LH00793_B23GCKKLT3	ribostamycin	aminoglycoside	No resistance	0	
97Csv-CMPN001x17_260114_LH00793_B23GCKKLT3	unknown aminoglycoside	aminoglycoside	No resistance	0	
97Csv-CMPN001x17_260114_LH00793_B23GCKKLT3	butiromycin	aminoglycoside	No resistance	0	
97Csv-CMPN001x17_260114_LH00793_B23GCKKLT3	butirosin	aminoglycoside	No resistance	0	
97Csv-CMPN001x17_260114_LH00793_B23GCKKLT3	hygromycin	aminoglycoside	No resistance	0	
97Csv-CMPN001x17_260114_LH00793_B23GCKKLT3	netilmicin	aminoglycoside	No resistance	0	
97Csv-CMPN001x17_260114_LH00793_B23GCKKLT3	apramycin	aminoglycoside	No resistance	0	
97Csv-CMPN001x17_260114_LH00793_B23GCKKLT3	sisomicin	aminoglycoside	No resistance	0	
97Csv-CMPN001x17_260114_LH00793_B23GCKKLT3	arbekacin	aminoglycoside	No resistance	0	
97Csv-CMPN001x17_260114_LH00793_B23GCKKLT3	kasugamycin	aminoglycoside	No resistance	0	
97Csv-CMPN001x17_260114_LH00793_B23GCKKLT3	astromicin	aminoglycoside	No resistance	0	
97Csv-CMPN001x17_260114_LH00793_B23GCKKLT3	fortimicin	aminoglycoside	No resistance	0	
97Csv-CMPN001x17_260114_LH00793_B23GCKKLT3	spectinomycin	aminocyclitol	No resistance	0	
97Csv-CMPN001x17_260114_LH00793_B23GCKKLT3	fluoroquinolone	quinolone	No resistance	0	
97Csv-CMPN001x17_260114_LH00793_B23GCKKLT3	ciprofloxacin	quinolone	No resistance	0	
97Csv-CMPN001x17_260114_LH00793_B23GCKKLT3	unknown quinolone	quinolone	No resistance	0	
97Csv-CMPN001x17_260114_LH00793_B23GCKKLT3	nalidixic acid	quinolone	No resistance	0	
97Csv-CMPN001x17_260114_LH00793_B23GCKKLT3	amoxicillin	beta-lactam	No resistance	0	
97Csv-CMPN001x17_260114_LH00793_B23GCKKLT3	amoxicillin+clavulanic acid	beta-lactam	No resistance	0	
97Csv-CMPN001x17_260114_LH00793_B23GCKKLT3	ampicillin	beta-lactam	No resistance	0	
97Csv-CMPN001x17_260114_LH00793_B23GCKKLT3	ampicillin+clavulanic acid	beta-lactam	No resistance	0	
97Csv-CMPN001x17_260114_LH00793_B23GCKKLT3	cefepime	beta-lactam	No resistance	0	
97Csv-CMPN001x17_260114_LH00793_B23GCKKLT3	cefixime	beta-lactam	No resistance	0	
97Csv-CMPN001x17_260114_LH00793_B23GCKKLT3	cefotaxime	beta-lactam	No resistance	0	
97Csv-CMPN001x17_260114_LH00793_B23GCKKLT3	cefoxitin	beta-lactam	No resistance	0	
97Csv-CMPN001x17_260114_LH00793_B23GCKKLT3	ceftazidime	beta-lactam	No resistance	0	
97Csv-CMPN001x17_260114_LH00793_B23GCKKLT3	ertapenem	beta-lactam	No resistance	0	
97Csv-CMPN001x17_260114_LH00793_B23GCKKLT3	imipenem	beta-lactam	No resistance	0	
97Csv-CMPN001x17_260114_LH00793_B23GCKKLT3	meropenem	beta-lactam	No resistance	0	
97Csv-CMPN001x17_260114_LH00793_B23GCKKLT3	piperacillin	beta-lactam	No resistance	0	
97Csv-CMPN001x17_260114_LH00793_B23GCKKLT3	piperacillin+tazobactam	beta-lactam	No resistance	0	
97Csv-CMPN001x17_260114_LH00793_B23GCKKLT3	unknown beta-lactam	beta-lactam	No resistance	0	
97Csv-CMPN001x17_260114_LH00793_B23GCKKLT3	aztreonam	beta-lactam	No resistance	0	
97Csv-CMPN001x17_260114_LH00793_B23GCKKLT3	cefotaxime+clavulanic acid	beta-lactam	No resistance	0	
97Csv-CMPN001x17_260114_LH00793_B23GCKKLT3	temocillin	beta-lactam	No resistance	0	
97Csv-CMPN001x17_260114_LH00793_B23GCKKLT3	ticarcillin	beta-lactam	No resistance	0	
97Csv-CMPN001x17_260114_LH00793_B23GCKKLT3	ceftazidime+avibactam	beta-lactam	No resistance	0	
97Csv-CMPN001x17_260114_LH00793_B23GCKKLT3	penicillin	beta-lactam	No resistance	0	
97Csv-CMPN001x17_260114_LH00793_B23GCKKLT3	ceftriaxone	beta-lactam	No resistance	0	
97Csv-CMPN001x17_260114_LH00793_B23GCKKLT3	ticarcillin+clavulanic acid	beta-lactam	No resistance	0	
97Csv-CMPN001x17_260114_LH00793_B23GCKKLT3	cephalothin	beta-lactam	No resistance	0	
97Csv-CMPN001x17_260114_LH00793_B23GCKKLT3	piperacillin+clavulanic acid	beta-lactam	No resistance	0	
97Csv-CMPN001x17_260114_LH00793_B23GCKKLT3	ceftiofur	under_development	No resistance	0	
97Csv-CMPN001x17_260114_LH00793_B23GCKKLT3	sulfamethoxazole	folate pathway antagonist	No resistance	0	
97Csv-CMPN001x17_260114_LH00793_B23GCKKLT3	trimethoprim	folate pathway antagonist	No resistance	0	
97Csv-CMPN001x17_260114_LH00793_B23GCKKLT3	fosfomycin	fosfomycin	No resistance	0	
97Csv-CMPN001x17_260114_LH00793_B23GCKKLT3	vancomycin	glycopeptide	No resistance	0	
97Csv-CMPN001x17_260114_LH00793_B23GCKKLT3	teicoplanin	glycopeptide	No resistance	0	
97Csv-CMPN001x17_260114_LH00793_B23GCKKLT3	bleomycin	glycopeptide	No resistance	0	
97Csv-CMPN001x17_260114_LH00793_B23GCKKLT3	lincomycin	lincosamide	Resistant	3	lsa(C) (lsa(C)_HM990671), erm(B) (erm(B)_U86375)
97Csv-CMPN001x17_260114_LH00793_B23GCKKLT3	clindamycin	lincosamide	Resistant	3	lsa(C) (lsa(C)_HM990671), erm(B) (erm(B)_U86375)
97Csv-CMPN001x17_260114_LH00793_B23GCKKLT3	dalfopristin	streptogramin a	Resistant	2	lsa(C) (lsa(C)_HM990671)
97Csv-CMPN001x17_260114_LH00793_B23GCKKLT3	pristinamycin iia	streptogramin a	Resistant	2	lsa(C) (lsa(C)_HM990671)
97Csv-CMPN001x17_260114_LH00793_B23GCKKLT3	virginiamycin m	streptogramin a	Resistant	2	lsa(C) (lsa(C)_HM990671)
97Csv-CMPN001x17_260114_LH00793_B23GCKKLT3	quinupristin+dalfopristin	streptogramin a	No resistance	0	
97Csv-CMPN001x17_260114_LH00793_B23GCKKLT3	tiamulin	pleuromutilin	Resistant	2	lsa(C) (lsa(C)_HM990671)
97Csv-CMPN001x17_260114_LH00793_B23GCKKLT3	carbomycin	macrolide	No resistance	0	
97Csv-CMPN001x17_260114_LH00793_B23GCKKLT3	erythromycin	macrolide	Resistant	3	msr(D) (msr(D)_AF274302), mef(A) (mef(A)_U83667), erm(B) (erm(B)_U86375)
97Csv-CMPN001x17_260114_LH00793_B23GCKKLT3	azithromycin	macrolide	Resistant	3	msr(D) (msr(D)_AF274302), mef(A) (mef(A)_U83667)
97Csv-CMPN001x17_260114_LH00793_B23GCKKLT3	oleandomycin	macrolide	No resistance	0	
97Csv-CMPN001x17_260114_LH00793_B23GCKKLT3	spiramycin	macrolide	No resistance	0	
97Csv-CMPN001x17_260114_LH00793_B23GCKKLT3	tylosin	macrolide	No resistance	0	
97Csv-CMPN001x17_260114_LH00793_B23GCKKLT3	telithromycin	macrolide	Resistant	2	msr(D) (msr(D)_AF274302)
97Csv-CMPN001x17_260114_LH00793_B23GCKKLT3	tetracycline	tetracycline	Resistant	2	tet(M) (tet(M)_X75073)
97Csv-CMPN001x17_260114_LH00793_B23GCKKLT3	doxycycline	tetracycline	Resistant	2	tet(M) (tet(M)_X75073)
97Csv-CMPN001x17_260114_LH00793_B23GCKKLT3	minocycline	tetracycline	Resistant	2	tet(M) (tet(M)_X75073)
97Csv-CMPN001x17_260114_LH00793_B23GCKKLT3	tigecycline	tetracycline	No resistance	0	
97Csv-CMPN001x17_260114_LH00793_B23GCKKLT3	quinupristin	streptogramin b	Resistant	3	msr(D) (msr(D)_AF274302), erm(B) (erm(B)_U86375)
97Csv-CMPN001x17_260114_LH00793_B23GCKKLT3	pristinamycin ia	streptogramin b	Resistant	3	msr(D) (msr(D)_AF274302), erm(B) (erm(B)_U86375)
97Csv-CMPN001x17_260114_LH00793_B23GCKKLT3	virginiamycin s	streptogramin b	Resistant	3	msr(D) (msr(D)_AF274302), erm(B) (erm(B)_U86375)
97Csv-CMPN001x17_260114_LH00793_B23GCKKLT3	linezolid	oxazolidinone	No resistance	0	
97Csv-CMPN001x17_260114_LH00793_B23GCKKLT3	chloramphenicol	amphenicol	No resistance	0	
97Csv-CMPN001x17_260114_LH00793_B23GCKKLT3	florfenicol	amphenicol	No resistance	0	
97Csv-CMPN001x17_260114_LH00793_B23GCKKLT3	colistin	polymyxin	No resistance	0	
97Csv-CMPN001x17_260114_LH00793_B23GCKKLT3	fusidic acid	steroid antibacterial	No resistance	0	
97Csv-CMPN001x17_260114_LH00793_B23GCKKLT3	mupirocin	pseudomonic acid	No resistance	0	
97Csv-CMPN001x17_260114_LH00793_B23GCKKLT3	rifampicin	rifamycin	No resistance	0	
97Csv-CMPN001x17_260114_LH00793_B23GCKKLT3	metronidazole	nitroimidazole	No resistance	0	
97Csv-CMPN001x17_260114_LH00793_B23GCKKLT3	narasin	ionophores	No resistance	0	
97Csv-CMPN001x17_260114_LH00793_B23GCKKLT3	salinomycin	ionophores	No resistance	0	
97Csv-CMPN001x17_260114_LH00793_B23GCKKLT3	maduramicin	ionophores	No resistance	0	
98Cap-CMPN001x19_260114_LH00793_B23GCKKLT3	gentamicin	aminoglycoside	No resistance	0	
98Cap-CMPN001x19_260114_LH00793_B23GCKKLT3	tobramycin	aminoglycoside	No resistance	0	
98Cap-CMPN001x19_260114_LH00793_B23GCKKLT3	streptomycin	aminoglycoside	No resistance	0	
98Cap-CMPN001x19_260114_LH00793_B23GCKKLT3	amikacin	aminoglycoside	No resistance	0	
98Cap-CMPN001x19_260114_LH00793_B23GCKKLT3	isepamicin	aminoglycoside	No resistance	0	
98Cap-CMPN001x19_260114_LH00793_B23GCKKLT3	dibekacin	aminoglycoside	No resistance	0	
98Cap-CMPN001x19_260114_LH00793_B23GCKKLT3	kanamycin	aminoglycoside	No resistance	0	
98Cap-CMPN001x19_260114_LH00793_B23GCKKLT3	neomycin	aminoglycoside	No resistance	0	
98Cap-CMPN001x19_260114_LH00793_B23GCKKLT3	lividomycin	aminoglycoside	No resistance	0	
98Cap-CMPN001x19_260114_LH00793_B23GCKKLT3	paromomycin	aminoglycoside	No resistance	0	
98Cap-CMPN001x19_260114_LH00793_B23GCKKLT3	ribostamycin	aminoglycoside	No resistance	0	
98Cap-CMPN001x19_260114_LH00793_B23GCKKLT3	unknown aminoglycoside	aminoglycoside	No resistance	0	
98Cap-CMPN001x19_260114_LH00793_B23GCKKLT3	butiromycin	aminoglycoside	No resistance	0	
98Cap-CMPN001x19_260114_LH00793_B23GCKKLT3	butirosin	aminoglycoside	No resistance	0	
98Cap-CMPN001x19_260114_LH00793_B23GCKKLT3	hygromycin	aminoglycoside	No resistance	0	
98Cap-CMPN001x19_260114_LH00793_B23GCKKLT3	netilmicin	aminoglycoside	No resistance	0	
98Cap-CMPN001x19_260114_LH00793_B23GCKKLT3	apramycin	aminoglycoside	No resistance	0	
98Cap-CMPN001x19_260114_LH00793_B23GCKKLT3	sisomicin	aminoglycoside	No resistance	0	
98Cap-CMPN001x19_260114_LH00793_B23GCKKLT3	arbekacin	aminoglycoside	No resistance	0	
98Cap-CMPN001x19_260114_LH00793_B23GCKKLT3	kasugamycin	aminoglycoside	No resistance	0	
98Cap-CMPN001x19_260114_LH00793_B23GCKKLT3	astromicin	aminoglycoside	No resistance	0	
98Cap-CMPN001x19_260114_LH00793_B23GCKKLT3	fortimicin	aminoglycoside	No resistance	0	
98Cap-CMPN001x19_260114_LH00793_B23GCKKLT3	spectinomycin	aminocyclitol	No resistance	0	
98Cap-CMPN001x19_260114_LH00793_B23GCKKLT3	fluoroquinolone	quinolone	No resistance	0	
98Cap-CMPN001x19_260114_LH00793_B23GCKKLT3	ciprofloxacin	quinolone	No resistance	0	
98Cap-CMPN001x19_260114_LH00793_B23GCKKLT3	unknown quinolone	quinolone	No resistance	0	
98Cap-CMPN001x19_260114_LH00793_B23GCKKLT3	nalidixic acid	quinolone	No resistance	0	
98Cap-CMPN001x19_260114_LH00793_B23GCKKLT3	amoxicillin	beta-lactam	No resistance	0	
98Cap-CMPN001x19_260114_LH00793_B23GCKKLT3	amoxicillin+clavulanic acid	beta-lactam	No resistance	0	
98Cap-CMPN001x19_260114_LH00793_B23GCKKLT3	ampicillin	beta-lactam	No resistance	0	
98Cap-CMPN001x19_260114_LH00793_B23GCKKLT3	ampicillin+clavulanic acid	beta-lactam	No resistance	0	
98Cap-CMPN001x19_260114_LH00793_B23GCKKLT3	cefepime	beta-lactam	No resistance	0	
98Cap-CMPN001x19_260114_LH00793_B23GCKKLT3	cefixime	beta-lactam	No resistance	0	
98Cap-CMPN001x19_260114_LH00793_B23GCKKLT3	cefotaxime	beta-lactam	No resistance	0	
98Cap-CMPN001x19_260114_LH00793_B23GCKKLT3	cefoxitin	beta-lactam	No resistance	0	
98Cap-CMPN001x19_260114_LH00793_B23GCKKLT3	ceftazidime	beta-lactam	No resistance	0	
98Cap-CMPN001x19_260114_LH00793_B23GCKKLT3	ertapenem	beta-lactam	No resistance	0	
98Cap-CMPN001x19_260114_LH00793_B23GCKKLT3	imipenem	beta-lactam	No resistance	0	
98Cap-CMPN001x19_260114_LH00793_B23GCKKLT3	meropenem	beta-lactam	No resistance	0	
98Cap-CMPN001x19_260114_LH00793_B23GCKKLT3	piperacillin	beta-lactam	No resistance	0	
98Cap-CMPN001x19_260114_LH00793_B23GCKKLT3	piperacillin+tazobactam	beta-lactam	No resistance	0	
98Cap-CMPN001x19_260114_LH00793_B23GCKKLT3	unknown beta-lactam	beta-lactam	No resistance	0	
98Cap-CMPN001x19_260114_LH00793_B23GCKKLT3	aztreonam	beta-lactam	No resistance	0	
98Cap-CMPN001x19_260114_LH00793_B23GCKKLT3	cefotaxime+clavulanic acid	beta-lactam	No resistance	0	
98Cap-CMPN001x19_260114_LH00793_B23GCKKLT3	temocillin	beta-lactam	No resistance	0	
98Cap-CMPN001x19_260114_LH00793_B23GCKKLT3	ticarcillin	beta-lactam	No resistance	0	
98Cap-CMPN001x19_260114_LH00793_B23GCKKLT3	ceftazidime+avibactam	beta-lactam	No resistance	0	
98Cap-CMPN001x19_260114_LH00793_B23GCKKLT3	penicillin	beta-lactam	No resistance	0	
98Cap-CMPN001x19_260114_LH00793_B23GCKKLT3	ceftriaxone	beta-lactam	No resistance	0	
98Cap-CMPN001x19_260114_LH00793_B23GCKKLT3	ticarcillin+clavulanic acid	beta-lactam	No resistance	0	
98Cap-CMPN001x19_260114_LH00793_B23GCKKLT3	cephalothin	beta-lactam	No resistance	0	
98Cap-CMPN001x19_260114_LH00793_B23GCKKLT3	piperacillin+clavulanic acid	beta-lactam	No resistance	0	
98Cap-CMPN001x19_260114_LH00793_B23GCKKLT3	ceftiofur	under_development	No resistance	0	
98Cap-CMPN001x19_260114_LH00793_B23GCKKLT3	sulfamethoxazole	folate pathway antagonist	No resistance	0	
98Cap-CMPN001x19_260114_LH00793_B23GCKKLT3	trimethoprim	folate pathway antagonist	No resistance	0	
98Cap-CMPN001x19_260114_LH00793_B23GCKKLT3	fosfomycin	fosfomycin	No resistance	0	
98Cap-CMPN001x19_260114_LH00793_B23GCKKLT3	vancomycin	glycopeptide	No resistance	0	
98Cap-CMPN001x19_260114_LH00793_B23GCKKLT3	teicoplanin	glycopeptide	No resistance	0	
98Cap-CMPN001x19_260114_LH00793_B23GCKKLT3	bleomycin	glycopeptide	No resistance	0	
98Cap-CMPN001x19_260114_LH00793_B23GCKKLT3	lincomycin	lincosamide	Resistant	2	erm(B) (erm(B)_X72021), erm(B) (erm(B)_JN899585)
98Cap-CMPN001x19_260114_LH00793_B23GCKKLT3	clindamycin	lincosamide	Resistant	2	erm(B) (erm(B)_X72021), erm(B) (erm(B)_JN899585)
98Cap-CMPN001x19_260114_LH00793_B23GCKKLT3	dalfopristin	streptogramin a	No resistance	0	
98Cap-CMPN001x19_260114_LH00793_B23GCKKLT3	pristinamycin iia	streptogramin a	No resistance	0	
98Cap-CMPN001x19_260114_LH00793_B23GCKKLT3	virginiamycin m	streptogramin a	No resistance	0	
98Cap-CMPN001x19_260114_LH00793_B23GCKKLT3	quinupristin+dalfopristin	streptogramin a	No resistance	0	
98Cap-CMPN001x19_260114_LH00793_B23GCKKLT3	tiamulin	pleuromutilin	No resistance	0	
98Cap-CMPN001x19_260114_LH00793_B23GCKKLT3	carbomycin	macrolide	No resistance	0	
98Cap-CMPN001x19_260114_LH00793_B23GCKKLT3	erythromycin	macrolide	Resistant	3	msr(D) (msr(D)_AF274302), mef(A) (mef(A)_U83667), erm(B) (erm(B)_X72021), erm(B) (erm(B)_JN899585)
98Cap-CMPN001x19_260114_LH00793_B23GCKKLT3	azithromycin	macrolide	Resistant	3	msr(D) (msr(D)_AF274302), mef(A) (mef(A)_U83667)
98Cap-CMPN001x19_260114_LH00793_B23GCKKLT3	oleandomycin	macrolide	No resistance	0	
98Cap-CMPN001x19_260114_LH00793_B23GCKKLT3	spiramycin	macrolide	No resistance	0	
98Cap-CMPN001x19_260114_LH00793_B23GCKKLT3	tylosin	macrolide	No resistance	0	
98Cap-CMPN001x19_260114_LH00793_B23GCKKLT3	telithromycin	macrolide	Resistant	3	msr(D) (msr(D)_AF274302)
98Cap-CMPN001x19_260114_LH00793_B23GCKKLT3	tetracycline	tetracycline	Resistant	2	tet(M) (tet(M)_FR671418), tetA(46) (tetA(46)_HQ652506), tetB(46) (tetB(46)_HQ652506)
98Cap-CMPN001x19_260114_LH00793_B23GCKKLT3	doxycycline	tetracycline	Resistant	2	tet(M) (tet(M)_FR671418), tetA(46) (tetA(46)_HQ652506), tetB(46) (tetB(46)_HQ652506)
98Cap-CMPN001x19_260114_LH00793_B23GCKKLT3	minocycline	tetracycline	Resistant	2	tet(M) (tet(M)_FR671418)
98Cap-CMPN001x19_260114_LH00793_B23GCKKLT3	tigecycline	tetracycline	Resistant	2	tetA(46) (tetA(46)_HQ652506), tetB(46) (tetB(46)_HQ652506)
98Cap-CMPN001x19_260114_LH00793_B23GCKKLT3	quinupristin	streptogramin b	Resistant	3	msr(D) (msr(D)_AF274302), erm(B) (erm(B)_X72021), erm(B) (erm(B)_JN899585)
98Cap-CMPN001x19_260114_LH00793_B23GCKKLT3	pristinamycin ia	streptogramin b	Resistant	3	msr(D) (msr(D)_AF274302), erm(B) (erm(B)_X72021), erm(B) (erm(B)_JN899585)
98Cap-CMPN001x19_260114_LH00793_B23GCKKLT3	virginiamycin s	streptogramin b	Resistant	3	msr(D) (msr(D)_AF274302), erm(B) (erm(B)_X72021), erm(B) (erm(B)_JN899585)
98Cap-CMPN001x19_260114_LH00793_B23GCKKLT3	linezolid	oxazolidinone	No resistance	0	
98Cap-CMPN001x19_260114_LH00793_B23GCKKLT3	chloramphenicol	amphenicol	No resistance	0	
98Cap-CMPN001x19_260114_LH00793_B23GCKKLT3	florfenicol	amphenicol	No resistance	0	
98Cap-CMPN001x19_260114_LH00793_B23GCKKLT3	colistin	polymyxin	No resistance	0	
98Cap-CMPN001x19_260114_LH00793_B23GCKKLT3	fusidic acid	steroid antibacterial	No resistance	0	
98Cap-CMPN001x19_260114_LH00793_B23GCKKLT3	mupirocin	pseudomonic acid	No resistance	0	
98Cap-CMPN001x19_260114_LH00793_B23GCKKLT3	rifampicin	rifamycin	No resistance	0	
98Cap-CMPN001x19_260114_LH00793_B23GCKKLT3	metronidazole	nitroimidazole	No resistance	0	
98Cap-CMPN001x19_260114_LH00793_B23GCKKLT3	narasin	ionophores	No resistance	0	
98Cap-CMPN001x19_260114_LH00793_B23GCKKLT3	salinomycin	ionophores	No resistance	0	
98Cap-CMPN001x19_260114_LH00793_B23GCKKLT3	maduramicin	ionophores	No resistance	0	
CMPN001xneg96-CMPN001xneg96_260114_LH00793_B23GCKKLT3	gentamicin	aminoglycoside	No resistance	0	
CMPN001xneg96-CMPN001xneg96_260114_LH00793_B23GCKKLT3	tobramycin	aminoglycoside	No resistance	0	
CMPN001xneg96-CMPN001xneg96_260114_LH00793_B23GCKKLT3	streptomycin	aminoglycoside	No resistance	0	
CMPN001xneg96-CMPN001xneg96_260114_LH00793_B23GCKKLT3	amikacin	aminoglycoside	No resistance	0	
CMPN001xneg96-CMPN001xneg96_260114_LH00793_B23GCKKLT3	isepamicin	aminoglycoside	No resistance	0	
CMPN001xneg96-CMPN001xneg96_260114_LH00793_B23GCKKLT3	dibekacin	aminoglycoside	No resistance	0	
CMPN001xneg96-CMPN001xneg96_260114_LH00793_B23GCKKLT3	kanamycin	aminoglycoside	No resistance	0	
CMPN001xneg96-CMPN001xneg96_260114_LH00793_B23GCKKLT3	neomycin	aminoglycoside	No resistance	0	
CMPN001xneg96-CMPN001xneg96_260114_LH00793_B23GCKKLT3	lividomycin	aminoglycoside	No resistance	0	
CMPN001xneg96-CMPN001xneg96_260114_LH00793_B23GCKKLT3	paromomycin	aminoglycoside	No resistance	0	
CMPN001xneg96-CMPN001xneg96_260114_LH00793_B23GCKKLT3	ribostamycin	aminoglycoside	No resistance	0	
CMPN001xneg96-CMPN001xneg96_260114_LH00793_B23GCKKLT3	unknown aminoglycoside	aminoglycoside	No resistance	0	
CMPN001xneg96-CMPN001xneg96_260114_LH00793_B23GCKKLT3	butiromycin	aminoglycoside	No resistance	0	
CMPN001xneg96-CMPN001xneg96_260114_LH00793_B23GCKKLT3	butirosin	aminoglycoside	No resistance	0	
CMPN001xneg96-CMPN001xneg96_260114_LH00793_B23GCKKLT3	hygromycin	aminoglycoside	No resistance	0	
CMPN001xneg96-CMPN001xneg96_260114_LH00793_B23GCKKLT3	netilmicin	aminoglycoside	No resistance	0	
CMPN001xneg96-CMPN001xneg96_260114_LH00793_B23GCKKLT3	apramycin	aminoglycoside	No resistance	0	
CMPN001xneg96-CMPN001xneg96_260114_LH00793_B23GCKKLT3	sisomicin	aminoglycoside	No resistance	0	
CMPN001xneg96-CMPN001xneg96_260114_LH00793_B23GCKKLT3	arbekacin	aminoglycoside	No resistance	0	
CMPN001xneg96-CMPN001xneg96_260114_LH00793_B23GCKKLT3	kasugamycin	aminoglycoside	No resistance	0	
CMPN001xneg96-CMPN001xneg96_260114_LH00793_B23GCKKLT3	astromicin	aminoglycoside	No resistance	0	
CMPN001xneg96-CMPN001xneg96_260114_LH00793_B23GCKKLT3	fortimicin	aminoglycoside	No resistance	0	
CMPN001xneg96-CMPN001xneg96_260114_LH00793_B23GCKKLT3	spectinomycin	aminocyclitol	No resistance	0	
CMPN001xneg96-CMPN001xneg96_260114_LH00793_B23GCKKLT3	fluoroquinolone	quinolone	No resistance	0	
CMPN001xneg96-CMPN001xneg96_260114_LH00793_B23GCKKLT3	ciprofloxacin	quinolone	No resistance	0	
CMPN001xneg96-CMPN001xneg96_260114_LH00793_B23GCKKLT3	unknown quinolone	quinolone	No resistance	0	
CMPN001xneg96-CMPN001xneg96_260114_LH00793_B23GCKKLT3	nalidixic acid	quinolone	No resistance	0	
CMPN001xneg96-CMPN001xneg96_260114_LH00793_B23GCKKLT3	amoxicillin	beta-lactam	No resistance	0	
CMPN001xneg96-CMPN001xneg96_260114_LH00793_B23GCKKLT3	amoxicillin+clavulanic acid	beta-lactam	No resistance	0	
CMPN001xneg96-CMPN001xneg96_260114_LH00793_B23GCKKLT3	ampicillin	beta-lactam	No resistance	0	
CMPN001xneg96-CMPN001xneg96_260114_LH00793_B23GCKKLT3	ampicillin+clavulanic acid	beta-lactam	No resistance	0	
CMPN001xneg96-CMPN001xneg96_260114_LH00793_B23GCKKLT3	cefepime	beta-lactam	No resistance	0	
CMPN001xneg96-CMPN001xneg96_260114_LH00793_B23GCKKLT3	cefixime	beta-lactam	No resistance	0	
CMPN001xneg96-CMPN001xneg96_260114_LH00793_B23GCKKLT3	cefotaxime	beta-lactam	No resistance	0	
CMPN001xneg96-CMPN001xneg96_260114_LH00793_B23GCKKLT3	cefoxitin	beta-lactam	No resistance	0	
CMPN001xneg96-CMPN001xneg96_260114_LH00793_B23GCKKLT3	ceftazidime	beta-lactam	No resistance	0	
CMPN001xneg96-CMPN001xneg96_260114_LH00793_B23GCKKLT3	ertapenem	beta-lactam	No resistance	0	
CMPN001xneg96-CMPN001xneg96_260114_LH00793_B23GCKKLT3	imipenem	beta-lactam	No resistance	0	
CMPN001xneg96-CMPN001xneg96_260114_LH00793_B23GCKKLT3	meropenem	beta-lactam	No resistance	0	
CMPN001xneg96-CMPN001xneg96_260114_LH00793_B23GCKKLT3	piperacillin	beta-lactam	No resistance	0	
CMPN001xneg96-CMPN001xneg96_260114_LH00793_B23GCKKLT3	piperacillin+tazobactam	beta-lactam	No resistance	0	
CMPN001xneg96-CMPN001xneg96_260114_LH00793_B23GCKKLT3	unknown beta-lactam	beta-lactam	No resistance	0	
CMPN001xneg96-CMPN001xneg96_260114_LH00793_B23GCKKLT3	aztreonam	beta-lactam	No resistance	0	
CMPN001xneg96-CMPN001xneg96_260114_LH00793_B23GCKKLT3	cefotaxime+clavulanic acid	beta-lactam	No resistance	0	
CMPN001xneg96-CMPN001xneg96_260114_LH00793_B23GCKKLT3	temocillin	beta-lactam	No resistance	0	
CMPN001xneg96-CMPN001xneg96_260114_LH00793_B23GCKKLT3	ticarcillin	beta-lactam	No resistance	0	
CMPN001xneg96-CMPN001xneg96_260114_LH00793_B23GCKKLT3	ceftazidime+avibactam	beta-lactam	No resistance	0	
CMPN001xneg96-CMPN001xneg96_260114_LH00793_B23GCKKLT3	penicillin	beta-lactam	No resistance	0	
CMPN001xneg96-CMPN001xneg96_260114_LH00793_B23GCKKLT3	ceftriaxone	beta-lactam	No resistance	0	
CMPN001xneg96-CMPN001xneg96_260114_LH00793_B23GCKKLT3	ticarcillin+clavulanic acid	beta-lactam	No resistance	0	
CMPN001xneg96-CMPN001xneg96_260114_LH00793_B23GCKKLT3	cephalothin	beta-lactam	No resistance	0	
CMPN001xneg96-CMPN001xneg96_260114_LH00793_B23GCKKLT3	piperacillin+clavulanic acid	beta-lactam	No resistance	0	
CMPN001xneg96-CMPN001xneg96_260114_LH00793_B23GCKKLT3	ceftiofur	under_development	No resistance	0	
CMPN001xneg96-CMPN001xneg96_260114_LH00793_B23GCKKLT3	sulfamethoxazole	folate pathway antagonist	No resistance	0	
CMPN001xneg96-CMPN001xneg96_260114_LH00793_B23GCKKLT3	trimethoprim	folate pathway antagonist	No resistance	0	
CMPN001xneg96-CMPN001xneg96_260114_LH00793_B23GCKKLT3	fosfomycin	fosfomycin	No resistance	0	
CMPN001xneg96-CMPN001xneg96_260114_LH00793_B23GCKKLT3	vancomycin	glycopeptide	No resistance	0	
CMPN001xneg96-CMPN001xneg96_260114_LH00793_B23GCKKLT3	teicoplanin	glycopeptide	No resistance	0	
CMPN001xneg96-CMPN001xneg96_260114_LH00793_B23GCKKLT3	bleomycin	glycopeptide	No resistance	0	
CMPN001xneg96-CMPN001xneg96_260114_LH00793_B23GCKKLT3	lincomycin	lincosamide	No resistance	0	
CMPN001xneg96-CMPN001xneg96_260114_LH00793_B23GCKKLT3	clindamycin	lincosamide	No resistance	0	
CMPN001xneg96-CMPN001xneg96_260114_LH00793_B23GCKKLT3	dalfopristin	streptogramin a	No resistance	0	
CMPN001xneg96-CMPN001xneg96_260114_LH00793_B23GCKKLT3	pristinamycin iia	streptogramin a	No resistance	0	
CMPN001xneg96-CMPN001xneg96_260114_LH00793_B23GCKKLT3	virginiamycin m	streptogramin a	No resistance	0	
CMPN001xneg96-CMPN001xneg96_260114_LH00793_B23GCKKLT3	quinupristin+dalfopristin	streptogramin a	No resistance	0	
CMPN001xneg96-CMPN001xneg96_260114_LH00793_B23GCKKLT3	tiamulin	pleuromutilin	No resistance	0	
CMPN001xneg96-CMPN001xneg96_260114_LH00793_B23GCKKLT3	carbomycin	macrolide	No resistance	0	
CMPN001xneg96-CMPN001xneg96_260114_LH00793_B23GCKKLT3	erythromycin	macrolide	No resistance	0	
CMPN001xneg96-CMPN001xneg96_260114_LH00793_B23GCKKLT3	azithromycin	macrolide	No resistance	0	
CMPN001xneg96-CMPN001xneg96_260114_LH00793_B23GCKKLT3	oleandomycin	macrolide	No resistance	0	
CMPN001xneg96-CMPN001xneg96_260114_LH00793_B23GCKKLT3	spiramycin	macrolide	No resistance	0	
CMPN001xneg96-CMPN001xneg96_260114_LH00793_B23GCKKLT3	tylosin	macrolide	No resistance	0	
CMPN001xneg96-CMPN001xneg96_260114_LH00793_B23GCKKLT3	telithromycin	macrolide	No resistance	0	
CMPN001xneg96-CMPN001xneg96_260114_LH00793_B23GCKKLT3	tetracycline	tetracycline	No resistance	0	
CMPN001xneg96-CMPN001xneg96_260114_LH00793_B23GCKKLT3	doxycycline	tetracycline	No resistance	0	
CMPN001xneg96-CMPN001xneg96_260114_LH00793_B23GCKKLT3	minocycline	tetracycline	No resistance	0	
CMPN001xneg96-CMPN001xneg96_260114_LH00793_B23GCKKLT3	tigecycline	tetracycline	No resistance	0	
CMPN001xneg96-CMPN001xneg96_260114_LH00793_B23GCKKLT3	quinupristin	streptogramin b	No resistance	0	
CMPN001xneg96-CMPN001xneg96_260114_LH00793_B23GCKKLT3	pristinamycin ia	streptogramin b	No resistance	0	
CMPN001xneg96-CMPN001xneg96_260114_LH00793_B23GCKKLT3	virginiamycin s	streptogramin b	No resistance	0	
CMPN001xneg96-CMPN001xneg96_260114_LH00793_B23GCKKLT3	linezolid	oxazolidinone	No resistance	0	
CMPN001xneg96-CMPN001xneg96_260114_LH00793_B23GCKKLT3	chloramphenicol	amphenicol	No resistance	0	
CMPN001xneg96-CMPN001xneg96_260114_LH00793_B23GCKKLT3	florfenicol	amphenicol	No resistance	0	
CMPN001xneg96-CMPN001xneg96_260114_LH00793_B23GCKKLT3	colistin	polymyxin	No resistance	0	
CMPN001xneg96-CMPN001xneg96_260114_LH00793_B23GCKKLT3	fusidic acid	steroid antibacterial	No resistance	0	
CMPN001xneg96-CMPN001xneg96_260114_LH00793_B23GCKKLT3	mupirocin	pseudomonic acid	No resistance	0	
CMPN001xneg96-CMPN001xneg96_260114_LH00793_B23GCKKLT3	rifampicin	rifamycin	No resistance	0	
CMPN001xneg96-CMPN001xneg96_260114_LH00793_B23GCKKLT3	metronidazole	nitroimidazole	No resistance	0	
CMPN001xneg96-CMPN001xneg96_260114_LH00793_B23GCKKLT3	narasin	ionophores	No resistance	0	
CMPN001xneg96-CMPN001xneg96_260114_LH00793_B23GCKKLT3	salinomycin	ionophores	No resistance	0	
CMPN001xneg96-CMPN001xneg96_260114_LH00793_B23GCKKLT3	maduramicin	ionophores	No resistance	0	
